[{"model": "admin.logentry", "pk": 1, "fields": {"action_time": "2024-02-26T06:19:19.347Z", "user": 1, "content_type": 12, "object_id": "1", "object_repr": "L.D. college of engineering", "action_flag": 1, "change_message": "[{\"added\": {}}]"}}, {"model": "admin.logentry", "pk": 2, "fields": {"action_time": "2024-02-26T06:20:01.881Z", "user": 1, "content_type": 13, "object_id": "1", "object_repr": "Electronics And Communication", "action_flag": 1, "change_message": "[{\"added\": {}}]"}}, {"model": "admin.logentry", "pk": 3, "fields": {"action_time": "2024-02-26T06:20:42.822Z", "user": 1, "content_type": 9, "object_id": "1", "object_repr": "manavshah1011.ms@gmail.com", "action_flag": 1, "change_message": "[{\"added\": {}}]"}}, {"model": "admin.logentry", "pk": 4, "fields": {"action_time": "2024-02-26T06:21:02.477Z", "user": 1, "content_type": 13, "object_id": "1", "object_repr": "Electronics And Communication", "action_flag": 2, "change_message": "[{\"changed\": {\"fields\": [\"Admins\"]}}]"}}, {"model": "admin.logentry", "pk": 5, "fields": {"action_time": "2024-02-26T06:22:18.359Z", "user": 1, "content_type": 8, "object_id": "1", "object_repr": "manavshah1011.ms@gmail.com", "action_flag": 2, "change_message": "[{\"changed\": {\"fields\": [\"Name\", \"Ph no\", \"Role\", \"Gender\"]}}]"}}, {"model": "admin.logentry", "pk": 6, "fields": {"action_time": "2024-02-26T06:45:03.668Z", "user": 1, "content_type": 8, "object_id": "2", "object_repr": "photosonly1011@gmail.com", "action_flag": 3, "change_message": ""}}, {"model": "admin.logentry", "pk": 7, "fields": {"action_time": "2024-02-26T06:50:37.483Z", "user": 1, "content_type": 8, "object_id": "3", "object_repr": "photosonly1011@gmail.com", "action_flag": 3, "change_message": ""}}, {"model": "admin.logentry", "pk": 8, "fields": {"action_time": "2024-02-26T06:52:23.856Z", "user": 1, "content_type": 8, "object_id": "4", "object_repr": "chvithalani@ldce.ac.in", "action_flag": 2, "change_message": "[{\"changed\": {\"fields\": [\"Email address\", \"Gender\"]}}]"}}, {"model": "admin.logentry", "pk": 9, "fields": {"action_time": "2024-02-26T06:54:07.087Z", "user": 1, "content_type": 14, "object_id": "1", "object_repr": "Term - 2024 | 2025", "action_flag": 2, "change_message": "[{\"changed\": {\"fields\": [\"Status\"]}}]"}}, {"model": "admin.logentry", "pk": 10, "fields": {"action_time": "2024-02-26T08:23:54.367Z", "user": 1, "content_type": 8, "object_id": "168", "object_repr": "manav1011@mnv-dev.live", "action_flag": 2, "change_message": "[{\"changed\": {\"fields\": [\"Name\", \"Ph no\", \"Role\", \"Gender\", \"Active\"]}}]"}}, {"model": "admin.logentry", "pk": 11, "fields": {"action_time": "2024-02-26T08:23:54.547Z", "user": 1, "content_type": 8, "object_id": "168", "object_repr": "manav1011@mnv-dev.live", "action_flag": 2, "change_message": "[]"}}, {"model": "admin.logentry", "pk": 12, "fields": {"action_time": "2024-02-26T08:24:22.481Z", "user": 1, "content_type": 9, "object_id": "2", "object_repr": "manav1011@mnv-dev.live", "action_flag": 1, "change_message": "[{\"added\": {}}]"}}, {"model": "admin.logentry", "pk": 13, "fields": {"action_time": "2024-02-26T08:24:57.302Z", "user": 1, "content_type": 13, "object_id": "2", "object_repr": "Computer Engineering", "action_flag": 1, "change_message": "[{\"added\": {}}]"}}, {"model": "admin.logentry", "pk": 14, "fields": {"action_time": "2024-02-26T08:25:03.211Z", "user": 1, "content_type": 13, "object_id": "2", "object_repr": "Computer Engineering", "action_flag": 2, "change_message": "[]"}}, {"model": "admin.logentry", "pk": 15, "fields": {"action_time": "2024-02-26T08:25:09.064Z", "user": 1, "content_type": 13, "object_id": "1", "object_repr": "Electronics And Communication", "action_flag": 2, "change_message": "[]"}}, {"model": "admin.logentry", "pk": 16, "fields": {"action_time": "2024-02-26T08:25:15.667Z", "user": 1, "content_type": 13, "object_id": "2", "object_repr": "Computer Engineering", "action_flag": 2, "change_message": "[]"}}, {"model": "admin.logentry", "pk": 17, "fields": {"action_time": "2024-02-26T08:33:04.934Z", "user": 1, "content_type": 20, "object_id": "1", "object_repr": "GPSCoordinates object (1)", "action_flag": 1, "change_message": "[{\"added\": {}}]"}}, {"model": "admin.logentry", "pk": 18, "fields": {"action_time": "2024-02-26T08:34:35.113Z", "user": 1, "content_type": 21, "object_id": "1", "object_repr": "Upnishad Hall", "action_flag": 1, "change_message": "[{\"added\": {}}]"}}, {"model": "admin.logentry", "pk": 19, "fields": {"action_time": "2024-02-26T08:40:31.675Z", "user": 1, "content_type": 21, "object_id": "1", "object_repr": "Upnishad Hall", "action_flag": 2, "change_message": "[]"}}, {"model": "admin.logentry", "pk": 20, "fields": {"action_time": "2024-02-26T09:00:21.076Z", "user": 1, "content_type": 14, "object_id": "1", "object_repr": "Term - 2024 | 2025", "action_flag": 2, "change_message": "[]"}}, {"model": "admin.logentry", "pk": 21, "fields": {"action_time": "2024-02-26T09:00:24.475Z", "user": 1, "content_type": 14, "object_id": "2", "object_repr": "Term - 2023 | 2024", "action_flag": 2, "change_message": "[{\"changed\": {\"fields\": [\"Status\"]}}]"}}, {"model": "admin.logentry", "pk": 22, "fields": {"action_time": "2024-02-27T08:55:37.618Z", "user": 1, "content_type": 20, "object_id": "9", "object_repr": "E.C Dept", "action_flag": 2, "change_message": "[]"}}, {"model": "admin.logentry", "pk": 23, "fields": {"action_time": "2024-02-27T08:56:23.604Z", "user": 1, "content_type": 21, "object_id": "2", "object_repr": "953", "action_flag": 1, "change_message": "[{\"added\": {}}]"}}, {"model": "admin.logentry", "pk": 24, "fields": {"action_time": "2024-02-27T18:15:15.295Z", "user": 1, "content_type": 23, "object_id": "4", "object_repr": "theory - Theory of Computation", "action_flag": 3, "change_message": ""}}, {"model": "admin.logentry", "pk": 25, "fields": {"action_time": "2024-02-27T18:15:15.305Z", "user": 1, "content_type": 23, "object_id": "3", "object_repr": "theory - Theory of Computation", "action_flag": 3, "change_message": ""}}, {"model": "admin.logentry", "pk": 26, "fields": {"action_time": "2024-02-27T18:15:15.314Z", "user": 1, "content_type": 23, "object_id": "1", "object_repr": "theory - Theory of Computation", "action_flag": 3, "change_message": ""}}, {"model": "admin.logentry", "pk": 27, "fields": {"action_time": "2024-02-27T18:15:40.317Z", "user": 1, "content_type": 16, "object_id": "2", "object_repr": "Theory of Computation", "action_flag": 3, "change_message": ""}}, {"model": "admin.logentry", "pk": 28, "fields": {"action_time": "2024-02-27T18:16:17.462Z", "user": 1, "content_type": 17, "object_id": "1", "object_repr": "Division - A", "action_flag": 2, "change_message": "[]"}}, {"model": "admin.logentry", "pk": 29, "fields": {"action_time": "2024-02-27T18:16:19.567Z", "user": 1, "content_type": 17, "object_id": "2", "object_repr": "Division - B", "action_flag": 2, "change_message": "[]"}}, {"model": "admin.logentry", "pk": 30, "fields": {"action_time": "2024-02-27T18:16:21.667Z", "user": 1, "content_type": 17, "object_id": "3", "object_repr": "Division - A", "action_flag": 2, "change_message": "[]"}}, {"model": "admin.logentry", "pk": 31, "fields": {"action_time": "2024-02-27T18:16:24.078Z", "user": 1, "content_type": 17, "object_id": "4", "object_repr": "Division - B", "action_flag": 2, "change_message": "[]"}}, {"model": "admin.logentry", "pk": 32, "fields": {"action_time": "2024-02-27T18:16:27.301Z", "user": 1, "content_type": 17, "object_id": "5", "object_repr": "Division - C", "action_flag": 2, "change_message": "[]"}}, {"model": "admin.logentry", "pk": 33, "fields": {"action_time": "2024-02-27T18:16:30.441Z", "user": 1, "content_type": 17, "object_id": "4", "object_repr": "Division - B", "action_flag": 2, "change_message": "[]"}}, {"model": "admin.logentry", "pk": 34, "fields": {"action_time": "2024-02-27T18:16:33.851Z", "user": 1, "content_type": 17, "object_id": "5", "object_repr": "Division - C", "action_flag": 2, "change_message": "[]"}}, {"model": "admin.logentry", "pk": 35, "fields": {"action_time": "2024-02-27T18:16:48.774Z", "user": 1, "content_type": 19, "object_id": "5", "object_repr": "Division - 273919_1708936550", "action_flag": 2, "change_message": "[]"}}, {"model": "admin.logentry", "pk": 36, "fields": {"action_time": "2024-02-27T18:16:51.018Z", "user": 1, "content_type": 19, "object_id": "4", "object_repr": "Division - 280687_1708936544", "action_flag": 2, "change_message": "[]"}}, {"model": "admin.logentry", "pk": 37, "fields": {"action_time": "2024-02-27T18:16:52.915Z", "user": 1, "content_type": 19, "object_id": "3", "object_repr": "Division - 241486_1708936540", "action_flag": 2, "change_message": "[]"}}, {"model": "admin.logentry", "pk": 38, "fields": {"action_time": "2024-02-27T18:20:33.218Z", "user": 1, "content_type": 16, "object_id": "3", "object_repr": "Internet Of Things", "action_flag": 2, "change_message": "[{\"changed\": {\"fields\": [\"Credit\"]}}]"}}, {"model": "admin.logentry", "pk": 39, "fields": {"action_time": "2024-02-27T18:26:59.757Z", "user": 1, "content_type": 8, "object_id": "237", "object_repr": "chiragthaker@ldce.ac.in", "action_flag": 1, "change_message": "[{\"added\": {}}]"}}, {"model": "admin.logentry", "pk": 40, "fields": {"action_time": "2024-02-27T18:27:13.736Z", "user": 1, "content_type": 8, "object_id": "237", "object_repr": "chiragthaker@ldce.ac.in", "action_flag": 2, "change_message": "[{\"changed\": {\"fields\": [\"Name\", \"Role\", \"Gender\"]}}]"}}, {"model": "admin.logentry", "pk": 41, "fields": {"action_time": "2024-02-27T18:28:27.434Z", "user": 1, "content_type": 10, "object_id": "5", "object_repr": "chiragthaker@ldce.ac.in", "action_flag": 1, "change_message": "[{\"added\": {}}]"}}, {"model": "admin.logentry", "pk": 42, "fields": {"action_time": "2024-02-27T18:28:41.639Z", "user": 1, "content_type": 8, "object_id": "237", "object_repr": "chiragthaker@ldce.ac.in", "action_flag": 2, "change_message": "[]"}}, {"model": "admin.logentry", "pk": 43, "fields": {"action_time": "2024-02-27T18:28:47.566Z", "user": 1, "content_type": 10, "object_id": "5", "object_repr": "chiragthaker@ldce.ac.in", "action_flag": 2, "change_message": "[]"}}, {"model": "admin.logentry", "pk": 44, "fields": {"action_time": "2024-02-27T18:29:58.318Z", "user": 1, "content_type": 13, "object_id": "2", "object_repr": "Computer Engineering", "action_flag": 2, "change_message": "[{\"changed\": {\"fields\": [\"Teachers\"]}}]"}}, {"model": "admin.logentry", "pk": 45, "fields": {"action_time": "2024-02-28T18:38:25.090Z", "user": 1, "content_type": 13, "object_id": "2", "object_repr": "Computer Engineering - BE", "action_flag": 2, "change_message": "[{\"changed\": {\"fields\": [\"Branch name\"]}}]"}}, {"model": "admin.logentry", "pk": 46, "fields": {"action_time": "2024-02-28T18:38:30.671Z", "user": 1, "content_type": 13, "object_id": "1", "object_repr": "Electronics And Communication - BE", "action_flag": 2, "change_message": "[{\"changed\": {\"fields\": [\"Branch name\"]}}]"}}, {"model": "admin.logentry", "pk": 47, "fields": {"action_time": "2024-02-28T18:38:37.104Z", "user": 1, "content_type": 13, "object_id": "1", "object_repr": "Electronics And Communication - BE", "action_flag": 2, "change_message": "[{\"changed\": {\"fields\": [\"Teachers\"]}}]"}}, {"model": "admin.logentry", "pk": 48, "fields": {"action_time": "2024-02-28T18:39:18.868Z", "user": 1, "content_type": 8, "object_id": "238", "object_repr": "manav.ce.me@gmail.com", "action_flag": 1, "change_message": "[{\"added\": {}}]"}}, {"model": "admin.logentry", "pk": 49, "fields": {"action_time": "2024-02-28T18:39:21.233Z", "user": 1, "content_type": 9, "object_id": "3", "object_repr": "manav.ce.me@gmail.com", "action_flag": 1, "change_message": "[{\"added\": {}}]"}}, {"model": "admin.logentry", "pk": 50, "fields": {"action_time": "2024-02-28T18:39:30.579Z", "user": 1, "content_type": 13, "object_id": "3", "object_repr": "Computer Engineering - ME", "action_flag": 1, "change_message": "[{\"added\": {}}]"}}, {"model": "admin.logentry", "pk": 51, "fields": {"action_time": "2024-02-28T18:39:47.324Z", "user": 1, "content_type": 14, "object_id": "3", "object_repr": "Term - 2023 | 2024", "action_flag": 1, "change_message": "[{\"added\": {}}]"}}, {"model": "admin.logentry", "pk": 52, "fields": {"action_time": "2024-02-28T18:40:53.757Z", "user": 1, "content_type": 8, "object_id": "238", "object_repr": "manav.ce.me@gmail.com", "action_flag": 2, "change_message": "[{\"changed\": {\"fields\": [\"Name\", \"Role\", \"Gender\"]}}]"}}, {"model": "admin.logentry", "pk": 53, "fields": {"action_time": "2024-02-28T18:42:42.179Z", "user": 1, "content_type": 8, "object_id": "254", "object_repr": "POOJARI SUJITH SHANKAR", "action_flag": 3, "change_message": ""}}, {"model": "admin.logentry", "pk": 54, "fields": {"action_time": "2024-02-28T18:42:42.195Z", "user": 1, "content_type": 8, "object_id": "253", "object_repr": "VAIDEHI ASHISHBHAI KANOJIYA", "action_flag": 3, "change_message": ""}}, {"model": "admin.logentry", "pk": 55, "fields": {"action_time": "2024-02-28T18:42:42.198Z", "user": 1, "content_type": 8, "object_id": "252", "object_repr": "Tandel Hitixakumari Piyushbhai", "action_flag": 3, "change_message": ""}}, {"model": "admin.logentry", "pk": 56, "fields": {"action_time": "2024-02-28T18:42:42.202Z", "user": 1, "content_type": 8, "object_id": "251", "object_repr": "Samidha Saxena", "action_flag": 3, "change_message": ""}}, {"model": "admin.logentry", "pk": 57, "fields": {"action_time": "2024-02-28T18:42:42.206Z", "user": 1, "content_type": 8, "object_id": "250", "object_repr": "Rathod Harsh Narendrabhai", "action_flag": 3, "change_message": ""}}, {"model": "admin.logentry", "pk": 58, "fields": {"action_time": "2024-02-28T18:42:42.210Z", "user": 1, "content_type": 8, "object_id": "249", "object_repr": "PATEL SUJAL ISHWARLAL", "action_flag": 3, "change_message": ""}}, {"model": "admin.logentry", "pk": 59, "fields": {"action_time": "2024-02-28T18:42:42.213Z", "user": 1, "content_type": 8, "object_id": "248", "object_repr": "PATEL MEETKUMAR RAJESHBHAI", "action_flag": 3, "change_message": ""}}, {"model": "admin.logentry", "pk": 60, "fields": {"action_time": "2024-02-28T18:42:42.217Z", "user": 1, "content_type": 8, "object_id": "247", "object_repr": "Meera Janakbhai Solgama", "action_flag": 3, "change_message": ""}}, {"model": "admin.logentry", "pk": 61, "fields": {"action_time": "2024-02-28T18:42:42.220Z", "user": 1, "content_type": 8, "object_id": "246", "object_repr": "Khushi", "action_flag": 3, "change_message": ""}}, {"model": "admin.logentry", "pk": 62, "fields": {"action_time": "2024-02-28T18:42:42.224Z", "user": 1, "content_type": 8, "object_id": "245", "object_repr": "Gamit Karnav Rajanikant", "action_flag": 3, "change_message": ""}}, {"model": "admin.logentry", "pk": 63, "fields": {"action_time": "2024-02-28T18:42:42.227Z", "user": 1, "content_type": 8, "object_id": "244", "object_repr": "Gamit Kairav Rajanikant", "action_flag": 3, "change_message": ""}}, {"model": "admin.logentry", "pk": 64, "fields": {"action_time": "2024-02-28T18:42:42.231Z", "user": 1, "content_type": 8, "object_id": "243", "object_repr": "dhavalkumar hasmukhbhai solanki", "action_flag": 3, "change_message": ""}}, {"model": "admin.logentry", "pk": 65, "fields": {"action_time": "2024-02-28T18:42:42.235Z", "user": 1, "content_type": 8, "object_id": "242", "object_repr": "DEVALIYA DHRUVAL JITENDRABHAI", "action_flag": 3, "change_message": ""}}, {"model": "admin.logentry", "pk": 66, "fields": {"action_time": "2024-02-28T18:42:42.239Z", "user": 1, "content_type": 8, "object_id": "241", "object_repr": "CHAUDHARY NIMISHA BAKULBHAI", "action_flag": 3, "change_message": ""}}, {"model": "admin.logentry", "pk": 67, "fields": {"action_time": "2024-02-28T18:42:42.243Z", "user": 1, "content_type": 8, "object_id": "240", "object_repr": "BHALIA KRISHNA DINESH", "action_flag": 3, "change_message": ""}}, {"model": "admin.logentry", "pk": 68, "fields": {"action_time": "2024-02-28T18:42:42.246Z", "user": 1, "content_type": 8, "object_id": "239", "object_repr": "Apoorva Sanjaykumar Mehta", "action_flag": 3, "change_message": ""}}, {"model": "admin.logentry", "pk": 69, "fields": {"action_time": "2024-02-28T18:43:19.997Z", "user": 1, "content_type": 8, "object_id": "270", "object_repr": "POOJARI SUJITH SHANKAR", "action_flag": 3, "change_message": ""}}, {"model": "admin.logentry", "pk": 70, "fields": {"action_time": "2024-02-28T18:43:20.009Z", "user": 1, "content_type": 8, "object_id": "269", "object_repr": "VAIDEHI ASHISHBHAI KANOJIYA", "action_flag": 3, "change_message": ""}}, {"model": "admin.logentry", "pk": 71, "fields": {"action_time": "2024-02-28T18:43:20.013Z", "user": 1, "content_type": 8, "object_id": "268", "object_repr": "Tandel Hitixakumari Piyushbhai", "action_flag": 3, "change_message": ""}}, {"model": "admin.logentry", "pk": 72, "fields": {"action_time": "2024-02-28T18:43:20.017Z", "user": 1, "content_type": 8, "object_id": "267", "object_repr": "Samidha Saxena", "action_flag": 3, "change_message": ""}}, {"model": "admin.logentry", "pk": 73, "fields": {"action_time": "2024-02-28T18:43:20.021Z", "user": 1, "content_type": 8, "object_id": "266", "object_repr": "Rathod Harsh Narendrabhai", "action_flag": 3, "change_message": ""}}, {"model": "admin.logentry", "pk": 74, "fields": {"action_time": "2024-02-28T18:43:20.025Z", "user": 1, "content_type": 8, "object_id": "265", "object_repr": "PATEL SUJAL ISHWARLAL", "action_flag": 3, "change_message": ""}}, {"model": "admin.logentry", "pk": 75, "fields": {"action_time": "2024-02-28T18:43:20.030Z", "user": 1, "content_type": 8, "object_id": "264", "object_repr": "PATEL MEETKUMAR RAJESHBHAI", "action_flag": 3, "change_message": ""}}, {"model": "admin.logentry", "pk": 76, "fields": {"action_time": "2024-02-28T18:43:20.033Z", "user": 1, "content_type": 8, "object_id": "263", "object_repr": "Meera Janakbhai Solgama", "action_flag": 3, "change_message": ""}}, {"model": "admin.logentry", "pk": 77, "fields": {"action_time": "2024-02-28T18:43:20.037Z", "user": 1, "content_type": 8, "object_id": "262", "object_repr": "Khushi", "action_flag": 3, "change_message": ""}}, {"model": "admin.logentry", "pk": 78, "fields": {"action_time": "2024-02-28T18:43:20.041Z", "user": 1, "content_type": 8, "object_id": "261", "object_repr": "Gamit Karnav Rajanikant", "action_flag": 3, "change_message": ""}}, {"model": "admin.logentry", "pk": 79, "fields": {"action_time": "2024-02-28T18:43:20.045Z", "user": 1, "content_type": 8, "object_id": "260", "object_repr": "Gamit Kairav Rajanikant", "action_flag": 3, "change_message": ""}}, {"model": "admin.logentry", "pk": 80, "fields": {"action_time": "2024-02-28T18:43:20.048Z", "user": 1, "content_type": 8, "object_id": "259", "object_repr": "dhavalkumar hasmukhbhai solanki", "action_flag": 3, "change_message": ""}}, {"model": "admin.logentry", "pk": 81, "fields": {"action_time": "2024-02-28T18:43:20.052Z", "user": 1, "content_type": 8, "object_id": "258", "object_repr": "DEVALIYA DHRUVAL JITENDRABHAI", "action_flag": 3, "change_message": ""}}, {"model": "admin.logentry", "pk": 82, "fields": {"action_time": "2024-02-28T18:43:20.055Z", "user": 1, "content_type": 8, "object_id": "257", "object_repr": "CHAUDHARY NIMISHA BAKULBHAI", "action_flag": 3, "change_message": ""}}, {"model": "admin.logentry", "pk": 83, "fields": {"action_time": "2024-02-28T18:43:20.062Z", "user": 1, "content_type": 8, "object_id": "256", "object_repr": "BHALIA KRISHNA DINESH", "action_flag": 3, "change_message": ""}}, {"model": "admin.logentry", "pk": 84, "fields": {"action_time": "2024-02-28T18:43:20.066Z", "user": 1, "content_type": 8, "object_id": "255", "object_repr": "Apoorva Sanjaykumar Mehta", "action_flag": 3, "change_message": ""}}, {"model": "admin.logentry", "pk": 85, "fields": {"action_time": "2024-02-28T18:49:07.096Z", "user": 1, "content_type": 20, "object_id": "24", "object_repr": "CE", "action_flag": 1, "change_message": "[{\"added\": {}}]"}}, {"model": "admin.logentry", "pk": 86, "fields": {"action_time": "2024-02-28T18:49:10.867Z", "user": 1, "content_type": 21, "object_id": "3", "object_repr": "229 - CE", "action_flag": 1, "change_message": "[{\"added\": {}}]"}}, {"model": "admin.logentry", "pk": 87, "fields": {"action_time": "2024-02-29T16:39:22.921Z", "user": 1, "content_type": 8, "object_id": "287", "object_repr": "manav.aiml@gmail.com", "action_flag": 1, "change_message": "[{\"added\": {}}]"}}, {"model": "admin.logentry", "pk": 88, "fields": {"action_time": "2024-02-29T16:39:24.650Z", "user": 1, "content_type": 9, "object_id": "4", "object_repr": "manav.aiml@gmail.com", "action_flag": 1, "change_message": "[{\"added\": {}}]"}}, {"model": "admin.logentry", "pk": 89, "fields": {"action_time": "2024-02-29T16:39:30.786Z", "user": 1, "content_type": 13, "object_id": "4", "object_repr": "AI & ML Minor/Honours Degree Program", "action_flag": 1, "change_message": "[{\"added\": {}}]"}}, {"model": "admin.logentry", "pk": 90, "fields": {"action_time": "2024-02-29T16:39:45.445Z", "user": 1, "content_type": 8, "object_id": "287", "object_repr": "manav.aiml@gmail.com", "action_flag": 2, "change_message": "[{\"changed\": {\"fields\": [\"Name\", \"Ph no\", \"Role\", \"Gender\"]}}]"}}, {"model": "admin.logentry", "pk": 91, "fields": {"action_time": "2024-02-29T16:39:57.927Z", "user": 1, "content_type": 14, "object_id": "4", "object_repr": "Term - 2023 | 2024", "action_flag": 1, "change_message": "[{\"added\": {}}]"}}, {"model": "admin.logentry", "pk": 92, "fields": {"action_time": "2024-02-29T16:40:36.042Z", "user": 1, "content_type": 14, "object_id": "4", "object_repr": "Term - 2023 | 2024", "action_flag": 2, "change_message": "[]"}}, {"model": "admin.logentry", "pk": 93, "fields": {"action_time": "2024-03-01T14:18:46.108Z", "user": 1, "content_type": 8, "object_id": "341", "object_repr": "manav.test@gmail.com", "action_flag": 1, "change_message": "[{\"added\": {}}]"}}, {"model": "admin.logentry", "pk": 94, "fields": {"action_time": "2024-03-01T14:18:48.346Z", "user": 1, "content_type": 9, "object_id": "5", "object_repr": "manav.test@gmail.com", "action_flag": 1, "change_message": "[{\"added\": {}}]"}}, {"model": "admin.logentry", "pk": 95, "fields": {"action_time": "2024-03-01T14:21:42.518Z", "user": 1, "content_type": 13, "object_id": "5", "object_repr": "TEST_BRANCH_FOR_CORE_TEAM", "action_flag": 1, "change_message": "[{\"added\": {}}]"}}, {"model": "admin.logentry", "pk": 96, "fields": {"action_time": "2024-03-01T14:24:19.349Z", "user": 1, "content_type": 8, "object_id": "342", "object_repr": "manav.test.teacher@gmail.com", "action_flag": 1, "change_message": "[{\"added\": {}}]"}}, {"model": "admin.logentry", "pk": 97, "fields": {"action_time": "2024-03-01T14:24:22.413Z", "user": 1, "content_type": 10, "object_id": "6", "object_repr": "manav.test.teacher@gmail.com", "action_flag": 1, "change_message": "[{\"added\": {}}]"}}, {"model": "admin.logentry", "pk": 98, "fields": {"action_time": "2024-03-01T14:25:39.358Z", "user": 1, "content_type": 13, "object_id": "5", "object_repr": "TEST_BRANCH_FOR_CORE_TEAM", "action_flag": 2, "change_message": "[{\"changed\": {\"fields\": [\"Teachers\", \"Students\"]}}]"}}, {"model": "admin.logentry", "pk": 99, "fields": {"action_time": "2024-03-01T14:26:57.187Z", "user": 1, "content_type": 14, "object_id": "5", "object_repr": "Term - 2023 | 2024", "action_flag": 1, "change_message": "[{\"added\": {}}]"}}, {"model": "admin.logentry", "pk": 100, "fields": {"action_time": "2024-03-01T14:28:58.709Z", "user": 1, "content_type": 20, "object_id": "25", "object_repr": "TEST_AASHRAY", "action_flag": 1, "change_message": "[{\"added\": {}}]"}}, {"model": "admin.logentry", "pk": 101, "fields": {"action_time": "2024-03-01T14:29:00.769Z", "user": 1, "content_type": 21, "object_id": "4", "object_repr": "Aashray", "action_flag": 1, "change_message": "[{\"added\": {}}]"}}, {"model": "admin.logentry", "pk": 102, "fields": {"action_time": "2024-03-01T14:30:46.751Z", "user": 1, "content_type": 8, "object_id": "341", "object_repr": "manav.test@gmail.com", "action_flag": 2, "change_message": "[{\"changed\": {\"fields\": [\"Name\", \"Ph no\", \"Role\", \"Gender\"]}}]"}}, {"model": "admin.logentry", "pk": 103, "fields": {"action_time": "2024-03-01T14:30:56.665Z", "user": 1, "content_type": 8, "object_id": "342", "object_repr": "manav.test.teacher@gmail.com", "action_flag": 2, "change_message": "[{\"changed\": {\"fields\": [\"Name\", \"Ph no\", \"Role\", \"Gender\"]}}]"}}, {"model": "admin.logentry", "pk": 104, "fields": {"action_time": "2024-03-01T14:42:58.481Z", "user": 1, "content_type": 13, "object_id": "5", "object_repr": "TEST_BRANCH_FOR_CORE_TEAM", "action_flag": 2, "change_message": "[{\"changed\": {\"fields\": [\"Students\"]}}]"}}, {"model": "admin.logentry", "pk": 105, "fields": {"action_time": "2024-03-01T14:45:38.478Z", "user": 1, "content_type": 13, "object_id": "5", "object_repr": "TEST_BRANCH_FOR_CORE_TEAM", "action_flag": 2, "change_message": "[{\"changed\": {\"fields\": [\"Students\"]}}]"}}, {"model": "admin.logentry", "pk": 106, "fields": {"action_time": "2024-03-01T14:45:51.669Z", "user": 1, "content_type": 18, "object_id": "15", "object_repr": "Division - B | B1", "action_flag": 2, "change_message": "[]"}}, {"model": "admin.logentry", "pk": 107, "fields": {"action_time": "2024-03-01T14:46:33.134Z", "user": 1, "content_type": 18, "object_id": "17", "object_repr": "Division - B | B3", "action_flag": 2, "change_message": "[{\"changed\": {\"fields\": [\"Students\"]}}]"}}, {"model": "admin.logentry", "pk": 108, "fields": {"action_time": "2024-03-01T14:47:11.219Z", "user": 1, "content_type": 18, "object_id": "16", "object_repr": "Division - B | B2", "action_flag": 2, "change_message": "[{\"changed\": {\"fields\": [\"Students\"]}}]"}}, {"model": "admin.logentry", "pk": 109, "fields": {"action_time": "2024-03-01T14:47:23.040Z", "user": 1, "content_type": 18, "object_id": "17", "object_repr": "Division - B | B3", "action_flag": 2, "change_message": "[{\"changed\": {\"fields\": [\"Students\"]}}]"}}, {"model": "admin.logentry", "pk": 110, "fields": {"action_time": "2024-03-01T14:47:41.448Z", "user": 1, "content_type": 18, "object_id": "15", "object_repr": "Division - B | B1", "action_flag": 2, "change_message": "[{\"changed\": {\"fields\": [\"Students\"]}}]"}}, {"model": "admin.logentry", "pk": 111, "fields": {"action_time": "2024-03-01T14:58:39.540Z", "user": 1, "content_type": 8, "object_id": "342", "object_repr": "manav.test.teacher@gmail.com", "action_flag": 2, "change_message": "[{\"changed\": {\"fields\": [\"Role\"]}}]"}}, {"model": "admin.logentry", "pk": 112, "fields": {"action_time": "2024-03-01T17:07:04.169Z", "user": 1, "content_type": 23, "object_id": "7", "object_repr": "theory - TEST_SUBJECT", "action_flag": 2, "change_message": "[{\"changed\": {\"fields\": [\"End time\"]}}]"}}, {"model": "admin.logentry", "pk": 113, "fields": {"action_time": "2024-03-01T17:08:02.440Z", "user": 1, "content_type": 23, "object_id": "7", "object_repr": "theory - TEST_SUBJECT", "action_flag": 2, "change_message": "[{\"changed\": {\"fields\": [\"End time\"]}}]"}}, {"model": "admin.logentry", "pk": 114, "fields": {"action_time": "2024-03-04T03:37:37.143Z", "user": 1, "content_type": 8, "object_id": "237", "object_repr": "chiragthaker@ldce.ac.in", "action_flag": 3, "change_message": ""}}, {"model": "admin.logentry", "pk": 115, "fields": {"action_time": "2024-03-04T03:37:37.145Z", "user": 1, "content_type": 8, "object_id": "4", "object_repr": "chvithalani@ldce.ac.in", "action_flag": 3, "change_message": ""}}, {"model": "admin.logentry", "pk": 116, "fields": {"action_time": "2024-03-04T03:37:37.147Z", "user": 1, "content_type": 8, "object_id": "342", "object_repr": "manav.test.teacher@gmail.com", "action_flag": 3, "change_message": ""}}, {"model": "admin.logentry", "pk": 117, "fields": {"action_time": "2024-03-04T03:37:37.148Z", "user": 1, "content_type": 8, "object_id": "343", "object_repr": "photosonly2manavshah@gmail.com", "action_flag": 3, "change_message": ""}}, {"model": "admin.logentry", "pk": 118, "fields": {"action_time": "2024-03-04T03:37:37.150Z", "user": 1, "content_type": 8, "object_id": "236", "object_repr": "yaam.dark@gmail.com", "action_flag": 3, "change_message": ""}}, {"model": "admin.logentry", "pk": 119, "fields": {"action_time": "2024-03-04T03:41:57.437Z", "user": 1, "content_type": 21, "object_id": "4", "object_repr": "Aashray", "action_flag": 3, "change_message": ""}}, {"model": "admin.logentry", "pk": 120, "fields": {"action_time": "2024-03-04T03:41:57.441Z", "user": 1, "content_type": 21, "object_id": "3", "object_repr": "229 - CE", "action_flag": 3, "change_message": ""}}, {"model": "admin.logentry", "pk": 121, "fields": {"action_time": "2024-03-04T03:41:57.443Z", "user": 1, "content_type": 21, "object_id": "2", "object_repr": "953", "action_flag": 3, "change_message": ""}}, {"model": "admin.logentry", "pk": 122, "fields": {"action_time": "2024-03-04T03:41:57.445Z", "user": 1, "content_type": 21, "object_id": "1", "object_repr": "Upnishad Hall", "action_flag": 3, "change_message": ""}}, {"model": "admin.logentry", "pk": 123, "fields": {"action_time": "2024-03-04T03:42:19.856Z", "user": 1, "content_type": 20, "object_id": "32", "object_repr": "student_779859_1708936690", "action_flag": 3, "change_message": ""}}, {"model": "admin.logentry", "pk": 124, "fields": {"action_time": "2024-03-04T03:42:19.859Z", "user": 1, "content_type": 20, "object_id": "31", "object_repr": "student_481014_1708936690", "action_flag": 3, "change_message": ""}}, {"model": "admin.logentry", "pk": 125, "fields": {"action_time": "2024-03-04T03:42:19.861Z", "user": 1, "content_type": 20, "object_id": "30", "object_repr": "student_186230_1708936689", "action_flag": 3, "change_message": ""}}, {"model": "admin.logentry", "pk": 126, "fields": {"action_time": "2024-03-04T03:42:19.863Z", "user": 1, "content_type": 20, "object_id": "29", "object_repr": "student_271786_1708936689", "action_flag": 3, "change_message": ""}}, {"model": "admin.logentry", "pk": 127, "fields": {"action_time": "2024-03-04T03:42:19.864Z", "user": 1, "content_type": 20, "object_id": "28", "object_repr": "student_257097_1708936690", "action_flag": 3, "change_message": ""}}, {"model": "admin.logentry", "pk": 128, "fields": {"action_time": "2024-03-04T03:42:19.866Z", "user": 1, "content_type": 20, "object_id": "27", "object_repr": "student_898794_1708936690", "action_flag": 3, "change_message": ""}}, {"model": "admin.logentry", "pk": 129, "fields": {"action_time": "2024-03-04T03:42:19.867Z", "user": 1, "content_type": 20, "object_id": "26", "object_repr": "student_600682_1708936689", "action_flag": 3, "change_message": ""}}, {"model": "admin.logentry", "pk": 130, "fields": {"action_time": "2024-03-04T03:42:19.869Z", "user": 1, "content_type": 20, "object_id": "23", "object_repr": "student_283937_1708935359", "action_flag": 3, "change_message": ""}}, {"model": "admin.logentry", "pk": 131, "fields": {"action_time": "2024-03-04T03:42:19.871Z", "user": 1, "content_type": 20, "object_id": "22", "object_repr": "student_250452_1708935360", "action_flag": 3, "change_message": ""}}, {"model": "admin.logentry", "pk": 132, "fields": {"action_time": "2024-03-04T03:42:19.872Z", "user": 1, "content_type": 20, "object_id": "21", "object_repr": "student_265875_1708935359", "action_flag": 3, "change_message": ""}}, {"model": "admin.logentry", "pk": 133, "fields": {"action_time": "2024-03-04T03:42:19.874Z", "user": 1, "content_type": 20, "object_id": "20", "object_repr": "student_698585_1708935359", "action_flag": 3, "change_message": ""}}, {"model": "admin.logentry", "pk": 134, "fields": {"action_time": "2024-03-04T03:42:19.875Z", "user": 1, "content_type": 20, "object_id": "19", "object_repr": "student_558262_1708935359", "action_flag": 3, "change_message": ""}}, {"model": "admin.logentry", "pk": 135, "fields": {"action_time": "2024-03-04T03:42:19.877Z", "user": 1, "content_type": 20, "object_id": "18", "object_repr": "student_141719_1708935359", "action_flag": 3, "change_message": ""}}, {"model": "admin.logentry", "pk": 136, "fields": {"action_time": "2024-03-04T03:42:19.878Z", "user": 1, "content_type": 20, "object_id": "17", "object_repr": "student_268302_1708935359", "action_flag": 3, "change_message": ""}}, {"model": "admin.logentry", "pk": 137, "fields": {"action_time": "2024-03-04T03:42:19.880Z", "user": 1, "content_type": 20, "object_id": "16", "object_repr": "student_156145_1708935359", "action_flag": 3, "change_message": ""}}, {"model": "admin.logentry", "pk": 138, "fields": {"action_time": "2024-03-04T03:42:19.882Z", "user": 1, "content_type": 20, "object_id": "15", "object_repr": "student_293034_1708935358", "action_flag": 3, "change_message": ""}}, {"model": "admin.logentry", "pk": 139, "fields": {"action_time": "2024-03-04T03:42:19.883Z", "user": 1, "content_type": 20, "object_id": "14", "object_repr": "student_192083_1708935359", "action_flag": 3, "change_message": ""}}, {"model": "admin.logentry", "pk": 140, "fields": {"action_time": "2024-03-04T03:42:19.884Z", "user": 1, "content_type": 20, "object_id": "13", "object_repr": "student_664525_1708935359", "action_flag": 3, "change_message": ""}}, {"model": "admin.logentry", "pk": 141, "fields": {"action_time": "2024-03-04T03:42:19.888Z", "user": 1, "content_type": 20, "object_id": "12", "object_repr": "student_220705_1708936689", "action_flag": 3, "change_message": ""}}, {"model": "admin.logentry", "pk": 142, "fields": {"action_time": "2024-03-04T03:42:19.890Z", "user": 1, "content_type": 20, "object_id": "11", "object_repr": "student_186230_1708936689", "action_flag": 3, "change_message": ""}}, {"model": "admin.logentry", "pk": 143, "fields": {"action_time": "2024-03-04T03:42:19.891Z", "user": 1, "content_type": 20, "object_id": "10", "object_repr": "student_481014_1708936690", "action_flag": 3, "change_message": ""}}, {"model": "admin.logentry", "pk": 144, "fields": {"action_time": "2024-03-04T03:42:19.893Z", "user": 1, "content_type": 20, "object_id": "8", "object_repr": "None", "action_flag": 3, "change_message": ""}}, {"model": "admin.logentry", "pk": 145, "fields": {"action_time": "2024-03-04T03:42:19.894Z", "user": 1, "content_type": 20, "object_id": "7", "object_repr": "None", "action_flag": 3, "change_message": ""}}, {"model": "admin.logentry", "pk": 146, "fields": {"action_time": "2024-03-04T03:42:19.896Z", "user": 1, "content_type": 20, "object_id": "6", "object_repr": "None", "action_flag": 3, "change_message": ""}}, {"model": "admin.logentry", "pk": 147, "fields": {"action_time": "2024-03-04T03:42:19.897Z", "user": 1, "content_type": 20, "object_id": "5", "object_repr": "None", "action_flag": 3, "change_message": ""}}, {"model": "admin.logentry", "pk": 148, "fields": {"action_time": "2024-03-04T03:42:19.899Z", "user": 1, "content_type": 20, "object_id": "4", "object_repr": "None", "action_flag": 3, "change_message": ""}}, {"model": "admin.logentry", "pk": 149, "fields": {"action_time": "2024-03-04T03:42:19.901Z", "user": 1, "content_type": 20, "object_id": "3", "object_repr": "None", "action_flag": 3, "change_message": ""}}, {"model": "admin.logentry", "pk": 150, "fields": {"action_time": "2024-03-04T03:42:19.902Z", "user": 1, "content_type": 20, "object_id": "2", "object_repr": "None", "action_flag": 3, "change_message": ""}}, {"model": "admin.logentry", "pk": 151, "fields": {"action_time": "2024-03-04T03:42:19.904Z", "user": 1, "content_type": 20, "object_id": "1", "object_repr": "None", "action_flag": 3, "change_message": ""}}, {"model": "admin.logentry", "pk": 152, "fields": {"action_time": "2024-03-04T03:45:07.260Z", "user": 1, "content_type": 21, "object_id": "5", "object_repr": "953 - EC", "action_flag": 1, "change_message": "[{\"added\": {}}]"}}, {"model": "admin.logentry", "pk": 153, "fields": {"action_time": "2024-03-04T03:47:53.957Z", "user": 1, "content_type": 8, "object_id": "344", "object_repr": "chvithalani@ldce.ac.in", "action_flag": 2, "change_message": "[{\"changed\": {\"fields\": [\"Gender\"]}}]"}}, {"model": "admin.logentry", "pk": 154, "fields": {"action_time": "2024-03-04T03:53:37.207Z", "user": 1, "content_type": 21, "object_id": "6", "object_repr": "969 - EC", "action_flag": 1, "change_message": "[{\"added\": {}}]"}}, {"model": "admin.logentry", "pk": 155, "fields": {"action_time": "2024-03-04T03:53:40.289Z", "user": 1, "content_type": 21, "object_id": "5", "object_repr": "953 - EC", "action_flag": 2, "change_message": "[]"}}, {"model": "admin.logentry", "pk": 156, "fields": {"action_time": "2024-03-04T03:57:18.837Z", "user": 1, "content_type": 21, "object_id": "7", "object_repr": "970 - EC", "action_flag": 1, "change_message": "[{\"added\": {}}]"}}, {"model": "admin.logentry", "pk": 157, "fields": {"action_time": "2024-03-04T03:57:22.300Z", "user": 1, "content_type": 21, "object_id": "6", "object_repr": "969 - EC", "action_flag": 2, "change_message": "[]"}}, {"model": "admin.logentry", "pk": 158, "fields": {"action_time": "2024-03-04T03:59:32.957Z", "user": 1, "content_type": 21, "object_id": "8", "object_repr": "959 - EC", "action_flag": 1, "change_message": "[{\"added\": {}}]"}}, {"model": "admin.logentry", "pk": 159, "fields": {"action_time": "2024-03-04T17:11:39.912Z", "user": 1, "content_type": 8, "object_id": "345", "object_repr": "manav.teacher.test@gmail.com", "action_flag": 1, "change_message": "[{\"added\": {}}]"}}, {"model": "admin.logentry", "pk": 160, "fields": {"action_time": "2024-03-04T17:11:42.822Z", "user": 1, "content_type": 10, "object_id": "9", "object_repr": "manav.teacher.test@gmail.com", "action_flag": 1, "change_message": "[{\"added\": {}}]"}}, {"model": "admin.logentry", "pk": 161, "fields": {"action_time": "2024-03-04T18:15:06.182Z", "user": 1, "content_type": 13, "object_id": "5", "object_repr": "TEST_BRANCH_FOR_CORE_TEAM", "action_flag": 2, "change_message": "[{\"changed\": {\"fields\": [\"Teachers\"]}}]"}}, {"model": "admin.logentry", "pk": 162, "fields": {"action_time": "2024-03-04T18:15:33.562Z", "user": 1, "content_type": 21, "object_id": "9", "object_repr": "TEST", "action_flag": 1, "change_message": "[{\"added\": {}}]"}}, {"model": "admin.logentry", "pk": 163, "fields": {"action_time": "2024-03-04T18:16:13.340Z", "user": 1, "content_type": 8, "object_id": "345", "object_repr": "manav.teacher.test@gmail.com", "action_flag": 2, "change_message": "[{\"changed\": {\"fields\": [\"Name\", \"Ph no\", \"Role\", \"Gender\"]}}]"}}, {"model": "auth.permission", "pk": 1, "fields": {"name": "Can add log entry", "content_type": 1, "codename": "add_logentry"}}, {"model": "auth.permission", "pk": 2, "fields": {"name": "Can change log entry", "content_type": 1, "codename": "change_logentry"}}, {"model": "auth.permission", "pk": 3, "fields": {"name": "Can delete log entry", "content_type": 1, "codename": "delete_logentry"}}, {"model": "auth.permission", "pk": 4, "fields": {"name": "Can view log entry", "content_type": 1, "codename": "view_logentry"}}, {"model": "auth.permission", "pk": 5, "fields": {"name": "Can add permission", "content_type": 2, "codename": "add_permission"}}, {"model": "auth.permission", "pk": 6, "fields": {"name": "Can change permission", "content_type": 2, "codename": "change_permission"}}, {"model": "auth.permission", "pk": 7, "fields": {"name": "Can delete permission", "content_type": 2, "codename": "delete_permission"}}, {"model": "auth.permission", "pk": 8, "fields": {"name": "Can view permission", "content_type": 2, "codename": "view_permission"}}, {"model": "auth.permission", "pk": 9, "fields": {"name": "Can add group", "content_type": 3, "codename": "add_group"}}, {"model": "auth.permission", "pk": 10, "fields": {"name": "Can change group", "content_type": 3, "codename": "change_group"}}, {"model": "auth.permission", "pk": 11, "fields": {"name": "Can delete group", "content_type": 3, "codename": "delete_group"}}, {"model": "auth.permission", "pk": 12, "fields": {"name": "Can view group", "content_type": 3, "codename": "view_group"}}, {"model": "auth.permission", "pk": 13, "fields": {"name": "Can add content type", "content_type": 4, "codename": "add_contenttype"}}, {"model": "auth.permission", "pk": 14, "fields": {"name": "Can change content type", "content_type": 4, "codename": "change_contenttype"}}, {"model": "auth.permission", "pk": 15, "fields": {"name": "Can delete content type", "content_type": 4, "codename": "delete_contenttype"}}, {"model": "auth.permission", "pk": 16, "fields": {"name": "Can view content type", "content_type": 4, "codename": "view_contenttype"}}, {"model": "auth.permission", "pk": 17, "fields": {"name": "Can add session", "content_type": 5, "codename": "add_session"}}, {"model": "auth.permission", "pk": 18, "fields": {"name": "Can change session", "content_type": 5, "codename": "change_session"}}, {"model": "auth.permission", "pk": 19, "fields": {"name": "Can delete session", "content_type": 5, "codename": "delete_session"}}, {"model": "auth.permission", "pk": 20, "fields": {"name": "Can view session", "content_type": 5, "codename": "view_session"}}, {"model": "auth.permission", "pk": 21, "fields": {"name": "Can add outstanding token", "content_type": 6, "codename": "add_outstandingtoken"}}, {"model": "auth.permission", "pk": 22, "fields": {"name": "Can change outstanding token", "content_type": 6, "codename": "change_outstandingtoken"}}, {"model": "auth.permission", "pk": 23, "fields": {"name": "Can delete outstanding token", "content_type": 6, "codename": "delete_outstandingtoken"}}, {"model": "auth.permission", "pk": 24, "fields": {"name": "Can view outstanding token", "content_type": 6, "codename": "view_outstandingtoken"}}, {"model": "auth.permission", "pk": 25, "fields": {"name": "Can add blacklisted token", "content_type": 7, "codename": "add_blacklistedtoken"}}, {"model": "auth.permission", "pk": 26, "fields": {"name": "Can change blacklisted token", "content_type": 7, "codename": "change_blacklistedtoken"}}, {"model": "auth.permission", "pk": 27, "fields": {"name": "Can delete blacklisted token", "content_type": 7, "codename": "delete_blacklistedtoken"}}, {"model": "auth.permission", "pk": 28, "fields": {"name": "Can view blacklisted token", "content_type": 7, "codename": "view_blacklistedtoken"}}, {"model": "auth.permission", "pk": 29, "fields": {"name": "Can add user", "content_type": 8, "codename": "add_profile"}}, {"model": "auth.permission", "pk": 30, "fields": {"name": "Can change user", "content_type": 8, "codename": "change_profile"}}, {"model": "auth.permission", "pk": 31, "fields": {"name": "Can delete user", "content_type": 8, "codename": "delete_profile"}}, {"model": "auth.permission", "pk": 32, "fields": {"name": "Can view user", "content_type": 8, "codename": "view_profile"}}, {"model": "auth.permission", "pk": 33, "fields": {"name": "Can add admin", "content_type": 9, "codename": "add_admin"}}, {"model": "auth.permission", "pk": 34, "fields": {"name": "Can change admin", "content_type": 9, "codename": "change_admin"}}, {"model": "auth.permission", "pk": 35, "fields": {"name": "Can delete admin", "content_type": 9, "codename": "delete_admin"}}, {"model": "auth.permission", "pk": 36, "fields": {"name": "Can view admin", "content_type": 9, "codename": "view_admin"}}, {"model": "auth.permission", "pk": 37, "fields": {"name": "Can add teacher", "content_type": 10, "codename": "add_teacher"}}, {"model": "auth.permission", "pk": 38, "fields": {"name": "Can change teacher", "content_type": 10, "codename": "change_teacher"}}, {"model": "auth.permission", "pk": 39, "fields": {"name": "Can delete teacher", "content_type": 10, "codename": "delete_teacher"}}, {"model": "auth.permission", "pk": 40, "fields": {"name": "Can view teacher", "content_type": 10, "codename": "view_teacher"}}, {"model": "auth.permission", "pk": 41, "fields": {"name": "Can add student", "content_type": 11, "codename": "add_student"}}, {"model": "auth.permission", "pk": 42, "fields": {"name": "Can change student", "content_type": 11, "codename": "change_student"}}, {"model": "auth.permission", "pk": 43, "fields": {"name": "Can delete student", "content_type": 11, "codename": "delete_student"}}, {"model": "auth.permission", "pk": 44, "fields": {"name": "Can view student", "content_type": 11, "codename": "view_student"}}, {"model": "auth.permission", "pk": 45, "fields": {"name": "Can add college", "content_type": 12, "codename": "add_college"}}, {"model": "auth.permission", "pk": 46, "fields": {"name": "Can change college", "content_type": 12, "codename": "change_college"}}, {"model": "auth.permission", "pk": 47, "fields": {"name": "Can delete college", "content_type": 12, "codename": "delete_college"}}, {"model": "auth.permission", "pk": 48, "fields": {"name": "Can view college", "content_type": 12, "codename": "view_college"}}, {"model": "auth.permission", "pk": 49, "fields": {"name": "Can add branch", "content_type": 13, "codename": "add_branch"}}, {"model": "auth.permission", "pk": 50, "fields": {"name": "Can change branch", "content_type": 13, "codename": "change_branch"}}, {"model": "auth.permission", "pk": 51, "fields": {"name": "Can delete branch", "content_type": 13, "codename": "delete_branch"}}, {"model": "auth.permission", "pk": 52, "fields": {"name": "Can view branch", "content_type": 13, "codename": "view_branch"}}, {"model": "auth.permission", "pk": 53, "fields": {"name": "Can add term", "content_type": 14, "codename": "add_term"}}, {"model": "auth.permission", "pk": 54, "fields": {"name": "Can change term", "content_type": 14, "codename": "change_term"}}, {"model": "auth.permission", "pk": 55, "fields": {"name": "Can delete term", "content_type": 14, "codename": "delete_term"}}, {"model": "auth.permission", "pk": 56, "fields": {"name": "Can view term", "content_type": 14, "codename": "view_term"}}, {"model": "auth.permission", "pk": 57, "fields": {"name": "Can add semester", "content_type": 15, "codename": "add_semester"}}, {"model": "auth.permission", "pk": 58, "fields": {"name": "Can change semester", "content_type": 15, "codename": "change_semester"}}, {"model": "auth.permission", "pk": 59, "fields": {"name": "Can delete semester", "content_type": 15, "codename": "delete_semester"}}, {"model": "auth.permission", "pk": 60, "fields": {"name": "Can view semester", "content_type": 15, "codename": "view_semester"}}, {"model": "auth.permission", "pk": 61, "fields": {"name": "Can add subject", "content_type": 16, "codename": "add_subject"}}, {"model": "auth.permission", "pk": 62, "fields": {"name": "Can change subject", "content_type": 16, "codename": "change_subject"}}, {"model": "auth.permission", "pk": 63, "fields": {"name": "Can delete subject", "content_type": 16, "codename": "delete_subject"}}, {"model": "auth.permission", "pk": 64, "fields": {"name": "Can view subject", "content_type": 16, "codename": "view_subject"}}, {"model": "auth.permission", "pk": 65, "fields": {"name": "Can add division", "content_type": 17, "codename": "add_division"}}, {"model": "auth.permission", "pk": 66, "fields": {"name": "Can change division", "content_type": 17, "codename": "change_division"}}, {"model": "auth.permission", "pk": 67, "fields": {"name": "Can delete division", "content_type": 17, "codename": "delete_division"}}, {"model": "auth.permission", "pk": 68, "fields": {"name": "Can view division", "content_type": 17, "codename": "view_division"}}, {"model": "auth.permission", "pk": 69, "fields": {"name": "Can add batch", "content_type": 18, "codename": "add_batch"}}, {"model": "auth.permission", "pk": 70, "fields": {"name": "Can change batch", "content_type": 18, "codename": "change_batch"}}, {"model": "auth.permission", "pk": 71, "fields": {"name": "Can delete batch", "content_type": 18, "codename": "delete_batch"}}, {"model": "auth.permission", "pk": 72, "fields": {"name": "Can view batch", "content_type": 18, "codename": "view_batch"}}, {"model": "auth.permission", "pk": 73, "fields": {"name": "Can add time table", "content_type": 19, "codename": "add_timetable"}}, {"model": "auth.permission", "pk": 74, "fields": {"name": "Can change time table", "content_type": 19, "codename": "change_timetable"}}, {"model": "auth.permission", "pk": 75, "fields": {"name": "Can delete time table", "content_type": 19, "codename": "delete_timetable"}}, {"model": "auth.permission", "pk": 76, "fields": {"name": "Can view time table", "content_type": 19, "codename": "view_timetable"}}, {"model": "auth.permission", "pk": 77, "fields": {"name": "Can add gps coordinates", "content_type": 20, "codename": "add_gpscoordinates"}}, {"model": "auth.permission", "pk": 78, "fields": {"name": "Can change gps coordinates", "content_type": 20, "codename": "change_gpscoordinates"}}, {"model": "auth.permission", "pk": 79, "fields": {"name": "Can delete gps coordinates", "content_type": 20, "codename": "delete_gpscoordinates"}}, {"model": "auth.permission", "pk": 80, "fields": {"name": "Can view gps coordinates", "content_type": 20, "codename": "view_gpscoordinates"}}, {"model": "auth.permission", "pk": 81, "fields": {"name": "Can add classroom", "content_type": 21, "codename": "add_classroom"}}, {"model": "auth.permission", "pk": 82, "fields": {"name": "Can change classroom", "content_type": 21, "codename": "change_classroom"}}, {"model": "auth.permission", "pk": 83, "fields": {"name": "Can delete classroom", "content_type": 21, "codename": "delete_classroom"}}, {"model": "auth.permission", "pk": 84, "fields": {"name": "Can view classroom", "content_type": 21, "codename": "view_classroom"}}, {"model": "auth.permission", "pk": 85, "fields": {"name": "Can add schedule", "content_type": 22, "codename": "add_schedule"}}, {"model": "auth.permission", "pk": 86, "fields": {"name": "Can change schedule", "content_type": 22, "codename": "change_schedule"}}, {"model": "auth.permission", "pk": 87, "fields": {"name": "Can delete schedule", "content_type": 22, "codename": "delete_schedule"}}, {"model": "auth.permission", "pk": 88, "fields": {"name": "Can view schedule", "content_type": 22, "codename": "view_schedule"}}, {"model": "auth.permission", "pk": 89, "fields": {"name": "Can add lecture", "content_type": 23, "codename": "add_lecture"}}, {"model": "auth.permission", "pk": 90, "fields": {"name": "Can change lecture", "content_type": 23, "codename": "change_lecture"}}, {"model": "auth.permission", "pk": 91, "fields": {"name": "Can delete lecture", "content_type": 23, "codename": "delete_lecture"}}, {"model": "auth.permission", "pk": 92, "fields": {"name": "Can view lecture", "content_type": 23, "codename": "view_lecture"}}, {"model": "auth.permission", "pk": 93, "fields": {"name": "Can add link", "content_type": 24, "codename": "add_link"}}, {"model": "auth.permission", "pk": 94, "fields": {"name": "Can change link", "content_type": 24, "codename": "change_link"}}, {"model": "auth.permission", "pk": 95, "fields": {"name": "Can delete link", "content_type": 24, "codename": "delete_link"}}, {"model": "auth.permission", "pk": 96, "fields": {"name": "Can view link", "content_type": 24, "codename": "view_link"}}, {"model": "auth.permission", "pk": 97, "fields": {"name": "Can add attendance", "content_type": 25, "codename": "add_attendance"}}, {"model": "auth.permission", "pk": 98, "fields": {"name": "Can change attendance", "content_type": 25, "codename": "change_attendance"}}, {"model": "auth.permission", "pk": 99, "fields": {"name": "Can delete attendance", "content_type": 25, "codename": "delete_attendance"}}, {"model": "auth.permission", "pk": 100, "fields": {"name": "Can view attendance", "content_type": 25, "codename": "view_attendance"}}, {"model": "auth.permission", "pk": 101, "fields": {"name": "Can add session", "content_type": 26, "codename": "add_session"}}, {"model": "auth.permission", "pk": 102, "fields": {"name": "Can change session", "content_type": 26, "codename": "change_session"}}, {"model": "auth.permission", "pk": 103, "fields": {"name": "Can delete session", "content_type": 26, "codename": "delete_session"}}, {"model": "auth.permission", "pk": 104, "fields": {"name": "Can view session", "content_type": 26, "codename": "view_session"}}, {"model": "contenttypes.contenttype", "pk": 1, "fields": {"app_label": "admin", "model": "logentry"}}, {"model": "contenttypes.contenttype", "pk": 2, "fields": {"app_label": "auth", "model": "permission"}}, {"model": "contenttypes.contenttype", "pk": 3, "fields": {"app_label": "auth", "model": "group"}}, {"model": "contenttypes.contenttype", "pk": 4, "fields": {"app_label": "contenttypes", "model": "contenttype"}}, {"model": "contenttypes.contenttype", "pk": 5, "fields": {"app_label": "sessions", "model": "session"}}, {"model": "contenttypes.contenttype", "pk": 6, "fields": {"app_label": "token_blacklist", "model": "outstandingtoken"}}, {"model": "contenttypes.contenttype", "pk": 7, "fields": {"app_label": "token_blacklist", "model": "blacklistedtoken"}}, {"model": "contenttypes.contenttype", "pk": 8, "fields": {"app_label": "Profile", "model": "profile"}}, {"model": "contenttypes.contenttype", "pk": 9, "fields": {"app_label": "StakeHolders", "model": "admin"}}, {"model": "contenttypes.contenttype", "pk": 10, "fields": {"app_label": "StakeHolders", "model": "teacher"}}, {"model": "contenttypes.contenttype", "pk": 11, "fields": {"app_label": "StakeHolders", "model": "student"}}, {"model": "contenttypes.contenttype", "pk": 12, "fields": {"app_label": "Manage", "model": "college"}}, {"model": "contenttypes.contenttype", "pk": 13, "fields": {"app_label": "Manage", "model": "branch"}}, {"model": "contenttypes.contenttype", "pk": 14, "fields": {"app_label": "Manage", "model": "term"}}, {"model": "contenttypes.contenttype", "pk": 15, "fields": {"app_label": "Manage", "model": "semester"}}, {"model": "contenttypes.contenttype", "pk": 16, "fields": {"app_label": "Manage", "model": "subject"}}, {"model": "contenttypes.contenttype", "pk": 17, "fields": {"app_label": "Manage", "model": "division"}}, {"model": "contenttypes.contenttype", "pk": 18, "fields": {"app_label": "Manage", "model": "batch"}}, {"model": "contenttypes.contenttype", "pk": 19, "fields": {"app_label": "Manage", "model": "timetable"}}, {"model": "contenttypes.contenttype", "pk": 20, "fields": {"app_label": "Manage", "model": "gpscoordinates"}}, {"model": "contenttypes.contenttype", "pk": 21, "fields": {"app_label": "Manage", "model": "classroom"}}, {"model": "contenttypes.contenttype", "pk": 22, "fields": {"app_label": "Manage", "model": "schedule"}}, {"model": "contenttypes.contenttype", "pk": 23, "fields": {"app_label": "Manage", "model": "lecture"}}, {"model": "contenttypes.contenttype", "pk": 24, "fields": {"app_label": "Manage", "model": "link"}}, {"model": "contenttypes.contenttype", "pk": 25, "fields": {"app_label": "Session", "model": "attendance"}}, {"model": "contenttypes.contenttype", "pk": 26, "fields": {"app_label": "Session", "model": "session"}}, {"model": "sessions.session", "pk": "4wj8w5sxwp9obuve5sjdff54vnv9cl4d", "fields": {"session_data": ".eJxVjMsOwiAQRf-FtSECUx4u3fcbyMwAUjU0Ke3K-O_apAvd3nPOfYmI21rj1vMSpyQuQonT70bIj9x2kO7YbrPkua3LRHJX5EG7HOeUn9fD_Tuo2Ou3NgNDsb6E5BkokYaQyRmrLRpCAhPorMEAo_askndM1jqnB6NKDsDi_QHq_Dfa:1rfOoj:ku1JbjitVSi1ZseiUSBy0mKZUSJiln98lBVKe-U7o_4", "expire_date": "2024-03-13T18:38:09.977Z"}}, {"model": "sessions.session", "pk": "8vw27t6ceb2yelm0r5qdfkprxvsz15ma", "fields": {"session_data": ".eJxVjMsOwiAQRf-FtSECUx4u3fcbyMwAUjU0Ke3K-O_apAvd3nPOfYmI21rj1vMSpyQuQonT70bIj9x2kO7YbrPkua3LRHJX5EG7HOeUn9fD_Tuo2Ou3NgNDsb6E5BkokYaQyRmrLRpCAhPorMEAo_askndM1jqnB6NKDsDi_QHq_Dfa:1reUEI:7GmA7R1IJVRc8PDt4CmFBQrRnInZ5pzft_9iRuDxtjc", "expire_date": "2024-03-11T06:12:46.088Z"}}, {"model": "sessions.session", "pk": "ap998cvzl0z09ia1j02sfy4cskvmifj1", "fields": {"session_data": ".eJxVjMsOwiAQRf-FtSECUx4u3fcbyMwAUjU0Ke3K-O_apAvd3nPOfYmI21rj1vMSpyQuQonT70bIj9x2kO7YbrPkua3LRHJX5EG7HOeUn9fD_Tuo2Ou3NgNDsb6E5BkokYaQyRmrLRpCAhPorMEAo_askndM1jqnB6NKDsDi_QHq_Dfa:1retF4:pyecbyZmUxXaD4MtWGrwcXec8HwLFVOVhL6LdwUZWMw", "expire_date": "2024-03-12T08:55:14.129Z"}}, {"model": "sessions.session", "pk": "c3k04rh6x0resumq9gxswrl9d8eevc73", "fields": {"session_data": ".eJxVjMsOwiAQRf-FtSECUx4u3fcbyMwAUjU0Ke3K-O_apAvd3nPOfYmI21rj1vMSpyQuQonT70bIj9x2kO7YbrPkua3LRHJX5EG7HOeUn9fD_Tuo2Ou3NgNDsb6E5BkokYaQyRmrLRpCAhPorMEAo_askndM1jqnB6NKDsDi_QHq_Dfa:1rh0yG:NLhcPMBSh_jOK4zvHTavfCeHfRJrnHbk95ZU-w9XChQ", "expire_date": "2024-03-18T05:34:40.027Z"}}, {"model": "sessions.session", "pk": "t9exwekyul0nqehz9gw1u1674matgb0v", "fields": {"session_data": ".eJxVjMsOwiAQRf-FtSECUx4u3fcbyMwAUjU0Ke3K-O_apAvd3nPOfYmI21rj1vMSpyQuQonT70bIj9x2kO7YbrPkua3LRHJX5EG7HOeUn9fD_Tuo2Ou3NgNDsb6E5BkokYaQyRmrLRpCAhPorMEAo_askndM1jqnB6NKDsDi_QHq_Dfa:1rf1y9:RQaVe2np4sQTuqqpdpbUbJivZ83jDNAkVOTdx_5dMWQ", "expire_date": "2024-03-12T18:14:21.032Z"}}, {"model": "sessions.session", "pk": "tj38rros1rdg6jvtiwxqlkr1geb3wyy1", "fields": {"session_data": ".eJxVjMsOwiAQRf-FtSECUx4u3fcbyMwAUjU0Ke3K-O_apAvd3nPOfYmI21rj1vMSpyQuQonT70bIj9x2kO7YbrPkua3LRHJX5EG7HOeUn9fD_Tuo2Ou3NgNDsb6E5BkokYaQyRmrLRpCAhPorMEAo_askndM1jqnB6NKDsDi_QHq_Dfa:1rfjQk:NJmKAAFmr-9XsQaZOb6liIQRI26nOM5dBEwvE3FIh1E", "expire_date": "2024-03-14T16:38:46.954Z"}}, {"model": "sessions.session", "pk": "uo7ckc76r5zqwtgq6py6uqogorj0jua6", "fields": {"session_data": ".eJxVjMsOwiAQRf-FtSECUx4u3fcbyMwAUjU0Ke3K-O_apAvd3nPOfYmI21rj1vMSpyQuQonT70bIj9x2kO7YbrPkua3LRHJX5EG7HOeUn9fD_Tuo2Ou3NgNDsb6E5BkokYaQyRmrLRpCAhPorMEAo_askndM1jqnB6NKDsDi_QHq_Dfa:1rg3Rq:0Uzw5xUtp5FrW_8An75TvWcscTBri2Sq5aqpuHDiX7M", "expire_date": "2024-03-15T14:01:14.552Z"}}, {"model": "sessions.session", "pk": "wedr22v7zl23tj33dlpx8y9kyh1zd9r8", "fields": {"session_data": ".eJxVjMsOwiAQRf-FtSECUx4u3fcbyMwAUjU0Ke3K-O_apAvd3nPOfYmI21rj1vMSpyQuQonT70bIj9x2kO7YbrPkua3LRHJX5EG7HOeUn9fD_Tuo2Ou3NgNDsb6E5BkokYaQyRmrLRpCAhPorMEAo_askndM1jqnB6NKDsDi_QHq_Dfa:1rg8n3:cHTL0VkGqKx4ST-FSMu7jEyKwGg6_37Sr56VTrTLnZY", "expire_date": "2024-03-15T19:43:29.736Z"}}, {"model": "token_blacklist.outstandingtoken", "pk": 1, "fields": {"user": 1, "jti": "e8b2618538dd4a608ab39265075d7893", "token": "eyJhbGciOiJIUzI1NiIsInR5cCI6IkpXVCJ9.eyJ0b2tlbl90eXBlIjoicmVmcmVzaCIsImV4cCI6MTcxNjcwNDQ5NywiaWF0IjoxNzA4OTI4NDk3LCJqdGkiOiJlOGIyNjE4NTM4ZGQ0YTYwOGFiMzkyNjUwNzVkNzg5MyIsInVzZXJfaWQiOjF9.uJq5cAWF7CxXRcZIK1I-3UTHWRa5tzJ8pYyRj_2nC2g", "created_at": "2024-02-26T06:21:37.600Z", "expires_at": "2024-05-26T06:21:37Z"}}, {"model": "token_blacklist.outstandingtoken", "pk": 2, "fields": {"user": 1, "jti": "3a988d5b23f343e5a03af16aaaa48ae3", "token": "eyJhbGciOiJIUzI1NiIsInR5cCI6IkpXVCJ9.eyJ0b2tlbl90eXBlIjoicmVmcmVzaCIsImV4cCI6MTcxNjcwNDU2NiwiaWF0IjoxNzA4OTI4NTY2LCJqdGkiOiIzYTk4OGQ1YjIzZjM0M2U1YTAzYWYxNmFhYWE0OGFlMyIsInVzZXJfaWQiOjF9.kUonUX-xbpGwEf0d1XwJ0GRhSH7gs_H7rfGpS69FjDU", "created_at": "2024-02-26T06:22:46.706Z", "expires_at": "2024-05-26T06:22:46Z"}}, {"model": "token_blacklist.outstandingtoken", "pk": 3, "fields": {"user": 1, "jti": "f8b7ef9bb8fd46fda4878f3d61f902db", "token": "eyJhbGciOiJIUzI1NiIsInR5cCI6IkpXVCJ9.eyJ0b2tlbl90eXBlIjoicmVmcmVzaCIsImV4cCI6MTcxNjcwNTQ2MiwiaWF0IjoxNzA4OTI5NDYyLCJqdGkiOiJmOGI3ZWY5YmI4ZmQ0NmZkYTQ4NzhmM2Q2MWY5MDJkYiIsInVzZXJfaWQiOjF9.-JKVSDur4XRgp2f9VGo45m4mVAfJqsSTIrl4F3ioTkk", "created_at": "2024-02-26T06:37:42.750Z", "expires_at": "2024-05-26T06:37:42Z"}}, {"model": "token_blacklist.outstandingtoken", "pk": 4, "fields": {"user": 1, "jti": "f76d68fec8a94bb98b71cae860f0470a", "token": "eyJhbGciOiJIUzI1NiIsInR5cCI6IkpXVCJ9.eyJ0b2tlbl90eXBlIjoicmVmcmVzaCIsImV4cCI6MTcxNjcwNTc1OSwiaWF0IjoxNzA4OTI5NzU5LCJqdGkiOiJmNzZkNjhmZWM4YTk0YmI5OGI3MWNhZTg2MGYwNDcwYSIsInVzZXJfaWQiOjF9.IyJ7QqjUlm-0wZgW55nQ_BL8azVv9zqmDumWdwbBXWM", "created_at": "2024-02-26T06:42:39.822Z", "expires_at": "2024-05-26T06:42:39Z"}}, {"model": "token_blacklist.outstandingtoken", "pk": 5, "fields": {"user": null, "jti": "9165c2ec22894d5c93193ace4951390e", "token": "eyJhbGciOiJIUzI1NiIsInR5cCI6IkpXVCJ9.eyJ0b2tlbl90eXBlIjoicmVmcmVzaCIsImV4cCI6MTcxNjcwNjM2NiwiaWF0IjoxNzA4OTMwMzY2LCJqdGkiOiI5MTY1YzJlYzIyODk0ZDVjOTMxOTNhY2U0OTUxMzkwZSIsInVzZXJfaWQiOjR9.07nXK5CM49hWzWFfcouJZYWrsV-id-ho9Cie5UVsAlM", "created_at": "2024-02-26T06:52:46.549Z", "expires_at": "2024-05-26T06:52:46Z"}}, {"model": "token_blacklist.outstandingtoken", "pk": 6, "fields": {"user": null, "jti": "3c2fd5d716c64c0998f6a83ae6abe54f", "token": "eyJhbGciOiJIUzI1NiIsInR5cCI6IkpXVCJ9.eyJ0b2tlbl90eXBlIjoicmVmcmVzaCIsImV4cCI6MTcxNjcxMDQ0MywiaWF0IjoxNzA4OTM0NDQzLCJqdGkiOiIzYzJmZDVkNzE2YzY0YzA5OThmNmE4M2FlNmFiZTU0ZiIsInVzZXJfaWQiOjR9.ApFaK_VpGSZBrTl4K2fhrD5dMQShsuj-mCccxx3F8yc", "created_at": "2024-02-26T08:00:43.489Z", "expires_at": "2024-05-26T08:00:43Z"}}, {"model": "token_blacklist.outstandingtoken", "pk": 7, "fields": {"user": 168, "jti": "f1b814bede4149b3b974f25d5bcdc04e", "token": "eyJhbGciOiJIUzI1NiIsInR5cCI6IkpXVCJ9.eyJ0b2tlbl90eXBlIjoicmVmcmVzaCIsImV4cCI6MTcxNjcxMjUwMywiaWF0IjoxNzA4OTM2NTAzLCJqdGkiOiJmMWI4MTRiZWRlNDE0OWIzYjk3NGYyNWQ1YmNkYzA0ZSIsInVzZXJfaWQiOjE2OH0.La8emx8k8IjF0MFLrqRSfRs8E6AlG9g13v47IDW2Nfo", "created_at": "2024-02-26T08:35:03.402Z", "expires_at": "2024-05-26T08:35:03Z"}}, {"model": "token_blacklist.outstandingtoken", "pk": 8, "fields": {"user": null, "jti": "9748bd0dc21b4f72a228e82a080889ab", "token": "eyJhbGciOiJIUzI1NiIsInR5cCI6IkpXVCJ9.eyJ0b2tlbl90eXBlIjoicmVmcmVzaCIsImV4cCI6MTcxNjcxNDAwOSwiaWF0IjoxNzA4OTM4MDA5LCJqdGkiOiI5NzQ4YmQwZGMyMWI0ZjcyYTIyOGU4MmEwODA4ODlhYiIsInVzZXJfaWQiOjIzNn0.B_CURd8yjyCbmwTx50pEWQ5JU4RIbwcCETby-7KlPNA", "created_at": "2024-02-26T09:00:09.532Z", "expires_at": "2024-05-26T09:00:09Z"}}, {"model": "token_blacklist.outstandingtoken", "pk": 9, "fields": {"user": 204, "jti": "46b91df1859b408db93fa0872cf0bee3", "token": "eyJhbGciOiJIUzI1NiIsInR5cCI6IkpXVCJ9.eyJ0b2tlbl90eXBlIjoicmVmcmVzaCIsImV4cCI6MTcxNjcxNDMxMCwiaWF0IjoxNzA4OTM4MzEwLCJqdGkiOiI0NmI5MWRmMTg1OWI0MDhkYjkzZmEwODcyY2YwYmVlMyIsInVzZXJfaWQiOjIwNH0.c1muEGZvyx6BQ1-ORs4gXNfu0jMznCplyqlbWSEFLMY", "created_at": "2024-02-26T09:05:10.164Z", "expires_at": "2024-05-26T09:05:10Z"}}, {"model": "token_blacklist.outstandingtoken", "pk": 10, "fields": {"user": null, "jti": "d36e576cfe754c6a973c2bf4c074488c", "token": "eyJhbGciOiJIUzI1NiIsInR5cCI6IkpXVCJ9.eyJ0b2tlbl90eXBlIjoicmVmcmVzaCIsImV4cCI6MTcxNjcxNDU5NywiaWF0IjoxNzA4OTM4NTk3LCJqdGkiOiJkMzZlNTc2Y2ZlNzU0YzZhOTczYzJiZjRjMDc0NDg4YyIsInVzZXJfaWQiOjIzNn0.GpSoO5NSDg0ZAixUsSso6q1FsSk9uBu6aOSx-jKKZso", "created_at": "2024-02-26T09:09:57.350Z", "expires_at": "2024-05-26T09:09:57Z"}}, {"model": "token_blacklist.outstandingtoken", "pk": 11, "fields": {"user": 180, "jti": "eae9a271cf6945db93779c2b00a626ef", "token": "eyJhbGciOiJIUzI1NiIsInR5cCI6IkpXVCJ9.eyJ0b2tlbl90eXBlIjoicmVmcmVzaCIsImV4cCI6MTcxNjcxNDY0MSwiaWF0IjoxNzA4OTM4NjQxLCJqdGkiOiJlYWU5YTI3MWNmNjk0NWRiOTM3NzljMmIwMGE2MjZlZiIsInVzZXJfaWQiOjE4MH0.Hk9bmMn6sKyRPho2C8Uh6QNbh_KKW1PNmhNIS35gXJc", "created_at": "2024-02-26T09:10:41.623Z", "expires_at": "2024-05-26T09:10:41Z"}}, {"model": "token_blacklist.outstandingtoken", "pk": 12, "fields": {"user": null, "jti": "6b54658b2488436e972477244e1e705a", "token": "eyJhbGciOiJIUzI1NiIsInR5cCI6IkpXVCJ9.eyJ0b2tlbl90eXBlIjoicmVmcmVzaCIsImV4cCI6MTcxNjcxNDcxMywiaWF0IjoxNzA4OTM4NzEzLCJqdGkiOiI2YjU0NjU4YjI0ODg0MzZlOTcyNDc3MjQ0ZTFlNzA1YSIsInVzZXJfaWQiOjIzNn0.KGJ9mhrhtWWkim3xm13b7hf2VlzwsXvDo59FIglx9Z0", "created_at": "2024-02-26T09:11:53.705Z", "expires_at": "2024-05-26T09:11:53Z"}}, {"model": "token_blacklist.outstandingtoken", "pk": 13, "fields": {"user": 180, "jti": "b2e1f8346c604e34b9202beb99e590fc", "token": "eyJhbGciOiJIUzI1NiIsInR5cCI6IkpXVCJ9.eyJ0b2tlbl90eXBlIjoicmVmcmVzaCIsImV4cCI6MTcxNjcxNDg3NiwiaWF0IjoxNzA4OTM4ODc2LCJqdGkiOiJiMmUxZjgzNDZjNjA0ZTM0YjkyMDJiZWI5OWU1OTBmYyIsInVzZXJfaWQiOjE4MH0.WQGJ8KLB95V4Eh0SIXSdjvb4iJfkev15xTUtGJSig0Q", "created_at": "2024-02-26T09:14:36.239Z", "expires_at": "2024-05-26T09:14:36Z"}}, {"model": "token_blacklist.outstandingtoken", "pk": 14, "fields": {"user": 207, "jti": "903587d355cd42249cbddec1c2b069e5", "token": "eyJhbGciOiJIUzI1NiIsInR5cCI6IkpXVCJ9.eyJ0b2tlbl90eXBlIjoicmVmcmVzaCIsImV4cCI6MTcxNjcxNTA1OSwiaWF0IjoxNzA4OTM5MDU5LCJqdGkiOiI5MDM1ODdkMzU1Y2Q0MjI0OWNiZGRlYzFjMmIwNjllNSIsInVzZXJfaWQiOjIwN30.3nXHL9cP-_UInumY3eUhGO3HXEnRKOxWJlG0a86kGrY", "created_at": "2024-02-26T09:17:39.117Z", "expires_at": "2024-05-26T09:17:39Z"}}, {"model": "token_blacklist.outstandingtoken", "pk": 15, "fields": {"user": 180, "jti": "ba5f0f1eea874634beaf5575ee628db9", "token": "eyJhbGciOiJIUzI1NiIsInR5cCI6IkpXVCJ9.eyJ0b2tlbl90eXBlIjoicmVmcmVzaCIsImV4cCI6MTcxNjcxNTA3MiwiaWF0IjoxNzA4OTM5MDcyLCJqdGkiOiJiYTVmMGYxZWVhODc0NjM0YmVhZjU1NzVlZTYyOGRiOSIsInVzZXJfaWQiOjE4MH0.d35jepBkUS5RHDA6DVim6VLwg1g5HJ0EhXyfnr28cx4", "created_at": "2024-02-26T09:17:52.138Z", "expires_at": "2024-05-26T09:17:52Z"}}, {"model": "token_blacklist.outstandingtoken", "pk": 16, "fields": {"user": 188, "jti": "0d3fac0965cd47599878502477907cd8", "token": "eyJhbGciOiJIUzI1NiIsInR5cCI6IkpXVCJ9.eyJ0b2tlbl90eXBlIjoicmVmcmVzaCIsImV4cCI6MTcxNjcxNTE0NywiaWF0IjoxNzA4OTM5MTQ3LCJqdGkiOiIwZDNmYWMwOTY1Y2Q0NzU5OTg3ODUwMjQ3NzkwN2NkOCIsInVzZXJfaWQiOjE4OH0.a1YKLOLIobQbIuEhDuqW6tUJfojI_rlJDvvABxKPxCU", "created_at": "2024-02-26T09:19:07.585Z", "expires_at": "2024-05-26T09:19:07Z"}}, {"model": "token_blacklist.outstandingtoken", "pk": 17, "fields": {"user": 180, "jti": "1db7fa52dee842918606ccceaea48b68", "token": "eyJhbGciOiJIUzI1NiIsInR5cCI6IkpXVCJ9.eyJ0b2tlbl90eXBlIjoicmVmcmVzaCIsImV4cCI6MTcxNjcxNTIzMiwiaWF0IjoxNzA4OTM5MjMyLCJqdGkiOiIxZGI3ZmE1MmRlZTg0MjkxODYwNmNjY2VhZWE0OGI2OCIsInVzZXJfaWQiOjE4MH0.1EEJEPbbaWgcWF4ctr2rNqQkmgwFy5CQOxLdkIW5z6g", "created_at": "2024-02-26T09:20:32.684Z", "expires_at": "2024-05-26T09:20:32Z"}}, {"model": "token_blacklist.outstandingtoken", "pk": 18, "fields": {"user": 193, "jti": "eeefb43cbdc34d788e47a15f2d6514a3", "token": "eyJhbGciOiJIUzI1NiIsInR5cCI6IkpXVCJ9.eyJ0b2tlbl90eXBlIjoicmVmcmVzaCIsImV4cCI6MTcxNjcxNTIzNiwiaWF0IjoxNzA4OTM5MjM2LCJqdGkiOiJlZWVmYjQzY2JkYzM0ZDc4OGU0N2ExNWYyZDY1MTRhMyIsInVzZXJfaWQiOjE5M30.1gms68_PuZmy4B5J_n4bsu6TufwygzCKza6iL4tC3QE", "created_at": "2024-02-26T09:20:36.882Z", "expires_at": "2024-05-26T09:20:36Z"}}, {"model": "token_blacklist.outstandingtoken", "pk": 19, "fields": {"user": null, "jti": "476d560366f5428283967f86d3bed6c5", "token": "eyJhbGciOiJIUzI1NiIsInR5cCI6IkpXVCJ9.eyJ0b2tlbl90eXBlIjoicmVmcmVzaCIsImV4cCI6MTcxNTk1MDA1MCwiaWF0IjoxNzA4MTc0MDUwLCJqdGkiOiI0NzZkNTYwMzY2ZjU0MjgyODM5NjdmODZkM2JlZDZjNSIsInVzZXJfaWQiOjMsIm9iaiI6eyJpZCI6MiwicHJvZmlsZSI6eyJuYW1lIjoiTWFuYXYgU2hhaCIsImVtYWlsIjoibWFuYXZzaGFoMTAxMS5tc0BnbWFpbC5jb20iLCJwaF9ubyI6Ijk5MjU3MTcwMDUiLCJyb2xlIjoiYWRtaW4ifSwiYnJhbmNoIjp7ImJyYW5jaF9uYW1lIjoiRWxlY3Ryb25pY3MgQW5kIENvbW11bmljYXRpb24iLCJicmFuY2hfY29kZSI6MTEsInNsdWciOiIyNzcwNjlfMTcwNzczMzIxMSIsImNvbGxlZ2UiOnsiY29sbGVnZV9uYW1lIjoiTC5ELiBjb2xsZWdlIG9mIGVuZ2luZWVyaW5nIiwic2x1ZyI6IjMyNTg2Nl8xNzA3NzMzMTg0In19fX0.pCDtbJ6w-jpmR0h6mjQ9ketvtfHCxkL1WDRij0BaOtQ", "created_at": null, "expires_at": "2024-05-17T12:47:30Z"}}, {"model": "token_blacklist.outstandingtoken", "pk": 20, "fields": {"user": 207, "jti": "bde715581ed14a989499f1c76404e7d0", "token": "eyJhbGciOiJIUzI1NiIsInR5cCI6IkpXVCJ9.eyJ0b2tlbl90eXBlIjoicmVmcmVzaCIsImV4cCI6MTcxNjc5OTQ3MCwiaWF0IjoxNzA5MDIzNDcwLCJqdGkiOiJiZGU3MTU1ODFlZDE0YTk4OTQ5OWYxYzc2NDA0ZTdkMCIsInVzZXJfaWQiOjIwN30.oJRBz210QvzIqMPIxRrmi7GNBTrTRotvB_AAOBLwGLA", "created_at": "2024-02-27T08:44:30.288Z", "expires_at": "2024-05-27T08:44:30Z"}}, {"model": "token_blacklist.outstandingtoken", "pk": 21, "fields": {"user": 180, "jti": "47c2296c96ac4ab7adcf9503048c046d", "token": "eyJhbGciOiJIUzI1NiIsInR5cCI6IkpXVCJ9.eyJ0b2tlbl90eXBlIjoicmVmcmVzaCIsImV4cCI6MTcxNjc5OTQ4NSwiaWF0IjoxNzA5MDIzNDg1LCJqdGkiOiI0N2MyMjk2Yzk2YWM0YWI3YWRjZjk1MDMwNDhjMDQ2ZCIsInVzZXJfaWQiOjE4MH0.9eN8yVQGOaGrb3XFZos2_qR-pT1afK0BAM76pkz-Rag", "created_at": "2024-02-27T08:44:45.984Z", "expires_at": "2024-05-27T08:44:45Z"}}, {"model": "token_blacklist.outstandingtoken", "pk": 22, "fields": {"user": 180, "jti": "4445eabf79f7467189235c7e593e1e74", "token": "eyJhbGciOiJIUzI1NiIsInR5cCI6IkpXVCJ9.eyJ0b2tlbl90eXBlIjoicmVmcmVzaCIsImV4cCI6MTcxNjc5OTQ4NSwiaWF0IjoxNzA5MDIzNDg1LCJqdGkiOiI0NDQ1ZWFiZjc5Zjc0NjcxODkyMzVjN2U1OTNlMWU3NCIsInVzZXJfaWQiOjE4MH0.M0Q-nFzi4W0CLwT9PNFGDrQajr9NZTjWmxuOQed2xFs", "created_at": "2024-02-27T08:44:45.995Z", "expires_at": "2024-05-27T08:44:45Z"}}, {"model": "token_blacklist.outstandingtoken", "pk": 23, "fields": {"user": 204, "jti": "3a56ff9ef7f94a9db31c9910bdbc959d", "token": "eyJhbGciOiJIUzI1NiIsInR5cCI6IkpXVCJ9.eyJ0b2tlbl90eXBlIjoicmVmcmVzaCIsImV4cCI6MTcxNjc5OTUxNSwiaWF0IjoxNzA5MDIzNTE1LCJqdGkiOiIzYTU2ZmY5ZWY3Zjk0YTlkYjMxYzk5MTBiZGJjOTU5ZCIsInVzZXJfaWQiOjIwNH0.TNoNN-BQPF0nGJ-MzAaL0a3BrG0gpwT8bxPdEukiOuo", "created_at": "2024-02-27T08:45:15.605Z", "expires_at": "2024-05-27T08:45:15Z"}}, {"model": "token_blacklist.outstandingtoken", "pk": 24, "fields": {"user": 195, "jti": "dacc0e9afbdb44ebb2d93fa681d00af4", "token": "eyJhbGciOiJIUzI1NiIsInR5cCI6IkpXVCJ9.eyJ0b2tlbl90eXBlIjoicmVmcmVzaCIsImV4cCI6MTcxNjc5OTU3NiwiaWF0IjoxNzA5MDIzNTc2LCJqdGkiOiJkYWNjMGU5YWZiZGI0NGViYjJkOTNmYTY4MWQwMGFmNCIsInVzZXJfaWQiOjE5NX0.F_-3rqZVCHb9YiYcA48P3_q_gSEzfwjnoqV5tgWBT8k", "created_at": "2024-02-27T08:46:16.961Z", "expires_at": "2024-05-27T08:46:16Z"}}, {"model": "token_blacklist.outstandingtoken", "pk": 25, "fields": {"user": 193, "jti": "beb76094601349779799a82c82a4993c", "token": "eyJhbGciOiJIUzI1NiIsInR5cCI6IkpXVCJ9.eyJ0b2tlbl90eXBlIjoicmVmcmVzaCIsImV4cCI6MTcxNjc5OTU3OSwiaWF0IjoxNzA5MDIzNTc5LCJqdGkiOiJiZWI3NjA5NDYwMTM0OTc3OTc5OWE4MmM4MmE0OTkzYyIsInVzZXJfaWQiOjE5M30.5BXzIfsHltAj6NgFEGEZ5dpkERIbWWwOjGNYp6aHtEM", "created_at": "2024-02-27T08:46:19.513Z", "expires_at": "2024-05-27T08:46:19Z"}}, {"model": "token_blacklist.outstandingtoken", "pk": 26, "fields": {"user": 185, "jti": "3e820e8d432a4150938f0a344290914b", "token": "eyJhbGciOiJIUzI1NiIsInR5cCI6IkpXVCJ9.eyJ0b2tlbl90eXBlIjoicmVmcmVzaCIsImV4cCI6MTcxNjc5OTYyNSwiaWF0IjoxNzA5MDIzNjI1LCJqdGkiOiIzZTgyMGU4ZDQzMmE0MTUwOTM4ZjBhMzQ0MjkwOTE0YiIsInVzZXJfaWQiOjE4NX0.mXIOB1_0_vGfzpYhmFnwIbFb3rrWG9lL2cqdQQwRmms", "created_at": "2024-02-27T08:47:05.575Z", "expires_at": "2024-05-27T08:47:05Z"}}, {"model": "token_blacklist.outstandingtoken", "pk": 27, "fields": {"user": 197, "jti": "bf13fd8a04ec4c95aa5c543befb23c44", "token": "eyJhbGciOiJIUzI1NiIsInR5cCI6IkpXVCJ9.eyJ0b2tlbl90eXBlIjoicmVmcmVzaCIsImV4cCI6MTcxNjc5OTYyOCwiaWF0IjoxNzA5MDIzNjI4LCJqdGkiOiJiZjEzZmQ4YTA0ZWM0Yzk1YWE1YzU0M2JlZmIyM2M0NCIsInVzZXJfaWQiOjE5N30.L6macvL7uI3EPHAk_-TW3ytMq1VjobvcXHPJ2ZKVZeA", "created_at": "2024-02-27T08:47:08.370Z", "expires_at": "2024-05-27T08:47:08Z"}}, {"model": "token_blacklist.outstandingtoken", "pk": 28, "fields": {"user": 188, "jti": "814d477dd8324743b3f85cdd7a3f7f25", "token": "eyJhbGciOiJIUzI1NiIsInR5cCI6IkpXVCJ9.eyJ0b2tlbl90eXBlIjoicmVmcmVzaCIsImV4cCI6MTcxNjc5OTc1OCwiaWF0IjoxNzA5MDIzNzU4LCJqdGkiOiI4MTRkNDc3ZGQ4MzI0NzQzYjNmODVjZGQ3YTNmN2YyNSIsInVzZXJfaWQiOjE4OH0.u3WlUyBuDc-23kmEyeB2Va8bzt7M-AluPOljxjKbFZ4", "created_at": "2024-02-27T08:49:18.725Z", "expires_at": "2024-05-27T08:49:18Z"}}, {"model": "token_blacklist.outstandingtoken", "pk": 29, "fields": {"user": 188, "jti": "a6db6c2cf822497bb31aa66be32605da", "token": "eyJhbGciOiJIUzI1NiIsInR5cCI6IkpXVCJ9.eyJ0b2tlbl90eXBlIjoicmVmcmVzaCIsImV4cCI6MTcxNjc5OTc4NywiaWF0IjoxNzA5MDIzNzg3LCJqdGkiOiJhNmRiNmMyY2Y4MjI0OTdiYjMxYWE2NmJlMzI2MDVkYSIsInVzZXJfaWQiOjE4OH0.zcHfZuoiei7VRC-MAwnocFkbentlTUPt3n6qvObeA58", "created_at": "2024-02-27T08:49:47.751Z", "expires_at": "2024-05-27T08:49:47Z"}}, {"model": "token_blacklist.outstandingtoken", "pk": 30, "fields": {"user": null, "jti": "6ea815199218492f98c2f3cbf3f6ada3", "token": "eyJhbGciOiJIUzI1NiIsInR5cCI6IkpXVCJ9.eyJ0b2tlbl90eXBlIjoicmVmcmVzaCIsImV4cCI6MTcxNjc5OTI4NCwiaWF0IjoxNzA5MDIzMjg0LCJqdGkiOiI2ZWE4MTUxOTkyMTg0OTJmOThjMmYzY2JmM2Y2YWRhMyIsInVzZXJfaWQiOjMsIm9iaiI6eyJpZCI6MiwicHJvZmlsZSI6eyJuYW1lIjoiTWFuYXYgU2hhaCIsImVtYWlsIjoibWFuYXZzaGFoMTAxMS5tc0BnbWFpbC5jb20iLCJwaF9ubyI6Ijk5MjU3MTcwMDUiLCJyb2xlIjoiYWRtaW4ifSwiYnJhbmNoIjp7ImJyYW5jaF9uYW1lIjoiRWxlY3Ryb25pY3MgQW5kIENvbW11bmljYXRpb24iLCJicmFuY2hfY29kZSI6MTEsInNsdWciOiIyNzcwNjlfMTcwNzczMzIxMSIsImNvbGxlZ2UiOnsiY29sbGVnZV9uYW1lIjoiTC5ELiBjb2xsZWdlIG9mIGVuZ2luZWVyaW5nIiwic2x1ZyI6IjMyNTg2Nl8xNzA3NzMzMTg0In19fX0.sjvQphjb2RVX4DMAZ7TRVq4xSLcB9Sn4jQj_8kOmy1I", "created_at": null, "expires_at": "2024-05-27T08:41:24Z"}}, {"model": "token_blacklist.outstandingtoken", "pk": 31, "fields": {"user": 1, "jti": "885fe19ddd574c95be6c5dcc9aca7526", "token": "eyJhbGciOiJIUzI1NiIsInR5cCI6IkpXVCJ9.eyJ0b2tlbl90eXBlIjoicmVmcmVzaCIsImV4cCI6MTcxNjgwMDIwNSwiaWF0IjoxNzA5MDI0MjA1LCJqdGkiOiI4ODVmZTE5ZGRkNTc0Yzk1YmU2YzVkY2M5YWNhNzUyNiIsInVzZXJfaWQiOjF9.g7o90ct4cvB0Zd7T5MaDAgL4IQnRoVQfzoZ0MYScjgc", "created_at": "2024-02-27T08:56:45.141Z", "expires_at": "2024-05-27T08:56:45Z"}}, {"model": "token_blacklist.outstandingtoken", "pk": 32, "fields": {"user": null, "jti": "3df6d83355694230bd5e1dd73cc251e6", "token": "eyJhbGciOiJIUzI1NiIsInR5cCI6IkpXVCJ9.eyJ0b2tlbl90eXBlIjoicmVmcmVzaCIsImV4cCI6MTcxNjgwMDMxNSwiaWF0IjoxNzA5MDI0MzE1LCJqdGkiOiIzZGY2ZDgzMzU1Njk0MjMwYmQ1ZTFkZDczY2MyNTFlNiIsInVzZXJfaWQiOjR9.JUk37zywrFb9odg1Vrs6C7kitTOHQvPDU2LslaUCRQo", "created_at": "2024-02-27T08:58:35.823Z", "expires_at": "2024-05-27T08:58:35Z"}}, {"model": "token_blacklist.outstandingtoken", "pk": 33, "fields": {"user": 204, "jti": "2ac555980bcb4f559f09d0a315e58bbe", "token": "eyJhbGciOiJIUzI1NiIsInR5cCI6IkpXVCJ9.eyJ0b2tlbl90eXBlIjoicmVmcmVzaCIsImV4cCI6MTcxNjgwMDQ5NCwiaWF0IjoxNzA5MDI0NDk0LCJqdGkiOiIyYWM1NTU5ODBiY2I0ZjU1OWYwOWQwYTMxNWU1OGJiZSIsInVzZXJfaWQiOjIwNH0.PxXNCFun7ztrSwJAiM5nplIKdcPhtwWPBWfgJ0MlQnU", "created_at": "2024-02-27T09:01:34.179Z", "expires_at": "2024-05-27T09:01:34Z"}}, {"model": "token_blacklist.outstandingtoken", "pk": 34, "fields": {"user": null, "jti": "999c6d72f2da406e9ecc4ba057573ac4", "token": "eyJhbGciOiJIUzI1NiIsInR5cCI6IkpXVCJ9.eyJ0b2tlbl90eXBlIjoicmVmcmVzaCIsImV4cCI6MTcxNjIwMDIxNSwiaWF0IjoxNzA4NDI0MjE1LCJqdGkiOiI5OTljNmQ3MmYyZGE0MDZlOWVjYzRiYTA1NzU3M2FjNCIsInVzZXJfaWQiOjQzLCJvYmoiOnsic2x1ZyI6IjMwMjY3NF8xNzA3NzUwODgyIiwicHJvZmlsZSI6eyJuYW1lIjoiTUFLVkFOQSBDSElSQUcgUkFNSklCSEFJIiwiZW1haWwiOiIyMmVjY2hpMDU3QGxkY2UuYWMuaW4iLCJwaF9ubyI6bnVsbCwicm9sZSI6InN0dWRlbnQifSwiYnJhbmNoIjp7ImJyYW5jaF9uYW1lIjoiRWxlY3Ryb25pY3MgQW5kIENvbW11bmljYXRpb24iLCJicmFuY2hfY29kZSI6MTEsInNsdWciOiIyNzcwNjlfMTcwNzczMzIxMSIsImNvbGxlZ2UiOnsiY29sbGVnZV9uYW1lIjoiTC5ELiBjb2xsZWdlIG9mIGVuZ2luZWVyaW5nIiwic2x1ZyI6IjMyNTg2Nl8xNzA3NzMzMTg0In19LCJzcl9ubyI6NDExMDM5LCJlbnJvbGxtZW50IjoiMjIwMjgwMTExMDU3In19.2xQN6yn5w7wI6OqiWD2nG-jJW9NPQ2CCM_9gbiXKSv0", "created_at": null, "expires_at": "2024-05-20T10:16:55Z"}}, {"model": "token_blacklist.outstandingtoken", "pk": 35, "fields": {"user": null, "jti": "49d8dc3376744dec8bcfa24b7aec28f5", "token": "eyJhbGciOiJIUzI1NiIsInR5cCI6IkpXVCJ9.eyJ0b2tlbl90eXBlIjoicmVmcmVzaCIsImV4cCI6MTcxNjgwMzM4NywiaWF0IjoxNzA5MDI3Mzg3LCJqdGkiOiI0OWQ4ZGMzMzc2NzQ0ZGVjOGJjZmEyNGI3YWVjMjhmNSIsInVzZXJfaWQiOjQzLCJvYmoiOnsic2x1ZyI6IjMwMjY3NF8xNzA3NzUwODgyIiwicHJvZmlsZSI6eyJuYW1lIjoiTUFLVkFOQSBDSElSQUcgUkFNSklCSEFJIiwiZW1haWwiOiIyMmVjY2hpMDU3QGxkY2UuYWMuaW4iLCJwaF9ubyI6bnVsbCwicm9sZSI6InN0dWRlbnQifSwiYnJhbmNoIjp7ImJyYW5jaF9uYW1lIjoiRWxlY3Ryb25pY3MgQW5kIENvbW11bmljYXRpb24iLCJicmFuY2hfY29kZSI6MTEsInNsdWciOiIyNzcwNjlfMTcwNzczMzIxMSIsImNvbGxlZ2UiOnsiY29sbGVnZV9uYW1lIjoiTC5ELiBjb2xsZWdlIG9mIGVuZ2luZWVyaW5nIiwic2x1ZyI6IjMyNTg2Nl8xNzA3NzMzMTg0In19LCJzcl9ubyI6NDExMDM5LCJlbnJvbGxtZW50IjoiMjIwMjgwMTExMDU3In19.WXbbBikBWq7gnYMF4LGKDzTZAJsseV1R3TWR2XbR1vk", "created_at": null, "expires_at": "2024-05-27T09:49:47Z"}}, {"model": "token_blacklist.outstandingtoken", "pk": 36, "fields": {"user": 188, "jti": "1e035efe14594da7bbadb3ffda597d75", "token": "eyJhbGciOiJIUzI1NiIsInR5cCI6IkpXVCJ9.eyJ0b2tlbl90eXBlIjoicmVmcmVzaCIsImV4cCI6MTcxNjgwMzU4MywiaWF0IjoxNzA5MDI3NTgzLCJqdGkiOiIxZTAzNWVmZTE0NTk0ZGE3YmJhZGIzZmZkYTU5N2Q3NSIsInVzZXJfaWQiOjE4OH0.k7nRc0HIlpfd2d2nXw7Y9roL9jN1-1NR0ND_lktJmPA", "created_at": "2024-02-27T09:53:03.431Z", "expires_at": "2024-05-27T09:53:03Z"}}, {"model": "token_blacklist.outstandingtoken", "pk": 37, "fields": {"user": 168, "jti": "42513ed32488469a82dbf742353a4685", "token": "eyJhbGciOiJIUzI1NiIsInR5cCI6IkpXVCJ9.eyJ0b2tlbl90eXBlIjoicmVmcmVzaCIsImV4cCI6MTcxNjgwMzkyMSwiaWF0IjoxNzA5MDI3OTIxLCJqdGkiOiI0MjUxM2VkMzI0ODg0NjlhODJkYmY3NDIzNTNhNDY4NSIsInVzZXJfaWQiOjE2OH0.O0TVXi82AlIzbvB70rIRzF9wFesGn8_Yo-Y19cwb1dw", "created_at": "2024-02-27T09:58:41.578Z", "expires_at": "2024-05-27T09:58:41Z"}}, {"model": "token_blacklist.outstandingtoken", "pk": 38, "fields": {"user": null, "jti": "7a614368be28470e8edb7e26d8761ecc", "token": "eyJhbGciOiJIUzI1NiIsInR5cCI6IkpXVCJ9.eyJ0b2tlbl90eXBlIjoicmVmcmVzaCIsImV4cCI6MTcxNjgwMzk3MiwiaWF0IjoxNzA5MDI3OTcyLCJqdGkiOiI3YTYxNDM2OGJlMjg0NzBlOGVkYjdlMjZkODc2MWVjYyIsInVzZXJfaWQiOjIzNn0.RY65QxU8bdY2G2ricaKWL50GN8gPuGn_QeHQEMrIc8c", "created_at": "2024-02-27T09:59:32.341Z", "expires_at": "2024-05-27T09:59:32Z"}}, {"model": "token_blacklist.outstandingtoken", "pk": 39, "fields": {"user": 168, "jti": "96b372806f2d448cbaff2de29ad6fbaf", "token": "eyJhbGciOiJIUzI1NiIsInR5cCI6IkpXVCJ9.eyJ0b2tlbl90eXBlIjoicmVmcmVzaCIsImV4cCI6MTcxNjgwNDAwMiwiaWF0IjoxNzA5MDI4MDAyLCJqdGkiOiI5NmIzNzI4MDZmMmQ0NDhjYmFmZjJkZTI5YWQ2ZmJhZiIsInVzZXJfaWQiOjE2OH0.nBwAIqHNUAcbATbU2xBeUNK2Ex-Vk8JLZUnyk3pHIHE", "created_at": "2024-02-27T10:00:02.478Z", "expires_at": "2024-05-27T10:00:02Z"}}, {"model": "token_blacklist.outstandingtoken", "pk": 40, "fields": {"user": null, "jti": "edad6a715dad443ca546403f19771a80", "token": "eyJhbGciOiJIUzI1NiIsInR5cCI6IkpXVCJ9.eyJ0b2tlbl90eXBlIjoicmVmcmVzaCIsImV4cCI6MTcxNjgwNDAzOSwiaWF0IjoxNzA5MDI4MDM5LCJqdGkiOiJlZGFkNmE3MTVkYWQ0NDNjYTU0NjQwM2YxOTc3MWE4MCIsInVzZXJfaWQiOjIzNn0.2OGox0RVhWQLZFXYm9M-lcjK1HJsGpAzKV3dnB9LRLM", "created_at": "2024-02-27T10:00:39.026Z", "expires_at": "2024-05-27T10:00:39Z"}}, {"model": "token_blacklist.outstandingtoken", "pk": 41, "fields": {"user": 204, "jti": "fb8469bcbaf74a8d8d20b91c7411959c", "token": "eyJhbGciOiJIUzI1NiIsInR5cCI6IkpXVCJ9.eyJ0b2tlbl90eXBlIjoicmVmcmVzaCIsImV4cCI6MTcxNjgwNDA3NywiaWF0IjoxNzA5MDI4MDc3LCJqdGkiOiJmYjg0NjliY2JhZjc0YThkOGQyMGI5MWM3NDExOTU5YyIsInVzZXJfaWQiOjIwNH0.YBcDH2eRabHR3_9e2TyfXm-VxTjNJuE0L6l5clErvGE", "created_at": "2024-02-27T10:01:17.356Z", "expires_at": "2024-05-27T10:01:17Z"}}, {"model": "token_blacklist.outstandingtoken", "pk": 42, "fields": {"user": 180, "jti": "f879343dbecb459594109ec52f19f780", "token": "eyJhbGciOiJIUzI1NiIsInR5cCI6IkpXVCJ9.eyJ0b2tlbl90eXBlIjoicmVmcmVzaCIsImV4cCI6MTcxNjgwNDA4OCwiaWF0IjoxNzA5MDI4MDg4LCJqdGkiOiJmODc5MzQzZGJlY2I0NTk1OTQxMDllYzUyZjE5Zjc4MCIsInVzZXJfaWQiOjE4MH0.Mqt9g3pnaiEKZ9INBAgG6nrbIfR9vB9lcKFLBchjNDg", "created_at": "2024-02-27T10:01:28.956Z", "expires_at": "2024-05-27T10:01:28Z"}}, {"model": "token_blacklist.outstandingtoken", "pk": 43, "fields": {"user": 188, "jti": "15ed634aebee4b6486bb2762cfe75e12", "token": "eyJhbGciOiJIUzI1NiIsInR5cCI6IkpXVCJ9.eyJ0b2tlbl90eXBlIjoicmVmcmVzaCIsImV4cCI6MTcxNjgwNDA5MSwiaWF0IjoxNzA5MDI4MDkxLCJqdGkiOiIxNWVkNjM0YWViZWU0YjY0ODZiYjI3NjJjZmU3NWUxMiIsInVzZXJfaWQiOjE4OH0.uQbuHmrIu1TPcr1SZz9BgWYDolpRMX2mkwI_fTYiZqk", "created_at": "2024-02-27T10:01:31.756Z", "expires_at": "2024-05-27T10:01:31Z"}}, {"model": "token_blacklist.outstandingtoken", "pk": 44, "fields": {"user": null, "jti": "24275a5555cb4a71baf8ffb876cf4cd5", "token": "eyJhbGciOiJIUzI1NiIsInR5cCI6IkpXVCJ9.eyJ0b2tlbl90eXBlIjoicmVmcmVzaCIsImV4cCI6MTcxNjgwNDE3NCwiaWF0IjoxNzA5MDI4MTc0LCJqdGkiOiIyNDI3NWE1NTU1Y2I0YTcxYmFmOGZmYjg3NmNmNGNkNSIsInVzZXJfaWQiOjR9.Be7iXyQyhyOsIM4jrxkWQR8RmBUxjBiLNWvU4MtY_mU", "created_at": "2024-02-27T10:02:54.404Z", "expires_at": "2024-05-27T10:02:54Z"}}, {"model": "token_blacklist.outstandingtoken", "pk": 45, "fields": {"user": null, "jti": "7a87ec938f1a4af0ab239bdfeeaab501", "token": "eyJhbGciOiJIUzI1NiIsInR5cCI6IkpXVCJ9.eyJ0b2tlbl90eXBlIjoicmVmcmVzaCIsImV4cCI6MTcxNjgwNDQwNSwiaWF0IjoxNzA5MDI4NDA1LCJqdGkiOiI3YTg3ZWM5MzhmMWE0YWYwYWIyMzliZGZlZWFhYjUwMSIsInVzZXJfaWQiOjR9.mbSf9FjekI3jrjAZeDR77acSRt2ioFLvweY5Wmn34MQ", "created_at": "2024-02-27T10:06:45.472Z", "expires_at": "2024-05-27T10:06:45Z"}}, {"model": "token_blacklist.outstandingtoken", "pk": 46, "fields": {"user": 72, "jti": "b9e18f1a07b44e16bccbc42915afdc5b", "token": "eyJhbGciOiJIUzI1NiIsInR5cCI6IkpXVCJ9.eyJ0b2tlbl90eXBlIjoicmVmcmVzaCIsImV4cCI6MTcxNjgwNDY4NSwiaWF0IjoxNzA5MDI4Njg1LCJqdGkiOiJiOWUxOGYxYTA3YjQ0ZTE2YmNjYmM0MjkxNWFmZGM1YiIsInVzZXJfaWQiOjcyfQ.1opcyw1nczTX0qYWCAVr46rVxf3lmeH94MFEwRnG_Ok", "created_at": "2024-02-27T10:11:25.450Z", "expires_at": "2024-05-27T10:11:25Z"}}, {"model": "token_blacklist.outstandingtoken", "pk": 47, "fields": {"user": 76, "jti": "33e32534ffbf4ca2aa85ab325fa5f37c", "token": "eyJhbGciOiJIUzI1NiIsInR5cCI6IkpXVCJ9.eyJ0b2tlbl90eXBlIjoicmVmcmVzaCIsImV4cCI6MTcxNjgwNDY5MiwiaWF0IjoxNzA5MDI4NjkyLCJqdGkiOiIzM2UzMjUzNGZmYmY0Y2EyYWE4NWFiMzI1ZmE1ZjM3YyIsInVzZXJfaWQiOjc2fQ.6wUQ5YycTSZzhI2hs0CDmTZ9Ye5dQ3r7UL6dlm3yeRw", "created_at": "2024-02-27T10:11:32.275Z", "expires_at": "2024-05-27T10:11:32Z"}}, {"model": "token_blacklist.outstandingtoken", "pk": 48, "fields": {"user": 73, "jti": "7ef27a17937d43429061a59001e18aa9", "token": "eyJhbGciOiJIUzI1NiIsInR5cCI6IkpXVCJ9.eyJ0b2tlbl90eXBlIjoicmVmcmVzaCIsImV4cCI6MTcxNjgwNDY5MiwiaWF0IjoxNzA5MDI4NjkyLCJqdGkiOiI3ZWYyN2ExNzkzN2Q0MzQyOTA2MWE1OTAwMWUxOGFhOSIsInVzZXJfaWQiOjczfQ.ZjXznL_2iorgNGsln6v874bU9kW1EqNlfdR3xXs0BT0", "created_at": "2024-02-27T10:11:32.723Z", "expires_at": "2024-05-27T10:11:32Z"}}, {"model": "token_blacklist.outstandingtoken", "pk": 49, "fields": {"user": 63, "jti": "4f68df47bad843149cac9b7dd2a295d0", "token": "eyJhbGciOiJIUzI1NiIsInR5cCI6IkpXVCJ9.eyJ0b2tlbl90eXBlIjoicmVmcmVzaCIsImV4cCI6MTcxNjgwNDY5NCwiaWF0IjoxNzA5MDI4Njk0LCJqdGkiOiI0ZjY4ZGY0N2JhZDg0MzE0OWNhYzliN2RkMmEyOTVkMCIsInVzZXJfaWQiOjYzfQ.GTjmnWJ5HLYvlbEO23NOCveb99kZ-3N4ATquEYCeCPI", "created_at": "2024-02-27T10:11:34.336Z", "expires_at": "2024-05-27T10:11:34Z"}}, {"model": "token_blacklist.outstandingtoken", "pk": 50, "fields": {"user": 59, "jti": "01d2cd9d997a48b8806210a81bf64dad", "token": "eyJhbGciOiJIUzI1NiIsInR5cCI6IkpXVCJ9.eyJ0b2tlbl90eXBlIjoicmVmcmVzaCIsImV4cCI6MTcxNjgwNDcwOCwiaWF0IjoxNzA5MDI4NzA4LCJqdGkiOiIwMWQyY2Q5ZDk5N2E0OGI4ODA2MjEwYTgxYmY2NGRhZCIsInVzZXJfaWQiOjU5fQ.XYxlKWNxsakk9IxhObSEglosurkFrrD5PmdjBq2OccA", "created_at": "2024-02-27T10:11:48.325Z", "expires_at": "2024-05-27T10:11:48Z"}}, {"model": "token_blacklist.outstandingtoken", "pk": 51, "fields": {"user": 76, "jti": "70e90befec6b43af8760a3598fd56cdc", "token": "eyJhbGciOiJIUzI1NiIsInR5cCI6IkpXVCJ9.eyJ0b2tlbl90eXBlIjoicmVmcmVzaCIsImV4cCI6MTcxNjgwNDcyNSwiaWF0IjoxNzA5MDI4NzI1LCJqdGkiOiI3MGU5MGJlZmVjNmI0M2FmODc2MGEzNTk4ZmQ1NmNkYyIsInVzZXJfaWQiOjc2fQ.xpgCNm7uXavW4Iz4Xg7zgPRg2cm1Z8b1btu2lerFmEM", "created_at": "2024-02-27T10:12:05.767Z", "expires_at": "2024-05-27T10:12:05Z"}}, {"model": "token_blacklist.outstandingtoken", "pk": 52, "fields": {"user": 70, "jti": "1197d22b007a42ebac6016778fdcb086", "token": "eyJhbGciOiJIUzI1NiIsInR5cCI6IkpXVCJ9.eyJ0b2tlbl90eXBlIjoicmVmcmVzaCIsImV4cCI6MTcxNjgwNDc0NiwiaWF0IjoxNzA5MDI4NzQ2LCJqdGkiOiIxMTk3ZDIyYjAwN2E0MmViYWM2MDE2Nzc4ZmRjYjA4NiIsInVzZXJfaWQiOjcwfQ.zetmDJTsx56tW-d9GJVeEMkRsHXvTm5i8HFRI0YFdFc", "created_at": "2024-02-27T10:12:26.841Z", "expires_at": "2024-05-27T10:12:26Z"}}, {"model": "token_blacklist.outstandingtoken", "pk": 53, "fields": {"user": 70, "jti": "cca68fa141694b099b5a405fd90875f9", "token": "eyJhbGciOiJIUzI1NiIsInR5cCI6IkpXVCJ9.eyJ0b2tlbl90eXBlIjoicmVmcmVzaCIsImV4cCI6MTcxNjgwNDc0NiwiaWF0IjoxNzA5MDI4NzQ2LCJqdGkiOiJjY2E2OGZhMTQxNjk0YjA5OWI1YTQwNWZkOTA4NzVmOSIsInVzZXJfaWQiOjcwfQ.TYQNOnxPEcvFSoyXuVp-unsa6HL9WKI6a5vBQzF6vFs", "created_at": "2024-02-27T10:12:26.849Z", "expires_at": "2024-05-27T10:12:26Z"}}, {"model": "token_blacklist.outstandingtoken", "pk": 54, "fields": {"user": 63, "jti": "8f9a050c0de54bc9bf0e32bb03933c38", "token": "eyJhbGciOiJIUzI1NiIsInR5cCI6IkpXVCJ9.eyJ0b2tlbl90eXBlIjoicmVmcmVzaCIsImV4cCI6MTcxNjgwNDc0NiwiaWF0IjoxNzA5MDI4NzQ2LCJqdGkiOiI4ZjlhMDUwYzBkZTU0YmM5YmYwZTMyYmIwMzkzM2MzOCIsInVzZXJfaWQiOjYzfQ.aeX9fdf8Ge8ebCckEQqeQLu0pPgiqQau4EUxa-UZP4E", "created_at": "2024-02-27T10:12:26.855Z", "expires_at": "2024-05-27T10:12:26Z"}}, {"model": "token_blacklist.outstandingtoken", "pk": 55, "fields": {"user": 80, "jti": "fbe69b12ba054a16845a635dd62c87fd", "token": "eyJhbGciOiJIUzI1NiIsInR5cCI6IkpXVCJ9.eyJ0b2tlbl90eXBlIjoicmVmcmVzaCIsImV4cCI6MTcxNjgwNDc2NywiaWF0IjoxNzA5MDI4NzY3LCJqdGkiOiJmYmU2OWIxMmJhMDU0YTE2ODQ1YTYzNWRkNjJjODdmZCIsInVzZXJfaWQiOjgwfQ.GgktZ327XP1iXcUpBWAsd-nnEfeVPvmWekquSHGyvl0", "created_at": "2024-02-27T10:12:47.193Z", "expires_at": "2024-05-27T10:12:47Z"}}, {"model": "token_blacklist.outstandingtoken", "pk": 56, "fields": {"user": 66, "jti": "41af17e9b5804f2880fccd2f119771c6", "token": "eyJhbGciOiJIUzI1NiIsInR5cCI6IkpXVCJ9.eyJ0b2tlbl90eXBlIjoicmVmcmVzaCIsImV4cCI6MTcxNjgwNDc4NiwiaWF0IjoxNzA5MDI4Nzg2LCJqdGkiOiI0MWFmMTdlOWI1ODA0ZjI4ODBmY2NkMmYxMTk3NzFjNiIsInVzZXJfaWQiOjY2fQ.iJwNz9ET3Ca7SWH3AC3PoZhpJ_2U2l-vNZFOcVdLPBA", "created_at": "2024-02-27T10:13:06.423Z", "expires_at": "2024-05-27T10:13:06Z"}}, {"model": "token_blacklist.outstandingtoken", "pk": 57, "fields": {"user": 75, "jti": "82b81c20ddbc4c07bce41f0e4c689193", "token": "eyJhbGciOiJIUzI1NiIsInR5cCI6IkpXVCJ9.eyJ0b2tlbl90eXBlIjoicmVmcmVzaCIsImV4cCI6MTcxNjgwNDgwNSwiaWF0IjoxNzA5MDI4ODA1LCJqdGkiOiI4MmI4MWMyMGRkYmM0YzA3YmNlNDFmMGU0YzY4OTE5MyIsInVzZXJfaWQiOjc1fQ.IOM-YFkl69f4YApTHe5K8vDrKo-Wdy2dO18m0B5tJZA", "created_at": "2024-02-27T10:13:25.204Z", "expires_at": "2024-05-27T10:13:25Z"}}, {"model": "token_blacklist.outstandingtoken", "pk": 58, "fields": {"user": 84, "jti": "44cbc01f5aa44a85871f1fc039fa13d1", "token": "eyJhbGciOiJIUzI1NiIsInR5cCI6IkpXVCJ9.eyJ0b2tlbl90eXBlIjoicmVmcmVzaCIsImV4cCI6MTcxNjgwNDgwOCwiaWF0IjoxNzA5MDI4ODA4LCJqdGkiOiI0NGNiYzAxZjVhYTQ0YTg1ODcxZjFmYzAzOWZhMTNkMSIsInVzZXJfaWQiOjg0fQ.5r9jQJhgi-OJjSeiG9tVjhsAIe2XjibmG_MI7lCeXGg", "created_at": "2024-02-27T10:13:28.884Z", "expires_at": "2024-05-27T10:13:28Z"}}, {"model": "token_blacklist.outstandingtoken", "pk": 59, "fields": {"user": 64, "jti": "39b7c1b0ec534644aa32a2b3f11e18a5", "token": "eyJhbGciOiJIUzI1NiIsInR5cCI6IkpXVCJ9.eyJ0b2tlbl90eXBlIjoicmVmcmVzaCIsImV4cCI6MTcxNjgwNDkzMCwiaWF0IjoxNzA5MDI4OTMwLCJqdGkiOiIzOWI3YzFiMGVjNTM0NjQ0YWEzMmEyYjNmMTFlMThhNSIsInVzZXJfaWQiOjY0fQ.zaN1S-uVm1jgr1Q9YQwqU0UOeAKlttJ4mYkGTYoC2Eg", "created_at": "2024-02-27T10:15:30.755Z", "expires_at": "2024-05-27T10:15:30Z"}}, {"model": "token_blacklist.outstandingtoken", "pk": 60, "fields": {"user": null, "jti": "7a084be7a3dd4851a768e5381aa472d5", "token": "eyJhbGciOiJIUzI1NiIsInR5cCI6IkpXVCJ9.eyJ0b2tlbl90eXBlIjoicmVmcmVzaCIsImV4cCI6MTcxNjgzMDcwMywiaWF0IjoxNzA5MDU0NzAzLCJqdGkiOiI3YTA4NGJlN2EzZGQ0ODUxYTc2OGU1MzgxYWE0NzJkNSIsInVzZXJfaWQiOjR9.2FQIY_bpoiWPri5RyYMQPF137LChQ5LYgaHumFApqN0", "created_at": "2024-02-27T17:25:03.893Z", "expires_at": "2024-05-27T17:25:03Z"}}, {"model": "token_blacklist.outstandingtoken", "pk": 61, "fields": {"user": 168, "jti": "533439a9830141968658c854fbe84ada", "token": "eyJhbGciOiJIUzI1NiIsInR5cCI6IkpXVCJ9.eyJ0b2tlbl90eXBlIjoicmVmcmVzaCIsImV4cCI6MTcxNjgzMzY0MSwiaWF0IjoxNzA5MDU3NjQxLCJqdGkiOiI1MzM0MzlhOTgzMDE0MTk2ODY1OGM4NTRmYmU4NGFkYSIsInVzZXJfaWQiOjE2OH0.te-8d0-9_HWZfVk4vNuqEGu4APR_rjERgVZS0jh5MzY", "created_at": "2024-02-27T18:14:01.906Z", "expires_at": "2024-05-27T18:14:01Z"}}, {"model": "token_blacklist.outstandingtoken", "pk": 62, "fields": {"user": 193, "jti": "b91aafda7280480ba31ea420cd1fdf09", "token": "eyJhbGciOiJIUzI1NiIsInR5cCI6IkpXVCJ9.eyJ0b2tlbl90eXBlIjoicmVmcmVzaCIsImV4cCI6MTcxNjgzMzczMywiaWF0IjoxNzA5MDU3NzMzLCJqdGkiOiJiOTFhYWZkYTcyODA0ODBiYTMxZWE0MjBjZDFmZGYwOSIsInVzZXJfaWQiOjE5M30.28ivCkiscT7jMm3s-BqYNj1Bil0sfsjK6YrH7-m_oMg", "created_at": "2024-02-27T18:15:33.855Z", "expires_at": "2024-05-27T18:15:33Z"}}, {"model": "token_blacklist.outstandingtoken", "pk": 63, "fields": {"user": 1, "jti": "29373fa98dbd46adaae8b7b7d3b599aa", "token": "eyJhbGciOiJIUzI1NiIsInR5cCI6IkpXVCJ9.eyJ0b2tlbl90eXBlIjoicmVmcmVzaCIsImV4cCI6MTcxNjgzMzg4OSwiaWF0IjoxNzA5MDU3ODg5LCJqdGkiOiIyOTM3M2ZhOThkYmQ0NmFkYWFlOGI3YjdkM2I1OTlhYSIsInVzZXJfaWQiOjF9.GkkUywAK74Kh2eIH362_rZrHyKyE0rStkh_4FjmcNNo", "created_at": "2024-02-27T18:18:09.129Z", "expires_at": "2024-05-27T18:18:09Z"}}, {"model": "token_blacklist.outstandingtoken", "pk": 64, "fields": {"user": null, "jti": "955ed69323e0469d8ee06edc3f6ab8cf", "token": "eyJhbGciOiJIUzI1NiIsInR5cCI6IkpXVCJ9.eyJ0b2tlbl90eXBlIjoicmVmcmVzaCIsImV4cCI6MTcxNjgzNDc2NiwiaWF0IjoxNzA5MDU4NzY2LCJqdGkiOiI5NTVlZDY5MzIzZTA0NjlkOGVlMDZlZGMzZjZhYjhjZiIsInVzZXJfaWQiOjIzN30.BDAiLmp3f9k1nIHH6JmViOs5qzOcqPJ3f-o__1V_Qp8", "created_at": "2024-02-27T18:32:46.128Z", "expires_at": "2024-05-27T18:32:46Z"}}, {"model": "token_blacklist.outstandingtoken", "pk": 65, "fields": {"user": 204, "jti": "c41de7ec4923438aa971dfb4d62afcb6", "token": "eyJhbGciOiJIUzI1NiIsInR5cCI6IkpXVCJ9.eyJ0b2tlbl90eXBlIjoicmVmcmVzaCIsImV4cCI6MTcxNjgzNDc4NywiaWF0IjoxNzA5MDU4Nzg3LCJqdGkiOiJjNDFkZTdlYzQ5MjM0MzhhYTk3MWRmYjRkNjJhZmNiNiIsInVzZXJfaWQiOjIwNH0.7BRkhgic2FZLxLRRV4EvOdlv_kfIi_tgmIBBrWgtq-0", "created_at": "2024-02-27T18:33:07.470Z", "expires_at": "2024-05-27T18:33:07Z"}}, {"model": "token_blacklist.outstandingtoken", "pk": 66, "fields": {"user": 238, "jti": "3f59016c94e74180b728cadcbd9afd7f", "token": "eyJhbGciOiJIUzI1NiIsInR5cCI6IkpXVCJ9.eyJ0b2tlbl90eXBlIjoicmVmcmVzaCIsImV4cCI6MTcxNjkyMTYxNSwiaWF0IjoxNzA5MTQ1NjE1LCJqdGkiOiIzZjU5MDE2Yzk0ZTc0MTgwYjcyOGNhZGNiZDlhZmQ3ZiIsInVzZXJfaWQiOjIzOH0.ANR6AQb1eQX7c6RI8iyq9LgH6sfttHwlskhkDVDMn8U", "created_at": "2024-02-28T18:40:15.386Z", "expires_at": "2024-05-28T18:40:15Z"}}, {"model": "token_blacklist.outstandingtoken", "pk": 67, "fields": {"user": 238, "jti": "85adddb1a565464b81ab1e5521cc7e24", "token": "eyJhbGciOiJIUzI1NiIsInR5cCI6IkpXVCJ9.eyJ0b2tlbl90eXBlIjoicmVmcmVzaCIsImV4cCI6MTcxNjkyMTY3OCwiaWF0IjoxNzA5MTQ1Njc4LCJqdGkiOiI4NWFkZGRiMWE1NjU0NjRiODFhYjFlNTUyMWNjN2UyNCIsInVzZXJfaWQiOjIzOH0.NfkFd2osTvf_V0-zlvRVEaBB-7pPl5B--SxH2wWCqe8", "created_at": "2024-02-28T18:41:18.640Z", "expires_at": "2024-05-28T18:41:18Z"}}, {"model": "token_blacklist.outstandingtoken", "pk": 68, "fields": {"user": null, "jti": "19e02e295cef4f108d7d97b3de5cc70d", "token": "eyJhbGciOiJIUzI1NiIsInR5cCI6IkpXVCJ9.eyJ0b2tlbl90eXBlIjoicmVmcmVzaCIsImV4cCI6MTcxNjk2NzE4MywiaWF0IjoxNzA5MTkxMTgzLCJqdGkiOiIxOWUwMmUyOTVjZWY0ZjEwOGQ3ZDk3YjNkZTVjYzcwZCIsInVzZXJfaWQiOjI4Nywib2JqIjp7ImlkIjo0LCJwcm9maWxlIjp7Im5hbWUiOiJNYW5hdiBTaGFoIiwiZW1haWwiOiJtYW5hdi5haW1sQGdtYWlsLmNvbSIsInJvbGUiOiJhZG1pbiJ9LCJicmFuY2giOnsiYnJhbmNoX25hbWUiOiJBSSAmIE1MIE1pbm9yL0hvbm91cnMgRGVncmVlIFByb2dyYW0iLCJicmFuY2hfY29kZSI6IkFHIiwic2x1ZyI6IjY2MzM0Ml8xNzA5MTkxMDYwIiwiY29sbGVnZSI6eyJjb2xsZWdlX25hbWUiOiJMLkQuIGNvbGxlZ2Ugb2YgZW5naW5lZXJpbmciLCJzbHVnIjoiNzcxODg2XzE3MDg5MjgzNTkifX19fQ.mr2nmprknuc612bMoKx9McaIhU1b5sFcKvBeU0nKYig", "created_at": null, "expires_at": "2024-05-29T07:19:43Z"}}, {"model": "token_blacklist.outstandingtoken", "pk": 69, "fields": {"user": null, "jti": "f3ced9b93442440d9835e50ca41adcf0", "token": "eyJhbGciOiJIUzI1NiIsInR5cCI6IkpXVCJ9.eyJ0b2tlbl90eXBlIjoicmVmcmVzaCIsImV4cCI6MTcxNzAwMDU1MywiaWF0IjoxNzA5MjI0NTUzLCJqdGkiOiJmM2NlZDliOTM0NDI0NDBkOTgzNWU1MGNhNDFhZGNmMCIsInVzZXJfaWQiOjI4Nywib2JqIjp7ImlkIjo0LCJwcm9maWxlIjp7Im5hbWUiOiJNYW5hdiBTaGFoIiwiZW1haWwiOiJtYW5hdi5haW1sQGdtYWlsLmNvbSIsInJvbGUiOiJhZG1pbiJ9LCJicmFuY2giOnsiYnJhbmNoX25hbWUiOiJBSSAmIE1MIE1pbm9yL0hvbm91cnMgRGVncmVlIFByb2dyYW0iLCJicmFuY2hfY29kZSI6IkFHIiwic2x1ZyI6IjY2MzM0Ml8xNzA5MTkxMDYwIiwiY29sbGVnZSI6eyJjb2xsZWdlX25hbWUiOiJMLkQuIGNvbGxlZ2Ugb2YgZW5naW5lZXJpbmciLCJzbHVnIjoiNzcxODg2XzE3MDg5MjgzNTkifX19fQ.ToL9YCCgjwQPnL0Elc2bmXA_GjpFhhiPd09Nq_ehq0o", "created_at": null, "expires_at": "2024-05-29T16:35:53Z"}}, {"model": "token_blacklist.outstandingtoken", "pk": 70, "fields": {"user": 287, "jti": "78c4c5296251462f9b8614acd49317f8", "token": "eyJhbGciOiJIUzI1NiIsInR5cCI6IkpXVCJ9.eyJ0b2tlbl90eXBlIjoicmVmcmVzaCIsImV4cCI6MTcxNzAwMDgxMiwiaWF0IjoxNzA5MjI0ODEyLCJqdGkiOiI3OGM0YzUyOTYyNTE0NjJmOWI4NjE0YWNkNDkzMTdmOCIsInVzZXJfaWQiOjI4N30.ztbF4uhTdIo_5dg6iozu8H1uWBYi6xYPUoW0XP1elS4", "created_at": "2024-02-29T16:40:12.661Z", "expires_at": "2024-05-29T16:40:12Z"}}, {"model": "token_blacklist.outstandingtoken", "pk": 71, "fields": {"user": 193, "jti": "c2d24e2fe1ce48ca80709469b1fefcdf", "token": "eyJhbGciOiJIUzI1NiIsInR5cCI6IkpXVCJ9.eyJ0b2tlbl90eXBlIjoicmVmcmVzaCIsImV4cCI6MTcxNzA3NzkzNCwiaWF0IjoxNzA5MzAxOTM0LCJqdGkiOiJjMmQyNGUyZmUxY2U0OGNhODA3MDk0NjliMWZlZmNkZiIsInVzZXJfaWQiOjE5M30.hSlE-g45AMQj5fswEhN1WGbr36ji5bj-b1zu_wz8FGc", "created_at": "2024-03-01T14:05:34.137Z", "expires_at": "2024-05-30T14:05:34Z"}}, {"model": "token_blacklist.outstandingtoken", "pk": 72, "fields": {"user": 1, "jti": "b379dee0d7674ca88cee368540c6d4dc", "token": "eyJhbGciOiJIUzI1NiIsInR5cCI6IkpXVCJ9.eyJ0b2tlbl90eXBlIjoicmVmcmVzaCIsImV4cCI6MTcxNzA3ODUzMCwiaWF0IjoxNzA5MzAyNTMwLCJqdGkiOiJiMzc5ZGVlMGQ3Njc0Y2E4OGNlZTM2ODU0MGM2ZDRkYyIsInVzZXJfaWQiOjF9.eVYEXohv6OVRTnVsMn_aiHYMTIHK1qCmbVuYGcvCOY4", "created_at": "2024-03-01T14:15:30.704Z", "expires_at": "2024-05-30T14:15:30Z"}}, {"model": "token_blacklist.outstandingtoken", "pk": 73, "fields": {"user": 341, "jti": "3646b9a7f3ea488dbdd445a1943b4a46", "token": "eyJhbGciOiJIUzI1NiIsInR5cCI6IkpXVCJ9.eyJ0b2tlbl90eXBlIjoicmVmcmVzaCIsImV4cCI6MTcxNzA3OTQwMiwiaWF0IjoxNzA5MzAzNDAyLCJqdGkiOiIzNjQ2YjlhN2YzZWE0ODhkYmRkNDQ1YTE5NDNiNGE0NiIsInVzZXJfaWQiOjM0MX0.WTZwE_jikaF5B4gF9zQctpxtUZPepSIzytUnwtszyI0", "created_at": "2024-03-01T14:30:02.623Z", "expires_at": "2024-05-30T14:30:02Z"}}, {"model": "token_blacklist.outstandingtoken", "pk": 74, "fields": {"user": 341, "jti": "f12ee41fd3ef45bfa62187e99cba017a", "token": "eyJhbGciOiJIUzI1NiIsInR5cCI6IkpXVCJ9.eyJ0b2tlbl90eXBlIjoicmVmcmVzaCIsImV4cCI6MTcxNzA3OTQ4OCwiaWF0IjoxNzA5MzAzNDg4LCJqdGkiOiJmMTJlZTQxZmQzZWY0NWJmYTYyMTg3ZTk5Y2JhMDE3YSIsInVzZXJfaWQiOjM0MX0.mpJ-2Mu7qLoVQb-RGcxuuC235coVD_i5odht4G7sWf8", "created_at": "2024-03-01T14:31:28.642Z", "expires_at": "2024-05-30T14:31:28Z"}}, {"model": "token_blacklist.outstandingtoken", "pk": 75, "fields": {"user": 204, "jti": "3bce07e389e54f8e8cb59f084fc7bb6e", "token": "eyJhbGciOiJIUzI1NiIsInR5cCI6IkpXVCJ9.eyJ0b2tlbl90eXBlIjoicmVmcmVzaCIsImV4cCI6MTcxNzA4MDkzMSwiaWF0IjoxNzA5MzA0OTMxLCJqdGkiOiIzYmNlMDdlMzg5ZTU0ZjhlOGNiNTlmMDg0ZmM3YmI2ZSIsInVzZXJfaWQiOjIwNH0.pbCKC2buyaNtogZHQ3dRLHz1OPJptagPDjs561WBG2k", "created_at": "2024-03-01T14:55:31.781Z", "expires_at": "2024-05-30T14:55:31Z"}}, {"model": "token_blacklist.outstandingtoken", "pk": 76, "fields": {"user": null, "jti": "4b00ec17c22a4028bb8f7ab807bcf326", "token": "eyJhbGciOiJIUzI1NiIsInR5cCI6IkpXVCJ9.eyJ0b2tlbl90eXBlIjoicmVmcmVzaCIsImV4cCI6MTcxNzA4MTA1MSwiaWF0IjoxNzA5MzA1MDUxLCJqdGkiOiI0YjAwZWMxN2MyMmE0MDI4YmI4ZjdhYjgwN2JjZjMyNiIsInVzZXJfaWQiOjM0Mn0.af89nHxfIg-tIF0bY29cR3nODVorjhvO_lGPzgiciFQ", "created_at": "2024-03-01T14:57:31.415Z", "expires_at": "2024-05-30T14:57:31Z"}}, {"model": "token_blacklist.outstandingtoken", "pk": 77, "fields": {"user": null, "jti": "e52462e1e4474e5a94a0e95e3f672735", "token": "eyJhbGciOiJIUzI1NiIsInR5cCI6IkpXVCJ9.eyJ0b2tlbl90eXBlIjoicmVmcmVzaCIsImV4cCI6MTcxNzA4MTA1NSwiaWF0IjoxNzA5MzA1MDU1LCJqdGkiOiJlNTI0NjJlMWU0NDc0ZTVhOTRhMGU5NWUzZjY3MjczNSIsInVzZXJfaWQiOjM0Mn0.dWR9_J2E9B9U5zHYB7OWcX_-Onqh1x7aohuZm2iOo7w", "created_at": "2024-03-01T14:57:35.701Z", "expires_at": "2024-05-30T14:57:35Z"}}, {"model": "token_blacklist.outstandingtoken", "pk": 78, "fields": {"user": null, "jti": "4debf56386ed477db5588e3d26372a6d", "token": "eyJhbGciOiJIUzI1NiIsInR5cCI6IkpXVCJ9.eyJ0b2tlbl90eXBlIjoicmVmcmVzaCIsImV4cCI6MTcxNzA4MTA2MSwiaWF0IjoxNzA5MzA1MDYxLCJqdGkiOiI0ZGViZjU2Mzg2ZWQ0NzdkYjU1ODhlM2QyNjM3MmE2ZCIsInVzZXJfaWQiOjM0Mn0.ebFo2jtYuF3RqFHhqQtFawHzGVt8rznojCTIvrtaVc4", "created_at": "2024-03-01T14:57:41.695Z", "expires_at": "2024-05-30T14:57:41Z"}}, {"model": "token_blacklist.outstandingtoken", "pk": 79, "fields": {"user": null, "jti": "5f3dd596ec8a4174b45fa79968f6a7f9", "token": "eyJhbGciOiJIUzI1NiIsInR5cCI6IkpXVCJ9.eyJ0b2tlbl90eXBlIjoicmVmcmVzaCIsImV4cCI6MTcxNzA4MTA5NCwiaWF0IjoxNzA5MzA1MDk0LCJqdGkiOiI1ZjNkZDU5NmVjOGE0MTc0YjQ1ZmE3OTk2OGY2YTdmOSIsInVzZXJfaWQiOjM0Mn0.vc9tWf_0QBA6RG3FoTKQJaSmIrpqoYFthAFHCkoeN2U", "created_at": "2024-03-01T14:58:14.775Z", "expires_at": "2024-05-30T14:58:14Z"}}, {"model": "token_blacklist.outstandingtoken", "pk": 80, "fields": {"user": null, "jti": "e5045b870c0d42e083e2897674d6880f", "token": "eyJhbGciOiJIUzI1NiIsInR5cCI6IkpXVCJ9.eyJ0b2tlbl90eXBlIjoicmVmcmVzaCIsImV4cCI6MTcxNzA4MTEyNCwiaWF0IjoxNzA5MzA1MTI0LCJqdGkiOiJlNTA0NWI4NzBjMGQ0MmUwODNlMjg5NzY3NGQ2ODgwZiIsInVzZXJfaWQiOjM0Mn0.8fqfSv6tb8QpIOBqQsMfCZAyBMB9vGYzao9mJqVtw_4", "created_at": "2024-03-01T14:58:44.788Z", "expires_at": "2024-05-30T14:58:44Z"}}, {"model": "token_blacklist.outstandingtoken", "pk": 81, "fields": {"user": 1, "jti": "6c2b200dcc974c18a659bdcf82b89d77", "token": "eyJhbGciOiJIUzI1NiIsInR5cCI6IkpXVCJ9.eyJ0b2tlbl90eXBlIjoicmVmcmVzaCIsImV4cCI6MTcxNzA4MTk0OCwiaWF0IjoxNzA5MzA1OTQ4LCJqdGkiOiI2YzJiMjAwZGNjOTc0YzE4YTY1OWJkY2Y4MmI4OWQ3NyIsInVzZXJfaWQiOjF9.3c0JcF7kFDQTwU5-nzyR6flvVMJinoXGjSSSCccM9X8", "created_at": "2024-03-01T15:12:28.655Z", "expires_at": "2024-05-30T15:12:28Z"}}, {"model": "token_blacklist.outstandingtoken", "pk": 82, "fields": {"user": 207, "jti": "7a9d35b5dafc4ef8b588005c5b24fdae", "token": "eyJhbGciOiJIUzI1NiIsInR5cCI6IkpXVCJ9.eyJ0b2tlbl90eXBlIjoicmVmcmVzaCIsImV4cCI6MTcxNzA4NzI0MywiaWF0IjoxNzA5MzExMjQzLCJqdGkiOiI3YTlkMzViNWRhZmM0ZWY4YjU4ODAwNWM1YjI0ZmRhZSIsInVzZXJfaWQiOjIwN30.3MwhTwMaaimNQDcOVrYTStfA9oZPARd-xkrpdam0k7w", "created_at": "2024-03-01T16:40:43.611Z", "expires_at": "2024-05-30T16:40:43Z"}}, {"model": "token_blacklist.outstandingtoken", "pk": 83, "fields": {"user": 193, "jti": "2944d7c25e0645ada09bfc03a25c69d5", "token": "eyJhbGciOiJIUzI1NiIsInR5cCI6IkpXVCJ9.eyJ0b2tlbl90eXBlIjoicmVmcmVzaCIsImV4cCI6MTcxNzA4NzI0NywiaWF0IjoxNzA5MzExMjQ3LCJqdGkiOiIyOTQ0ZDdjMjVlMDY0NWFkYTA5YmZjMDNhMjVjNjlkNSIsInVzZXJfaWQiOjE5M30.5ZHhJ7jPpERSsEzwZWKG9WluneU3QQO4FlGEPqPdEjM", "created_at": "2024-03-01T16:40:47.117Z", "expires_at": "2024-05-30T16:40:47Z"}}, {"model": "token_blacklist.outstandingtoken", "pk": 84, "fields": {"user": 204, "jti": "a30e9e7f8d424eebba7b9dd9a6d8a3ab", "token": "eyJhbGciOiJIUzI1NiIsInR5cCI6IkpXVCJ9.eyJ0b2tlbl90eXBlIjoicmVmcmVzaCIsImV4cCI6MTcxNzA4NzI1MSwiaWF0IjoxNzA5MzExMjUxLCJqdGkiOiJhMzBlOWU3ZjhkNDI0ZWViYmE3YjlkZDlhNmQ4YTNhYiIsInVzZXJfaWQiOjIwNH0.vYMUM8DRSGOLhYYuHml2m3w69CDVNaRifq4H08oE6lo", "created_at": "2024-03-01T16:40:51.143Z", "expires_at": "2024-05-30T16:40:51Z"}}, {"model": "token_blacklist.outstandingtoken", "pk": 85, "fields": {"user": null, "jti": "9a01a69103aa4e83b2cb5a14857f9ef5", "token": "eyJhbGciOiJIUzI1NiIsInR5cCI6IkpXVCJ9.eyJ0b2tlbl90eXBlIjoicmVmcmVzaCIsImV4cCI6MTcxNjE5NTE0OCwiaWF0IjoxNzA4NDE5MTQ4LCJqdGkiOiI5YTAxYTY5MTAzYWE0ZTgzYjJjYjVhMTQ4NTdmOWVmNSIsInVzZXJfaWQiOjI2MSwib2JqIjp7InNsdWciOiIxNTk4NzVfMTcwNzgxMjI0MCIsInByb2ZpbGUiOnsibmFtZSI6IkhhcnNoIE5hdHdhcmJoYWkgUGFybWFyIiwiZW1haWwiOiJwYXJtYXJoYXJzaDkwMUBnbWFpbC5jb20iLCJwaF9ubyI6bnVsbCwicm9sZSI6InN0dWRlbnQifSwiYnJhbmNoIjp7ImJyYW5jaF9uYW1lIjoiQ29tcHV0ZXIgRW5naW5lZXJpbmciLCJicmFuY2hfY29kZSI6Nywic2x1ZyI6IjIzOTQ1OV8xNzA3ODAzMjI4IiwiY29sbGVnZSI6eyJjb2xsZWdlX25hbWUiOiJMLkQuIGNvbGxlZ2Ugb2YgZW5naW5lZXJpbmciLCJzbHVnIjoiMzI1ODY2XzE3MDc3MzMxODQifX0sInNyX25vIjoyNSwiZW5yb2xsbWVudCI6IjIyMDI4MzEwNzAxOSJ9fQ.F0rlNP8c9LITEApMvTZEn66IdA4bHywIo8cUlrScLw4", "created_at": null, "expires_at": "2024-05-20T08:52:28Z"}}, {"model": "token_blacklist.outstandingtoken", "pk": 86, "fields": {"user": 203, "jti": "aa4d32194a404e91b78159ef9aec13ca", "token": "eyJhbGciOiJIUzI1NiIsInR5cCI6IkpXVCJ9.eyJ0b2tlbl90eXBlIjoicmVmcmVzaCIsImV4cCI6MTcxNzA4NzMwOSwiaWF0IjoxNzA5MzExMzA5LCJqdGkiOiJhYTRkMzIxOTRhNDA0ZTkxYjc4MTU5ZWY5YWVjMTNjYSIsInVzZXJfaWQiOjIwM30.pAW8X8aaklZlVOB74vP9oFzOPurtZ6aqBzlFxJs3WkQ", "created_at": "2024-03-01T16:41:49.070Z", "expires_at": "2024-05-30T16:41:49Z"}}, {"model": "token_blacklist.outstandingtoken", "pk": 87, "fields": {"user": 209, "jti": "82f5de8fdf2041b486766b0f0ca3c4e9", "token": "eyJhbGciOiJIUzI1NiIsInR5cCI6IkpXVCJ9.eyJ0b2tlbl90eXBlIjoicmVmcmVzaCIsImV4cCI6MTcxNzA4NzMyMCwiaWF0IjoxNzA5MzExMzIwLCJqdGkiOiI4MmY1ZGU4ZmRmMjA0MWI0ODY3NjZiMGYwY2EzYzRlOSIsInVzZXJfaWQiOjIwOX0.Cu3cFthclDv_n_UaFEk2gAtKRbMqqUkAuZpgi8u9TzM", "created_at": "2024-03-01T16:42:00.283Z", "expires_at": "2024-05-30T16:42:00Z"}}, {"model": "token_blacklist.outstandingtoken", "pk": 88, "fields": {"user": 191, "jti": "2ce67b1e0aae4d5b8872c6fac4a3b9ba", "token": "eyJhbGciOiJIUzI1NiIsInR5cCI6IkpXVCJ9.eyJ0b2tlbl90eXBlIjoicmVmcmVzaCIsImV4cCI6MTcxNzA4NzQzNiwiaWF0IjoxNzA5MzExNDM2LCJqdGkiOiIyY2U2N2IxZTBhYWU0ZDViODg3MmM2ZmFjNGEzYjliYSIsInVzZXJfaWQiOjE5MX0.5O3QQ8aP5nu--fuk6ndXvIOzt1SfUfQ8znWrGFgt600", "created_at": "2024-03-01T16:43:56.425Z", "expires_at": "2024-05-30T16:43:56Z"}}, {"model": "token_blacklist.outstandingtoken", "pk": 89, "fields": {"user": 207, "jti": "e6c4546c95104c40921a127dcc68fc5d", "token": "eyJhbGciOiJIUzI1NiIsInR5cCI6IkpXVCJ9.eyJ0b2tlbl90eXBlIjoicmVmcmVzaCIsImV4cCI6MTcxNzA4NzQ2NSwiaWF0IjoxNzA5MzExNDY1LCJqdGkiOiJlNmM0NTQ2Yzk1MTA0YzQwOTIxYTEyN2RjYzY4ZmM1ZCIsInVzZXJfaWQiOjIwN30.R0wlcbQ7pF3RDD8qhLAfHyfxH4b2DRHXXOr96nv7_D4", "created_at": "2024-03-01T16:44:25.565Z", "expires_at": "2024-05-30T16:44:25Z"}}, {"model": "token_blacklist.outstandingtoken", "pk": 90, "fields": {"user": 204, "jti": "cf2cb211fe7b4af9a6d379af5c9734cf", "token": "eyJhbGciOiJIUzI1NiIsInR5cCI6IkpXVCJ9.eyJ0b2tlbl90eXBlIjoicmVmcmVzaCIsImV4cCI6MTcxNzA4NzQ5OSwiaWF0IjoxNzA5MzExNDk5LCJqdGkiOiJjZjJjYjIxMWZlN2I0YWY5YTZkMzc5YWY1Yzk3MzRjZiIsInVzZXJfaWQiOjIwNH0.uSzXh0WUQBxWTgmSq-i66j2J_HM9QR4GrWWtoHKU9no", "created_at": "2024-03-01T16:44:59.020Z", "expires_at": "2024-05-30T16:44:59Z"}}, {"model": "token_blacklist.outstandingtoken", "pk": 91, "fields": {"user": 191, "jti": "4d97192e69e14d80be9d7b380fdcfbad", "token": "eyJhbGciOiJIUzI1NiIsInR5cCI6IkpXVCJ9.eyJ0b2tlbl90eXBlIjoicmVmcmVzaCIsImV4cCI6MTcxNzA4Nzg1NSwiaWF0IjoxNzA5MzExODU1LCJqdGkiOiI0ZDk3MTkyZTY5ZTE0ZDgwYmU5ZDdiMzgwZmRjZmJhZCIsInVzZXJfaWQiOjE5MX0.2NWkFe-rKti9pN1zHHkoBhaECMPXa4S_3fajv7Fx3ao", "created_at": "2024-03-01T16:50:55.839Z", "expires_at": "2024-05-30T16:50:55Z"}}, {"model": "token_blacklist.outstandingtoken", "pk": 92, "fields": {"user": 191, "jti": "c8f43c5a368844faa1b51e64d960b568", "token": "eyJhbGciOiJIUzI1NiIsInR5cCI6IkpXVCJ9.eyJ0b2tlbl90eXBlIjoicmVmcmVzaCIsImV4cCI6MTcxNzA4Nzg1OSwiaWF0IjoxNzA5MzExODU5LCJqdGkiOiJjOGY0M2M1YTM2ODg0NGZhYTFiNTFlNjRkOTYwYjU2OCIsInVzZXJfaWQiOjE5MX0.Mayll1ra_XInuvfAHsR1Y3T4MK8xvzTZrv5Lw3jUV00", "created_at": "2024-03-01T16:50:59.534Z", "expires_at": "2024-05-30T16:50:59Z"}}, {"model": "token_blacklist.outstandingtoken", "pk": 93, "fields": {"user": 191, "jti": "d871f15a53b04a86b9ae1d13c1e49fd3", "token": "eyJhbGciOiJIUzI1NiIsInR5cCI6IkpXVCJ9.eyJ0b2tlbl90eXBlIjoicmVmcmVzaCIsImV4cCI6MTcxNzA4Nzg2MSwiaWF0IjoxNzA5MzExODYxLCJqdGkiOiJkODcxZjE1YTUzYjA0YTg2YjlhZTFkMTNjMWU0OWZkMyIsInVzZXJfaWQiOjE5MX0.P9sduqfQvqMe_x6B9DH6HrYsjGob7_3_vFX1yF0Rvek", "created_at": "2024-03-01T16:51:01.986Z", "expires_at": "2024-05-30T16:51:01Z"}}, {"model": "token_blacklist.outstandingtoken", "pk": 94, "fields": {"user": 188, "jti": "7080a1f014354df5a9c8f541f7763c28", "token": "eyJhbGciOiJIUzI1NiIsInR5cCI6IkpXVCJ9.eyJ0b2tlbl90eXBlIjoicmVmcmVzaCIsImV4cCI6MTcxNzA4Nzg4MCwiaWF0IjoxNzA5MzExODgwLCJqdGkiOiI3MDgwYTFmMDE0MzU0ZGY1YTljOGY1NDFmNzc2M2MyOCIsInVzZXJfaWQiOjE4OH0.MWBa4hZvKP2YkLmEeJS3Eqj0wSgZd0Hrl_sUk2k1Vmc", "created_at": "2024-03-01T16:51:20.393Z", "expires_at": "2024-05-30T16:51:20Z"}}, {"model": "token_blacklist.outstandingtoken", "pk": 95, "fields": {"user": 193, "jti": "a4a119eea25a4bde95de0e7c5eae5780", "token": "eyJhbGciOiJIUzI1NiIsInR5cCI6IkpXVCJ9.eyJ0b2tlbl90eXBlIjoicmVmcmVzaCIsImV4cCI6MTcxNzA4Nzg4OCwiaWF0IjoxNzA5MzExODg4LCJqdGkiOiJhNGExMTllZWEyNWE0YmRlOTVkZTBlN2M1ZWFlNTc4MCIsInVzZXJfaWQiOjE5M30.439N0BnGymI1Cu03eLdm2liy65BQ75Xao8Qd3mRRAt4", "created_at": "2024-03-01T16:51:28.076Z", "expires_at": "2024-05-30T16:51:28Z"}}, {"model": "token_blacklist.outstandingtoken", "pk": 96, "fields": {"user": 180, "jti": "93858cb3e9584c36acecd36207e438f2", "token": "eyJhbGciOiJIUzI1NiIsInR5cCI6IkpXVCJ9.eyJ0b2tlbl90eXBlIjoicmVmcmVzaCIsImV4cCI6MTcxNzA4Nzk3MCwiaWF0IjoxNzA5MzExOTcwLCJqdGkiOiI5Mzg1OGNiM2U5NTg0YzM2YWNlY2QzNjIwN2U0MzhmMiIsInVzZXJfaWQiOjE4MH0.xl45rBdtwOJchqaIjXL7r_P1Sf738tQFZ9q75WSIPto", "created_at": "2024-03-01T16:52:50.099Z", "expires_at": "2024-05-30T16:52:50Z"}}, {"model": "token_blacklist.outstandingtoken", "pk": 97, "fields": {"user": 341, "jti": "d045d29cecfa4ee4b93242ee72ce0f41", "token": "eyJhbGciOiJIUzI1NiIsInR5cCI6IkpXVCJ9.eyJ0b2tlbl90eXBlIjoicmVmcmVzaCIsImV4cCI6MTcxNzA4ODc3NSwiaWF0IjoxNzA5MzEyNzc1LCJqdGkiOiJkMDQ1ZDI5Y2VjZmE0ZWU0YjkzMjQyZWU3MmNlMGY0MSIsInVzZXJfaWQiOjM0MX0.HwVRYQFjyV0pHTSHZt9CmYu8AKvF38RYQ0K0rnx6NHg", "created_at": "2024-03-01T17:06:15.429Z", "expires_at": "2024-05-30T17:06:15Z"}}, {"model": "token_blacklist.outstandingtoken", "pk": 98, "fields": {"user": null, "jti": "0be1a17e6a40460aba2eb2a7f16fc7b7", "token": "eyJhbGciOiJIUzI1NiIsInR5cCI6IkpXVCJ9.eyJ0b2tlbl90eXBlIjoicmVmcmVzaCIsImV4cCI6MTcxNzA4ODc4NywiaWF0IjoxNzA5MzEyNzg3LCJqdGkiOiIwYmUxYTE3ZTZhNDA0NjBhYmEyZWIyYTdmMTZmYzdiNyIsInVzZXJfaWQiOjM0Mn0.j85qZ7e51XGffSQiKBhRZIKtTOY7FQSoCoEMtqBk92s", "created_at": "2024-03-01T17:06:27.279Z", "expires_at": "2024-05-30T17:06:27Z"}}, {"model": "token_blacklist.outstandingtoken", "pk": 99, "fields": {"user": 204, "jti": "6f4ab6fe662a430ebd04b5209ed5743a", "token": "eyJhbGciOiJIUzI1NiIsInR5cCI6IkpXVCJ9.eyJ0b2tlbl90eXBlIjoicmVmcmVzaCIsImV4cCI6MTcxNzA4ODkyNSwiaWF0IjoxNzA5MzEyOTI1LCJqdGkiOiI2ZjRhYjZmZTY2MmE0MzBlYmQwNGI1MjA5ZWQ1NzQzYSIsInVzZXJfaWQiOjIwNH0.tXYTfoBJVvNzq22wSsgsMVZv2ZMaOpYFD6_k74J0WV8", "created_at": "2024-03-01T17:08:45.556Z", "expires_at": "2024-05-30T17:08:45Z"}}, {"model": "token_blacklist.outstandingtoken", "pk": 100, "fields": {"user": 193, "jti": "c229acd291294c51874de286d388b603", "token": "eyJhbGciOiJIUzI1NiIsInR5cCI6IkpXVCJ9.eyJ0b2tlbl90eXBlIjoicmVmcmVzaCIsImV4cCI6MTcxNzA4ODk2MiwiaWF0IjoxNzA5MzEyOTYyLCJqdGkiOiJjMjI5YWNkMjkxMjk0YzUxODc0ZGUyODZkMzg4YjYwMyIsInVzZXJfaWQiOjE5M30.M1VRznzx3g7I6dlMNGUNLj61In2UTrbOCGh6OWZq-ZI", "created_at": "2024-03-01T17:09:22.516Z", "expires_at": "2024-05-30T17:09:22Z"}}, {"model": "token_blacklist.outstandingtoken", "pk": 101, "fields": {"user": 204, "jti": "a8607b44537a455293c27f897d3e30ac", "token": "eyJhbGciOiJIUzI1NiIsInR5cCI6IkpXVCJ9.eyJ0b2tlbl90eXBlIjoicmVmcmVzaCIsImV4cCI6MTcxNzE1ODcwNiwiaWF0IjoxNzA5MzgyNzA2LCJqdGkiOiJhODYwN2I0NDUzN2E0NTUyOTNjMjdmODk3ZDNlMzBhYyIsInVzZXJfaWQiOjIwNH0.Eym5EuMmY3caOhbMmnF14SSBy0EY9AcMtQ5FLqgZ1NE", "created_at": "2024-03-02T12:31:46.097Z", "expires_at": "2024-05-31T12:31:46Z"}}, {"model": "token_blacklist.outstandingtoken", "pk": 102, "fields": {"user": 1, "jti": "e7db961a2af948f8bb38e8409821cc59", "token": "eyJhbGciOiJIUzI1NiIsInR5cCI6IkpXVCJ9.eyJ0b2tlbl90eXBlIjoicmVmcmVzaCIsImV4cCI6MTcxNzE1ODc3MywiaWF0IjoxNzA5MzgyNzczLCJqdGkiOiJlN2RiOTYxYTJhZjk0OGY4YmIzOGU4NDA5ODIxY2M1OSIsInVzZXJfaWQiOjF9.rVREas9cVCHzoxAnsNFlfb-_l1l_oGmqD5ZfaOkBuG8", "created_at": "2024-03-02T12:32:53.114Z", "expires_at": "2024-05-31T12:32:53Z"}}, {"model": "token_blacklist.outstandingtoken", "pk": 103, "fields": {"user": 1, "jti": "6f5c0a2cfdc54ed9b1495e2d1913ede1", "token": "eyJhbGciOiJIUzI1NiIsInR5cCI6IkpXVCJ9.eyJ0b2tlbl90eXBlIjoicmVmcmVzaCIsImV4cCI6MTcxNzI5ODM5OSwiaWF0IjoxNzA5NTIyMzk5LCJqdGkiOiI2ZjVjMGEyY2ZkYzU0ZWQ5YjE0OTVlMmQxOTEzZWRlMSIsInVzZXJfaWQiOjF9.zyh4e3rys9FIOL9wdqWvirKIZ8XbKRzQXvYcfb1-q-c", "created_at": "2024-03-04T03:19:59.530Z", "expires_at": "2024-06-02T03:19:59Z"}}, {"model": "token_blacklist.outstandingtoken", "pk": 104, "fields": {"user": null, "jti": "650104fca45845868c48af3949f616cc", "token": "eyJhbGciOiJIUzI1NiIsInR5cCI6IkpXVCJ9.eyJ0b2tlbl90eXBlIjoicmVmcmVzaCIsImV4cCI6MTcxNzI5ODU1NCwiaWF0IjoxNzA5NTIyNTU0LCJqdGkiOiI2NTAxMDRmY2E0NTg0NTg2OGM0OGFmMzk0OWY2MTZjYyIsInVzZXJfaWQiOjR9.oeBvNUo8-t4u4AvRyI2whSeOP-1ZKV7smXk7rWuKNEY", "created_at": "2024-03-04T03:22:34.129Z", "expires_at": "2024-06-02T03:22:34Z"}}, {"model": "token_blacklist.outstandingtoken", "pk": 105, "fields": {"user": 1, "jti": "591b9bedebd54839a59a06cea2d1dd59", "token": "eyJhbGciOiJIUzI1NiIsInR5cCI6IkpXVCJ9.eyJ0b2tlbl90eXBlIjoicmVmcmVzaCIsImV4cCI6MTcxNzI5OTI1NiwiaWF0IjoxNzA5NTIzMjU2LCJqdGkiOiI1OTFiOWJlZGViZDU0ODM5YTU5YTA2Y2VhMmQxZGQ1OSIsInVzZXJfaWQiOjF9.Z15i3OMnGoaMkdyqSJOxnzJGIjO7W5AdhW1xcoHRAZ4", "created_at": "2024-03-04T03:34:16.896Z", "expires_at": "2024-06-02T03:34:16Z"}}, {"model": "token_blacklist.outstandingtoken", "pk": 106, "fields": {"user": null, "jti": "6bddc1984c284635945f04af29c97696", "token": "eyJhbGciOiJIUzI1NiIsInR5cCI6IkpXVCJ9.eyJ0b2tlbl90eXBlIjoicmVmcmVzaCIsImV4cCI6MTcxNzI5OTM4NSwiaWF0IjoxNzA5NTIzMzg1LCJqdGkiOiI2YmRkYzE5ODRjMjg0NjM1OTQ1ZjA0YWYyOWM5NzY5NiIsInVzZXJfaWQiOjM0M30.xY1l7q0T7rDLT0YGYwDL3qpnTOHNtsLqpZO4Ci_eqCw", "created_at": "2024-03-04T03:36:25.108Z", "expires_at": "2024-06-02T03:36:25Z"}}, {"model": "token_blacklist.outstandingtoken", "pk": 107, "fields": {"user": 1, "jti": "e5a5a5daf3164e97b935a1520e8d2c15", "token": "eyJhbGciOiJIUzI1NiIsInR5cCI6IkpXVCJ9.eyJ0b2tlbl90eXBlIjoicmVmcmVzaCIsImV4cCI6MTcxNzI5OTQwMiwiaWF0IjoxNzA5NTIzNDAyLCJqdGkiOiJlNWE1YTVkYWYzMTY0ZTk3YjkzNWExNTIwZThkMmMxNSIsInVzZXJfaWQiOjF9.XNQOXn28YSzQ5SgPQ0wAflshYCnEY0JNlO-Kv3d7Wkw", "created_at": "2024-03-04T03:36:42.073Z", "expires_at": "2024-06-02T03:36:42Z"}}, {"model": "token_blacklist.outstandingtoken", "pk": 108, "fields": {"user": null, "jti": "59667b0c21764e01bc41faefa43f0f10", "token": "eyJhbGciOiJIUzI1NiIsInR5cCI6IkpXVCJ9.eyJ0b2tlbl90eXBlIjoicmVmcmVzaCIsImV4cCI6MTcxNzMwMjA1NiwiaWF0IjoxNzA5NTI2MDU2LCJqdGkiOiI1OTY2N2IwYzIxNzY0ZTAxYmM0MWZhZWZhNDNmMGYxMCIsInVzZXJfaWQiOjQsIm9iaiI6eyJzbHVnIjoiMTA0MTUwXzE3MDg5MzAyNjEiLCJwcm9maWxlIjp7Im5hbWUiOiJEci4gQ0hBTkRVTEFMIFZJVEhBTEFOSSIsImVtYWlsIjoiY2h2aXRoYWxhbmlAbGRjZS5hYy5pbiIsInJvbGUiOiJ0ZWFjaGVyIn0sImJyYW5jaCI6eyJicmFuY2hfbmFtZSI6IkVsZWN0cm9uaWNzIEFuZCBDb21tdW5pY2F0aW9uIC0gQkUiLCJicmFuY2hfY29kZSI6IjExIiwic2x1ZyI6IjEwNjkyNl8xNzA4OTI4NDAxIiwiY29sbGVnZSI6eyJjb2xsZWdlX25hbWUiOiJMLkQuIGNvbGxlZ2Ugb2YgZW5naW5lZXJpbmciLCJzbHVnIjoiNzcxODg2XzE3MDg5MjgzNTkifX19fQ.6hh7TlcGHWo0iJkznR06aWaqCT97lTvQT9N0a0To8WQ", "created_at": null, "expires_at": "2024-06-02T04:20:56Z"}}, {"model": "token_blacklist.outstandingtoken", "pk": 109, "fields": {"user": null, "jti": "bd27a33831e84da5940ddabc791a58e3", "token": "eyJhbGciOiJIUzI1NiIsInR5cCI6IkpXVCJ9.eyJ0b2tlbl90eXBlIjoicmVmcmVzaCIsImV4cCI6MTcxNjExNTY0OSwiaWF0IjoxNzA4MzM5NjQ5LCJqdGkiOiJiZDI3YTMzODMxZTg0ZGE1OTQwZGRhYmM3OTFhNThlMyIsInVzZXJfaWQiOjIsIm9iaiI6eyJzbHVnIjoiMzUwNzQ3XzE3MDc3NDg4NjciLCJwcm9maWxlIjp7Im5hbWUiOiJEci4gQy5ILiBWSVRIQUxBTkkiLCJlbWFpbCI6ImNodml0aGFsYW5pQGxkY2UuYWMuaW4iLCJwaF9ubyI6IjkzNzQ4IDM2MzkwIiwicm9sZSI6InRlYWNoZXIifSwiYnJhbmNoIjp7ImJyYW5jaF9uYW1lIjoiRWxlY3Ryb25pY3MgQW5kIENvbW11bmljYXRpb24iLCJicmFuY2hfY29kZSI6MTEsInNsdWciOiIyNzcwNjlfMTcwNzczMzIxMSIsImNvbGxlZ2UiOnsiY29sbGVnZV9uYW1lIjoiTC5ELiBjb2xsZWdlIG9mIGVuZ2luZWVyaW5nIiwic2x1ZyI6IjMyNTg2Nl8xNzA3NzMzMTg0In19fX0.d8tzHUPaUh4M-gtrPPz0iS7mxv3B1-kwXYP0Df-0B3E", "created_at": null, "expires_at": "2024-05-19T10:47:29Z"}}, {"model": "token_blacklist.outstandingtoken", "pk": 110, "fields": {"user": null, "jti": "35d7bdcbbc094347bb9314c87a772a45", "token": "eyJhbGciOiJIUzI1NiIsInR5cCI6IkpXVCJ9.eyJ0b2tlbl90eXBlIjoicmVmcmVzaCIsImV4cCI6MTcxNzMwODA4OSwiaWF0IjoxNzA5NTMyMDg5LCJqdGkiOiIzNWQ3YmRjYmJjMDk0MzQ3YmI5MzE0Yzg3YTc3MmE0NSIsInVzZXJfaWQiOjIsIm9iaiI6eyJzbHVnIjoiMzUwNzQ3XzE3MDc3NDg4NjciLCJwcm9maWxlIjp7Im5hbWUiOiJEci4gQy5ILiBWSVRIQUxBTkkiLCJlbWFpbCI6ImNodml0aGFsYW5pQGxkY2UuYWMuaW4iLCJwaF9ubyI6IjkzNzQ4IDM2MzkwIiwicm9sZSI6InRlYWNoZXIifSwiYnJhbmNoIjp7ImJyYW5jaF9uYW1lIjoiRWxlY3Ryb25pY3MgQW5kIENvbW11bmljYXRpb24iLCJicmFuY2hfY29kZSI6MTEsInNsdWciOiIyNzcwNjlfMTcwNzczMzIxMSIsImNvbGxlZ2UiOnsiY29sbGVnZV9uYW1lIjoiTC5ELiBjb2xsZWdlIG9mIGVuZ2luZWVyaW5nIiwic2x1ZyI6IjMyNTg2Nl8xNzA3NzMzMTg0In19fX0.uBcsIx3vJmoBhLJRaM0hChLBfGKsEURPHN1hAhJdGR8", "created_at": null, "expires_at": "2024-06-02T06:01:29Z"}}, {"model": "token_blacklist.outstandingtoken", "pk": 111, "fields": {"user": null, "jti": "d9e57ea1337e46f090013d0431e78dc0", "token": "eyJhbGciOiJIUzI1NiIsInR5cCI6IkpXVCJ9.eyJ0b2tlbl90eXBlIjoicmVmcmVzaCIsImV4cCI6MTcxNzMwODIxNCwiaWF0IjoxNzA5NTMyMjE0LCJqdGkiOiJkOWU1N2VhMTMzN2U0NmYwOTAwMTNkMDQzMWU3OGRjMCIsInVzZXJfaWQiOjIsIm9iaiI6eyJzbHVnIjoiMzUwNzQ3XzE3MDc3NDg4NjciLCJwcm9maWxlIjp7Im5hbWUiOiJEci4gQy5ILiBWSVRIQUxBTkkiLCJlbWFpbCI6ImNodml0aGFsYW5pQGxkY2UuYWMuaW4iLCJwaF9ubyI6IjkzNzQ4IDM2MzkwIiwicm9sZSI6InRlYWNoZXIifSwiYnJhbmNoIjp7ImJyYW5jaF9uYW1lIjoiRWxlY3Ryb25pY3MgQW5kIENvbW11bmljYXRpb24iLCJicmFuY2hfY29kZSI6MTEsInNsdWciOiIyNzcwNjlfMTcwNzczMzIxMSIsImNvbGxlZ2UiOnsiY29sbGVnZV9uYW1lIjoiTC5ELiBjb2xsZWdlIG9mIGVuZ2luZWVyaW5nIiwic2x1ZyI6IjMyNTg2Nl8xNzA3NzMzMTg0In19fX0.8Yq9MjTs00-dC48YzXjLKl9GlnT2ZdwYkXmfsc_ekVE", "created_at": null, "expires_at": "2024-06-02T06:03:34Z"}}, {"model": "token_blacklist.outstandingtoken", "pk": 112, "fields": {"user": 344, "jti": "09cf81a1a2f24242a7ad9edc9a32f96e", "token": "eyJhbGciOiJIUzI1NiIsInR5cCI6IkpXVCJ9.eyJ0b2tlbl90eXBlIjoicmVmcmVzaCIsImV4cCI6MTcxNzMwODI1NiwiaWF0IjoxNzA5NTMyMjU2LCJqdGkiOiIwOWNmODFhMWEyZjI0MjQyYTdhZDllZGM5YTMyZjk2ZSIsInVzZXJfaWQiOjM0NH0.r6Z1yvvRsIX_16NLK5Up8qZDtKMsenz5hD2HTEwp96U", "created_at": "2024-03-04T06:04:16.257Z", "expires_at": "2024-06-02T06:04:16Z"}}, {"model": "token_blacklist.outstandingtoken", "pk": 113, "fields": {"user": 344, "jti": "08db49c2195c45ccaf635ba03c5ae9a5", "token": "eyJhbGciOiJIUzI1NiIsInR5cCI6IkpXVCJ9.eyJ0b2tlbl90eXBlIjoicmVmcmVzaCIsImV4cCI6MTcxNzMxMTE5MywiaWF0IjoxNzA5NTM1MTkzLCJqdGkiOiIwOGRiNDljMjE5NWM0NWNjYWY2MzViYTAzYzVhZTlhNSIsInVzZXJfaWQiOjM0NH0.CrS5vUr_mrwpfBwcFmH47Ztc1bWckHwkfnEnz1Czdb0", "created_at": "2024-03-04T06:53:13.085Z", "expires_at": "2024-06-02T06:53:13Z"}}, {"model": "token_blacklist.outstandingtoken", "pk": 114, "fields": {"user": 117, "jti": "70d0938288014ee8a5590ad70654a917", "token": "eyJhbGciOiJIUzI1NiIsInR5cCI6IkpXVCJ9.eyJ0b2tlbl90eXBlIjoicmVmcmVzaCIsImV4cCI6MTcxNzMxMTI5MCwiaWF0IjoxNzA5NTM1MjkwLCJqdGkiOiI3MGQwOTM4Mjg4MDE0ZWU4YTU1OTBhZDcwNjU0YTkxNyIsInVzZXJfaWQiOjExN30.LLclxWr9At-Fcl7wbBXAEHbCj62ieTA9yw1W_UvFnzk", "created_at": "2024-03-04T06:54:50.712Z", "expires_at": "2024-06-02T06:54:50Z"}}, {"model": "token_blacklist.outstandingtoken", "pk": 115, "fields": {"user": 123, "jti": "4cfae000fb6443968012ec9d7e21a1f7", "token": "eyJhbGciOiJIUzI1NiIsInR5cCI6IkpXVCJ9.eyJ0b2tlbl90eXBlIjoicmVmcmVzaCIsImV4cCI6MTcxNzMxMTI5NywiaWF0IjoxNzA5NTM1Mjk3LCJqdGkiOiI0Y2ZhZTAwMGZiNjQ0Mzk2ODAxMmVjOWQ3ZTIxYTFmNyIsInVzZXJfaWQiOjEyM30.ymFBIcx8tXgFFw5_6u0y9oYuzXghQCrfgLGWIA41vvs", "created_at": "2024-03-04T06:54:57.131Z", "expires_at": "2024-06-02T06:54:57Z"}}, {"model": "token_blacklist.outstandingtoken", "pk": 116, "fields": {"user": 124, "jti": "c7817003b6a744f6b18f49799ea4ca8b", "token": "eyJhbGciOiJIUzI1NiIsInR5cCI6IkpXVCJ9.eyJ0b2tlbl90eXBlIjoicmVmcmVzaCIsImV4cCI6MTcxNzMxMTMzMiwiaWF0IjoxNzA5NTM1MzMyLCJqdGkiOiJjNzgxNzAwM2I2YTc0NGY2YjE4ZjQ5Nzk5ZWE0Y2E4YiIsInVzZXJfaWQiOjEyNH0.nDXgUciHYh7BvRMJ9zH1E7V9NkPLazb5D-Hqb2oKG3w", "created_at": "2024-03-04T06:55:32.230Z", "expires_at": "2024-06-02T06:55:32Z"}}, {"model": "token_blacklist.outstandingtoken", "pk": 117, "fields": {"user": 138, "jti": "411e117a259d45f78a6fb5ccfb7ac26f", "token": "eyJhbGciOiJIUzI1NiIsInR5cCI6IkpXVCJ9.eyJ0b2tlbl90eXBlIjoicmVmcmVzaCIsImV4cCI6MTcxNzMxMTMzOCwiaWF0IjoxNzA5NTM1MzM4LCJqdGkiOiI0MTFlMTE3YTI1OWQ0NWY3OGE2ZmI1Y2NmYjdhYzI2ZiIsInVzZXJfaWQiOjEzOH0.C7-6_eI4seA1GNlALCEBQIzt-vgmWFYEaxHJxqAnPf4", "created_at": "2024-03-04T06:55:38.818Z", "expires_at": "2024-06-02T06:55:38Z"}}, {"model": "token_blacklist.outstandingtoken", "pk": 118, "fields": {"user": 113, "jti": "a160c4df821645c7be1a4aa741d127d9", "token": "eyJhbGciOiJIUzI1NiIsInR5cCI6IkpXVCJ9.eyJ0b2tlbl90eXBlIjoicmVmcmVzaCIsImV4cCI6MTcxNzMxMTM0OSwiaWF0IjoxNzA5NTM1MzQ5LCJqdGkiOiJhMTYwYzRkZjgyMTY0NWM3YmUxYTRhYTc0MWQxMjdkOSIsInVzZXJfaWQiOjExM30.Xg716ZJnBVUWsnT5DvG5cT97fsSWu24e__gBXpiMeM8", "created_at": "2024-03-04T06:55:49.342Z", "expires_at": "2024-06-02T06:55:49Z"}}, {"model": "token_blacklist.outstandingtoken", "pk": 119, "fields": {"user": 139, "jti": "ac24c85f864c45e2b5a1f14c5dceef29", "token": "eyJhbGciOiJIUzI1NiIsInR5cCI6IkpXVCJ9.eyJ0b2tlbl90eXBlIjoicmVmcmVzaCIsImV4cCI6MTcxNzMxMTM1MiwiaWF0IjoxNzA5NTM1MzUyLCJqdGkiOiJhYzI0Yzg1Zjg2NGM0NWUyYjVhMWYxNGM1ZGNlZWYyOSIsInVzZXJfaWQiOjEzOX0.qH7IDrScuCH11xAZHXZMLqcdbANZVJJJ5Qm8SMvm0oo", "created_at": "2024-03-04T06:55:52.694Z", "expires_at": "2024-06-02T06:55:52Z"}}, {"model": "token_blacklist.outstandingtoken", "pk": 120, "fields": {"user": 135, "jti": "b21378e85e6640c58e7b53bece70c879", "token": "eyJhbGciOiJIUzI1NiIsInR5cCI6IkpXVCJ9.eyJ0b2tlbl90eXBlIjoicmVmcmVzaCIsImV4cCI6MTcxNzMxMTM4MywiaWF0IjoxNzA5NTM1MzgzLCJqdGkiOiJiMjEzNzhlODVlNjY0MGM1OGU3YjUzYmVjZTcwYzg3OSIsInVzZXJfaWQiOjEzNX0.xus4VUTxGxMbNWxchVtNSj7rZJNVlYHyxdA_HrInugg", "created_at": "2024-03-04T06:56:23.499Z", "expires_at": "2024-06-02T06:56:23Z"}}, {"model": "token_blacklist.outstandingtoken", "pk": 121, "fields": {"user": 119, "jti": "f54ffe08e6374b59aeb3e43f7252de87", "token": "eyJhbGciOiJIUzI1NiIsInR5cCI6IkpXVCJ9.eyJ0b2tlbl90eXBlIjoicmVmcmVzaCIsImV4cCI6MTcxNzMxMTM4OCwiaWF0IjoxNzA5NTM1Mzg4LCJqdGkiOiJmNTRmZmUwOGU2Mzc0YjU5YWViM2U0M2Y3MjUyZGU4NyIsInVzZXJfaWQiOjExOX0.pCALLDNr9IJr5zPlPIQgg8lGkWGq4nKjufzayMJ3lPY", "created_at": "2024-03-04T06:56:28.362Z", "expires_at": "2024-06-02T06:56:28Z"}}, {"model": "token_blacklist.outstandingtoken", "pk": 122, "fields": {"user": 129, "jti": "a77f5ca1ebe343a0bba4ee76720ebf2a", "token": "eyJhbGciOiJIUzI1NiIsInR5cCI6IkpXVCJ9.eyJ0b2tlbl90eXBlIjoicmVmcmVzaCIsImV4cCI6MTcxNzMxMTM5NSwiaWF0IjoxNzA5NTM1Mzk1LCJqdGkiOiJhNzdmNWNhMWViZTM0M2EwYmJhNGVlNzY3MjBlYmYyYSIsInVzZXJfaWQiOjEyOX0.v7LHYBi-XluKxmCAQy-_zrmCJZcyJF3PLNDmNHvO_o0", "created_at": "2024-03-04T06:56:35.736Z", "expires_at": "2024-06-02T06:56:35Z"}}, {"model": "token_blacklist.outstandingtoken", "pk": 123, "fields": {"user": 115, "jti": "fc1c1167660247598b04c767b7f7d3ea", "token": "eyJhbGciOiJIUzI1NiIsInR5cCI6IkpXVCJ9.eyJ0b2tlbl90eXBlIjoicmVmcmVzaCIsImV4cCI6MTcxNzMxMTQwMCwiaWF0IjoxNzA5NTM1NDAwLCJqdGkiOiJmYzFjMTE2NzY2MDI0NzU5OGIwNGM3NjdiN2Y3ZDNlYSIsInVzZXJfaWQiOjExNX0.sTOI10BWud-751oionVLz6uo7YBLhSfww2LUZOH5l5s", "created_at": "2024-03-04T06:56:40.929Z", "expires_at": "2024-06-02T06:56:40Z"}}, {"model": "token_blacklist.outstandingtoken", "pk": 124, "fields": {"user": 127, "jti": "b5437cd7b64e4c51aa7bc01c4f4f7f58", "token": "eyJhbGciOiJIUzI1NiIsInR5cCI6IkpXVCJ9.eyJ0b2tlbl90eXBlIjoicmVmcmVzaCIsImV4cCI6MTcxNzMxMTQxMSwiaWF0IjoxNzA5NTM1NDExLCJqdGkiOiJiNTQzN2NkN2I2NGU0YzUxYWE3YmMwMWM0ZjRmN2Y1OCIsInVzZXJfaWQiOjEyN30.pyvHkK0PLtY6oquo_TMqIB8C3F3Jh5dgzUeoMYLDXq8", "created_at": "2024-03-04T06:56:51.758Z", "expires_at": "2024-06-02T06:56:51Z"}}, {"model": "token_blacklist.outstandingtoken", "pk": 125, "fields": {"user": 131, "jti": "337532092a844ddaabb635bb3131d6c6", "token": "eyJhbGciOiJIUzI1NiIsInR5cCI6IkpXVCJ9.eyJ0b2tlbl90eXBlIjoicmVmcmVzaCIsImV4cCI6MTcxNzMxMTQyMSwiaWF0IjoxNzA5NTM1NDIxLCJqdGkiOiIzMzc1MzIwOTJhODQ0ZGRhYWJiNjM1YmIzMTMxZDZjNiIsInVzZXJfaWQiOjEzMX0.8IxE4qTd7nT58gEDVoNunS9NrpynrXMBKStaZPx2bKY", "created_at": "2024-03-04T06:57:01.923Z", "expires_at": "2024-06-02T06:57:01Z"}}, {"model": "token_blacklist.outstandingtoken", "pk": 126, "fields": {"user": 139, "jti": "c4303ac8dc4d46b1ac39813430a36d09", "token": "eyJhbGciOiJIUzI1NiIsInR5cCI6IkpXVCJ9.eyJ0b2tlbl90eXBlIjoicmVmcmVzaCIsImV4cCI6MTcxNzMxMTQzNiwiaWF0IjoxNzA5NTM1NDM2LCJqdGkiOiJjNDMwM2FjOGRjNGQ0NmIxYWMzOTgxMzQzMGEzNmQwOSIsInVzZXJfaWQiOjEzOX0.mjIeS6DosIpDjL5K-kN1jCucXme36zPYIwNKXjVAzus", "created_at": "2024-03-04T06:57:16.277Z", "expires_at": "2024-06-02T06:57:16Z"}}, {"model": "token_blacklist.outstandingtoken", "pk": 127, "fields": {"user": 139, "jti": "ccc09429ee8d456089d7a8f280d9f0fe", "token": "eyJhbGciOiJIUzI1NiIsInR5cCI6IkpXVCJ9.eyJ0b2tlbl90eXBlIjoicmVmcmVzaCIsImV4cCI6MTcxNzMxMTQzNywiaWF0IjoxNzA5NTM1NDM3LCJqdGkiOiJjY2MwOTQyOWVlOGQ0NTYwODlkN2E4ZjI4MGQ5ZjBmZSIsInVzZXJfaWQiOjEzOX0.82Y0TDUPEj67wXxTkD6BZsJATluESVc2EawzBNqk30E", "created_at": "2024-03-04T06:57:17.001Z", "expires_at": "2024-06-02T06:57:17Z"}}, {"model": "token_blacklist.outstandingtoken", "pk": 128, "fields": {"user": 135, "jti": "78ef51f9b9674d86b4a1125557ebb1d6", "token": "eyJhbGciOiJIUzI1NiIsInR5cCI6IkpXVCJ9.eyJ0b2tlbl90eXBlIjoicmVmcmVzaCIsImV4cCI6MTcxNzMxMTQ0NiwiaWF0IjoxNzA5NTM1NDQ2LCJqdGkiOiI3OGVmNTFmOWI5Njc0ZDg2YjRhMTEyNTU1N2ViYjFkNiIsInVzZXJfaWQiOjEzNX0.im_TGGdzjCmG9jhXwwJVzkSmAhvcZqxKiQT_r1oLPkM", "created_at": "2024-03-04T06:57:26.129Z", "expires_at": "2024-06-02T06:57:26Z"}}, {"model": "token_blacklist.outstandingtoken", "pk": 129, "fields": {"user": 130, "jti": "cae6134523b84d3692dd7e2629747ef7", "token": "eyJhbGciOiJIUzI1NiIsInR5cCI6IkpXVCJ9.eyJ0b2tlbl90eXBlIjoicmVmcmVzaCIsImV4cCI6MTcxNzMxMTQ1MSwiaWF0IjoxNzA5NTM1NDUxLCJqdGkiOiJjYWU2MTM0NTIzYjg0ZDM2OTJkZDdlMjYyOTc0N2VmNyIsInVzZXJfaWQiOjEzMH0.7g_ENe8d4Y7lyVrQ913Uyw_nOl10ZnjIYkCC6RTIvMA", "created_at": "2024-03-04T06:57:31.705Z", "expires_at": "2024-06-02T06:57:31Z"}}, {"model": "token_blacklist.outstandingtoken", "pk": 130, "fields": {"user": 116, "jti": "9f0197a8692a4e0b938212bc9b3d3d86", "token": "eyJhbGciOiJIUzI1NiIsInR5cCI6IkpXVCJ9.eyJ0b2tlbl90eXBlIjoicmVmcmVzaCIsImV4cCI6MTcxNzMxMTQ2NiwiaWF0IjoxNzA5NTM1NDY2LCJqdGkiOiI5ZjAxOTdhODY5MmE0ZTBiOTM4MjEyYmM5YjNkM2Q4NiIsInVzZXJfaWQiOjExNn0.0g4rxypK_61_iU9iSY_TnqaxaX4uh3mE0uyP3x2oav4", "created_at": "2024-03-04T06:57:46.973Z", "expires_at": "2024-06-02T06:57:46Z"}}, {"model": "token_blacklist.outstandingtoken", "pk": 131, "fields": {"user": 114, "jti": "e2a036707ee04570a0ed408265e7cbd1", "token": "eyJhbGciOiJIUzI1NiIsInR5cCI6IkpXVCJ9.eyJ0b2tlbl90eXBlIjoicmVmcmVzaCIsImV4cCI6MTcxNzMxMTQ4MiwiaWF0IjoxNzA5NTM1NDgyLCJqdGkiOiJlMmEwMzY3MDdlZTA0NTcwYTBlZDQwODI2NWU3Y2JkMSIsInVzZXJfaWQiOjExNH0.zFWTs8eb7VSdg2NcdUeM5msdOABS6G5ExC30tIz3aJA", "created_at": "2024-03-04T06:58:02.443Z", "expires_at": "2024-06-02T06:58:02Z"}}, {"model": "token_blacklist.outstandingtoken", "pk": 132, "fields": {"user": 125, "jti": "977c1df4f5a747689a980536d32201af", "token": "eyJhbGciOiJIUzI1NiIsInR5cCI6IkpXVCJ9.eyJ0b2tlbl90eXBlIjoicmVmcmVzaCIsImV4cCI6MTcxNzMxMTUyMywiaWF0IjoxNzA5NTM1NTIzLCJqdGkiOiI5NzdjMWRmNGY1YTc0NzY4OWE5ODA1MzZkMzIyMDFhZiIsInVzZXJfaWQiOjEyNX0.WepBiuakrF11rfWATgcLnl2WTbIlIP2LdItNVzRqpxM", "created_at": "2024-03-04T06:58:43.810Z", "expires_at": "2024-06-02T06:58:43Z"}}, {"model": "token_blacklist.outstandingtoken", "pk": 133, "fields": {"user": 125, "jti": "87ed6a3c90c443259ddbd5616eb31c1b", "token": "eyJhbGciOiJIUzI1NiIsInR5cCI6IkpXVCJ9.eyJ0b2tlbl90eXBlIjoicmVmcmVzaCIsImV4cCI6MTcxNzMxMTUyNCwiaWF0IjoxNzA5NTM1NTI0LCJqdGkiOiI4N2VkNmEzYzkwYzQ0MzI1OWRkYmQ1NjE2ZWIzMWMxYiIsInVzZXJfaWQiOjEyNX0.GAeFlR0mENsC6cwxYXOBU3cKY521mGhPRf8vnugcA_8", "created_at": "2024-03-04T06:58:44.558Z", "expires_at": "2024-06-02T06:58:44Z"}}, {"model": "token_blacklist.outstandingtoken", "pk": 134, "fields": {"user": 125, "jti": "727ffbf60c90468fb1b1fbc0f8230940", "token": "eyJhbGciOiJIUzI1NiIsInR5cCI6IkpXVCJ9.eyJ0b2tlbl90eXBlIjoicmVmcmVzaCIsImV4cCI6MTcxNzMxMTUyNywiaWF0IjoxNzA5NTM1NTI3LCJqdGkiOiI3MjdmZmJmNjBjOTA0NjhmYjFiMWZiYzBmODIzMDk0MCIsInVzZXJfaWQiOjEyNX0.OONGX5FvtZV4G1uUIB1sio8GAiFhCbYQEuLFoVkcrUY", "created_at": "2024-03-04T06:58:47.012Z", "expires_at": "2024-06-02T06:58:47Z"}}, {"model": "token_blacklist.outstandingtoken", "pk": 135, "fields": {"user": 118, "jti": "bb4c6fb7481e44fbad2a0caaf459947d", "token": "eyJhbGciOiJIUzI1NiIsInR5cCI6IkpXVCJ9.eyJ0b2tlbl90eXBlIjoicmVmcmVzaCIsImV4cCI6MTcxNzMxMTUzMSwiaWF0IjoxNzA5NTM1NTMxLCJqdGkiOiJiYjRjNmZiNzQ4MWU0NGZiYWQyYTBjYWFmNDU5OTQ3ZCIsInVzZXJfaWQiOjExOH0.ZOyZSkzu6joT4_zDJaclnw_jXYD_3TiATK9lalo6v5Q", "created_at": "2024-03-04T06:58:51.902Z", "expires_at": "2024-06-02T06:58:51Z"}}, {"model": "token_blacklist.outstandingtoken", "pk": 136, "fields": {"user": 121, "jti": "5bf4f5a545744d39b38c71f0eb37c00f", "token": "eyJhbGciOiJIUzI1NiIsInR5cCI6IkpXVCJ9.eyJ0b2tlbl90eXBlIjoicmVmcmVzaCIsImV4cCI6MTcxNzMxMTU2OSwiaWF0IjoxNzA5NTM1NTY5LCJqdGkiOiI1YmY0ZjVhNTQ1NzQ0ZDM5YjM4YzcxZjBlYjM3YzAwZiIsInVzZXJfaWQiOjEyMX0.UfVqPbPjSU6i9UuLwBnpFmwlnupoYKIXgpBDqo_kCLU", "created_at": "2024-03-04T06:59:29.981Z", "expires_at": "2024-06-02T06:59:29Z"}}, {"model": "token_blacklist.outstandingtoken", "pk": 137, "fields": {"user": 137, "jti": "e890142328294550b3619f76c658fffe", "token": "eyJhbGciOiJIUzI1NiIsInR5cCI6IkpXVCJ9.eyJ0b2tlbl90eXBlIjoicmVmcmVzaCIsImV4cCI6MTcxNzMxMTYwOSwiaWF0IjoxNzA5NTM1NjA5LCJqdGkiOiJlODkwMTQyMzI4Mjk0NTUwYjM2MTlmNzZjNjU4ZmZmZSIsInVzZXJfaWQiOjEzN30.eFieZSMVTWuuJVaiCa2yugsIbfTTrN_W8UHJ7xY88DE", "created_at": "2024-03-04T07:00:09.667Z", "expires_at": "2024-06-02T07:00:09Z"}}, {"model": "token_blacklist.outstandingtoken", "pk": 138, "fields": {"user": 130, "jti": "d4d9b9b9faa048a29486c03b3c0b25c6", "token": "eyJhbGciOiJIUzI1NiIsInR5cCI6IkpXVCJ9.eyJ0b2tlbl90eXBlIjoicmVmcmVzaCIsImV4cCI6MTcxNzMxMTY2NSwiaWF0IjoxNzA5NTM1NjY1LCJqdGkiOiJkNGQ5YjliOWZhYTA0OGEyOTQ4NmMwM2IzYzBiMjVjNiIsInVzZXJfaWQiOjEzMH0.rap-ICqTKEluJOvIUVRv5tvWvbL44WOFMDoOuP-ZxD4", "created_at": "2024-03-04T07:01:05.223Z", "expires_at": "2024-06-02T07:01:05Z"}}, {"model": "token_blacklist.outstandingtoken", "pk": 139, "fields": {"user": 124, "jti": "fc93842178084f9aa670405f9b8e3d96", "token": "eyJhbGciOiJIUzI1NiIsInR5cCI6IkpXVCJ9.eyJ0b2tlbl90eXBlIjoicmVmcmVzaCIsImV4cCI6MTcxNzMxMTY3MywiaWF0IjoxNzA5NTM1NjczLCJqdGkiOiJmYzkzODQyMTc4MDg0ZjlhYTY3MDQwNWY5YjhlM2Q5NiIsInVzZXJfaWQiOjEyNH0.-M7k7ZXXQcsktKlvzhAHQ3aIw_3ANMV4t8fHyBBongs", "created_at": "2024-03-04T07:01:13.596Z", "expires_at": "2024-06-02T07:01:13Z"}}, {"model": "token_blacklist.outstandingtoken", "pk": 140, "fields": {"user": 118, "jti": "ba9dad0928c44ab4b41b7c83609f3021", "token": "eyJhbGciOiJIUzI1NiIsInR5cCI6IkpXVCJ9.eyJ0b2tlbl90eXBlIjoicmVmcmVzaCIsImV4cCI6MTcxNzMxMTY4NCwiaWF0IjoxNzA5NTM1Njg0LCJqdGkiOiJiYTlkYWQwOTI4YzQ0YWI0YjQxYjdjODM2MDlmMzAyMSIsInVzZXJfaWQiOjExOH0.RiVM2VeWGuE7QR5nMmx24vuhvVvsnpiVdWZbqSU8HsI", "created_at": "2024-03-04T07:01:24.879Z", "expires_at": "2024-06-02T07:01:24Z"}}, {"model": "token_blacklist.outstandingtoken", "pk": 141, "fields": {"user": 130, "jti": "c7f7bd29874c4caab9dc60de0309bee4", "token": "eyJhbGciOiJIUzI1NiIsInR5cCI6IkpXVCJ9.eyJ0b2tlbl90eXBlIjoicmVmcmVzaCIsImV4cCI6MTcxNzMxMTc2NiwiaWF0IjoxNzA5NTM1NzY2LCJqdGkiOiJjN2Y3YmQyOTg3NGM0Y2FhYjlkYzYwZGUwMzA5YmVlNCIsInVzZXJfaWQiOjEzMH0.-tC-NV5wjOKVGDur3zSS7yjmX2ppr4j5jz0s3Re7GeE", "created_at": "2024-03-04T07:02:46.771Z", "expires_at": "2024-06-02T07:02:46Z"}}, {"model": "token_blacklist.outstandingtoken", "pk": 142, "fields": {"user": 136, "jti": "00eaecd082d14d74942bff5537b765f2", "token": "eyJhbGciOiJIUzI1NiIsInR5cCI6IkpXVCJ9.eyJ0b2tlbl90eXBlIjoicmVmcmVzaCIsImV4cCI6MTcxNzMxMTc3OCwiaWF0IjoxNzA5NTM1Nzc4LCJqdGkiOiIwMGVhZWNkMDgyZDE0ZDc0OTQyYmZmNTUzN2I3NjVmMiIsInVzZXJfaWQiOjEzNn0.HlqnMTjjfQwOSHDPOmg2smBtWw2SN1T12nG4DBDAo9c", "created_at": "2024-03-04T07:02:58.623Z", "expires_at": "2024-06-02T07:02:58Z"}}, {"model": "token_blacklist.outstandingtoken", "pk": 143, "fields": {"user": 130, "jti": "00a924b95dad48e98650de17580355e5", "token": "eyJhbGciOiJIUzI1NiIsInR5cCI6IkpXVCJ9.eyJ0b2tlbl90eXBlIjoicmVmcmVzaCIsImV4cCI6MTcxNzMxMTgyMCwiaWF0IjoxNzA5NTM1ODIwLCJqdGkiOiIwMGE5MjRiOTVkYWQ0OGU5ODY1MGRlMTc1ODAzNTVlNSIsInVzZXJfaWQiOjEzMH0.K5VFMSgSAnM8QML-BP2uFuxEUVtFkNOVGeZrVoOShMA", "created_at": "2024-03-04T07:03:40.288Z", "expires_at": "2024-06-02T07:03:40Z"}}, {"model": "token_blacklist.outstandingtoken", "pk": 144, "fields": {"user": 128, "jti": "71b171649b904dd48d742076773a60f7", "token": "eyJhbGciOiJIUzI1NiIsInR5cCI6IkpXVCJ9.eyJ0b2tlbl90eXBlIjoicmVmcmVzaCIsImV4cCI6MTcxNzMxMTkxNywiaWF0IjoxNzA5NTM1OTE3LCJqdGkiOiI3MWIxNzE2NDliOTA0ZGQ0OGQ3NDIwNzY3NzNhNjBmNyIsInVzZXJfaWQiOjEyOH0.tKzeLuIr5nCJNEIDAI-rly-PRt6LbTUyUrIauSRbHog", "created_at": "2024-03-04T07:05:17.853Z", "expires_at": "2024-06-02T07:05:17Z"}}, {"model": "token_blacklist.outstandingtoken", "pk": 145, "fields": {"user": 136, "jti": "85ae7336bfbf40f6af74b4a2bd9b1113", "token": "eyJhbGciOiJIUzI1NiIsInR5cCI6IkpXVCJ9.eyJ0b2tlbl90eXBlIjoicmVmcmVzaCIsImV4cCI6MTcxNzMxMTk0MSwiaWF0IjoxNzA5NTM1OTQxLCJqdGkiOiI4NWFlNzMzNmJmYmY0MGY2YWY3NGI0YTJiZDliMTExMyIsInVzZXJfaWQiOjEzNn0.pm31-UZls1Xu6k3_j6C3fg7nG0Bu1KT2Zfx1AG5JXEw", "created_at": "2024-03-04T07:05:41.828Z", "expires_at": "2024-06-02T07:05:41Z"}}, {"model": "token_blacklist.outstandingtoken", "pk": 146, "fields": {"user": 344, "jti": "d7cada827ef74e0aa3ca166154d89ef1", "token": "eyJhbGciOiJIUzI1NiIsInR5cCI6IkpXVCJ9.eyJ0b2tlbl90eXBlIjoicmVmcmVzaCIsImV4cCI6MTcxNzMxNDI3OCwiaWF0IjoxNzA5NTM4Mjc4LCJqdGkiOiJkN2NhZGE4MjdlZjc0ZTBhYTNjYTE2NjE1NGQ4OWVmMSIsInVzZXJfaWQiOjM0NH0._lC9VY3Sy9OvMm5Dj-OZQ9MNX8WWYFRm5K9xzPF5YaI", "created_at": "2024-03-04T07:44:38.797Z", "expires_at": "2024-06-02T07:44:38Z"}}, {"model": "token_blacklist.outstandingtoken", "pk": 147, "fields": {"user": 344, "jti": "3c90fa0b5aa24cad96276f97234ec6d3", "token": "eyJhbGciOiJIUzI1NiIsInR5cCI6IkpXVCJ9.eyJ0b2tlbl90eXBlIjoicmVmcmVzaCIsImV4cCI6MTcxNzMxNDI3OCwiaWF0IjoxNzA5NTM4Mjc4LCJqdGkiOiIzYzkwZmEwYjVhYTI0Y2FkOTYyNzZmOTcyMzRlYzZkMyIsInVzZXJfaWQiOjM0NH0.rZJs_Coh-jKPiJIaigcnnNjCmhiu7sbJN03wxMNB60Y", "created_at": "2024-03-04T07:44:38.801Z", "expires_at": "2024-06-02T07:44:38Z"}}, {"model": "token_blacklist.outstandingtoken", "pk": 148, "fields": {"user": null, "jti": "b8a143c8d7064e86b7c85c8629011ce4", "token": "eyJhbGciOiJIUzI1NiIsInR5cCI6IkpXVCJ9.eyJ0b2tlbl90eXBlIjoicmVmcmVzaCIsImV4cCI6MTcxNzAwMTQ3OCwiaWF0IjoxNzA5MjI1NDc4LCJqdGkiOiJiOGExNDNjOGQ3MDY0ZTg2YjdjODVjODYyOTAxMWNlNCIsInVzZXJfaWQiOjE2OCwib2JqIjp7ImlkIjoyLCJwcm9maWxlIjp7Im5hbWUiOiJNYW5hdiBTaGFoIiwiZW1haWwiOiJtYW5hdjEwMTFAbW52LWRldi5saXZlIiwicm9sZSI6ImFkbWluIn0sImJyYW5jaCI6eyJicmFuY2hfbmFtZSI6IkNvbXB1dGVyIEVuZ2luZWVyaW5nIC0gQkUiLCJicmFuY2hfY29kZSI6IjciLCJzbHVnIjoiMTE5MTQ3XzE3MDg5MzU4OTciLCJjb2xsZWdlIjp7ImNvbGxlZ2VfbmFtZSI6IkwuRC4gY29sbGVnZSBvZiBlbmdpbmVlcmluZyIsInNsdWciOiI3NzE4ODZfMTcwODkyODM1OSJ9fX19.tYf8Sg_bXSQC_24yiMdwtJkmahlcp0v9obWLkkynyCM", "created_at": null, "expires_at": "2024-05-29T16:51:18Z"}}, {"model": "token_blacklist.outstandingtoken", "pk": 149, "fields": {"user": null, "jti": "51e883b6ca924fe684b9f56f6bac3403", "token": "eyJhbGciOiJIUzI1NiIsInR5cCI6IkpXVCJ9.eyJ0b2tlbl90eXBlIjoicmVmcmVzaCIsImV4cCI6MTcxNzMwNTMwOCwiaWF0IjoxNzA5NTI5MzA4LCJqdGkiOiI1MWU4ODNiNmNhOTI0ZmU2ODRiOWY1NmY2YmFjMzQwMyIsInVzZXJfaWQiOjQsIm9iaiI6eyJzbHVnIjoiMTA0MTUwXzE3MDg5MzAyNjEiLCJwcm9maWxlIjp7Im5hbWUiOiJEci4gQ0hBTkRVTEFMIFZJVEhBTEFOSSIsImVtYWlsIjoiY2h2aXRoYWxhbmlAbGRjZS5hYy5pbiIsInJvbGUiOiJ0ZWFjaGVyIn0sImJyYW5jaCI6eyJicmFuY2hfbmFtZSI6IkVsZWN0cm9uaWNzIEFuZCBDb21tdW5pY2F0aW9uIC0gQkUiLCJicmFuY2hfY29kZSI6IjExIiwic2x1ZyI6IjEwNjkyNl8xNzA4OTI4NDAxIiwiY29sbGVnZSI6eyJjb2xsZWdlX25hbWUiOiJMLkQuIGNvbGxlZ2Ugb2YgZW5naW5lZXJpbmciLCJzbHVnIjoiNzcxODg2XzE3MDg5MjgzNTkifX19fQ.j--qf5ebsL_i6YHZ8uFeAsHLlF2TtKuYwIvLPZe7Lzo", "created_at": null, "expires_at": "2024-06-02T05:15:08Z"}}, {"model": "token_blacklist.outstandingtoken", "pk": 150, "fields": {"user": null, "jti": "5c4ef5b6349145059f77b6d5e38180f0", "token": "eyJhbGciOiJIUzI1NiIsInR5cCI6IkpXVCJ9.eyJ0b2tlbl90eXBlIjoicmVmcmVzaCIsImV4cCI6MTcxNzM1MTg1NCwiaWF0IjoxNzA5NTc1ODU0LCJqdGkiOiI1YzRlZjViNjM0OTE0NTA1OWY3N2I2ZDVlMzgxODBmMCIsInVzZXJfaWQiOjQsIm9iaiI6eyJzbHVnIjoiMTA0MTUwXzE3MDg5MzAyNjEiLCJwcm9maWxlIjp7Im5hbWUiOiJEci4gQ0hBTkRVTEFMIFZJVEhBTEFOSSIsImVtYWlsIjoiY2h2aXRoYWxhbmlAbGRjZS5hYy5pbiIsInJvbGUiOiJ0ZWFjaGVyIn0sImJyYW5jaCI6eyJicmFuY2hfbmFtZSI6IkVsZWN0cm9uaWNzIEFuZCBDb21tdW5pY2F0aW9uIC0gQkUiLCJicmFuY2hfY29kZSI6IjExIiwic2x1ZyI6IjEwNjkyNl8xNzA4OTI4NDAxIiwiY29sbGVnZSI6eyJjb2xsZWdlX25hbWUiOiJMLkQuIGNvbGxlZ2Ugb2YgZW5naW5lZXJpbmciLCJzbHVnIjoiNzcxODg2XzE3MDg5MjgzNTkifX19fQ.tspiS86hhAfMR5MT3BqWG_bWBuDsOu7C0E-F9unF-TM", "created_at": null, "expires_at": "2024-06-02T18:10:54Z"}}, {"model": "token_blacklist.outstandingtoken", "pk": 151, "fields": {"user": 1, "jti": "2aacfb88f013410e880e3900fe31bb7b", "token": "eyJhbGciOiJIUzI1NiIsInR5cCI6IkpXVCJ9.eyJ0b2tlbl90eXBlIjoicmVmcmVzaCIsImV4cCI6MTcxNzM1MTg3NSwiaWF0IjoxNzA5NTc1ODc1LCJqdGkiOiIyYWFjZmI4OGYwMTM0MTBlODgwZTM5MDBmZTMxYmI3YiIsInVzZXJfaWQiOjF9.hX2TwaXMkqyj9f9ntQb2XEiacTFAlvJ-G_KlcmKfTHo", "created_at": "2024-03-04T18:11:15.760Z", "expires_at": "2024-06-02T18:11:15Z"}}, {"model": "token_blacklist.outstandingtoken", "pk": 152, "fields": {"user": 204, "jti": "d0cde5f5111e433988b481e0f2a92e7d", "token": "eyJhbGciOiJIUzI1NiIsInR5cCI6IkpXVCJ9.eyJ0b2tlbl90eXBlIjoicmVmcmVzaCIsImV4cCI6MTcxNzM1MTkzNywiaWF0IjoxNzA5NTc1OTM3LCJqdGkiOiJkMGNkZTVmNTExMWU0MzM5ODhiNDgxZTBmMmE5MmU3ZCIsInVzZXJfaWQiOjIwNH0.OxhjkwMan9LtN2Pc-73--SDS5pEViKNwPwpUirHAnxE", "created_at": "2024-03-04T18:12:17.633Z", "expires_at": "2024-06-02T18:12:17Z"}}, {"model": "token_blacklist.outstandingtoken", "pk": 153, "fields": {"user": null, "jti": "2fc93d4490114796b9e9538a685c2ba7", "token": "eyJhbGciOiJIUzI1NiIsInR5cCI6IkpXVCJ9.eyJ0b2tlbl90eXBlIjoicmVmcmVzaCIsImV4cCI6MTcxNzIzMjAyMiwiaWF0IjoxNzA5NDU2MDIyLCJqdGkiOiIyZmM5M2Q0NDkwMTE0Nzk2YjllOTUzOGE2ODVjMmJhNyIsInVzZXJfaWQiOjE5Mywib2JqIjp7InNsdWciOiI2MDA2ODJfMTcwODkzNjY4OSIsInByb2ZpbGUiOnsibmFtZSI6IkhhcnNoIE5hdHdhcmJoYWkgUGFybWFyIiwiZW1haWwiOiJwYXJtYXJoYXJzaDkwMUBnbWFpbC5jb20iLCJyb2xlIjoic3R1ZGVudCJ9LCJicmFuY2giOnsiYnJhbmNoX25hbWUiOiJDb21wdXRlciBFbmdpbmVlcmluZyAtIEJFIiwiYnJhbmNoX2NvZGUiOiI3Iiwic2x1ZyI6IjExOTE0N18xNzA4OTM1ODk3IiwiY29sbGVnZSI6eyJjb2xsZWdlX25hbWUiOiJMLkQuIGNvbGxlZ2Ugb2YgZW5naW5lZXJpbmciLCJzbHVnIjoiNzcxODg2XzE3MDg5MjgzNTkifX0sInNyX25vIjoyNSwiZW5yb2xsbWVudCI6IjIyMDI4MzEwNzAxOSJ9fQ.ep4uot5kdZARbxpz592Zvj2TNgK2PGyMN5VwuVWm_sQ", "created_at": null, "expires_at": "2024-06-01T08:53:42Z"}}, {"model": "token_blacklist.outstandingtoken", "pk": 154, "fields": {"user": 341, "jti": "dd729894b10b4b84b41922d0ad1eea94", "token": "eyJhbGciOiJIUzI1NiIsInR5cCI6IkpXVCJ9.eyJ0b2tlbl90eXBlIjoicmVmcmVzaCIsImV4cCI6MTcxNzM1MTk5MCwiaWF0IjoxNzA5NTc1OTkwLCJqdGkiOiJkZDcyOTg5NGIxMGI0Yjg0YjQxOTIyZDBhZDFlZWE5NCIsInVzZXJfaWQiOjM0MX0.WYz6AVqB8DBfXWHCbn7sTi6BTQnFpzu76GNiSwogqM8", "created_at": "2024-03-04T18:13:10.944Z", "expires_at": "2024-06-02T18:13:10Z"}}, {"model": "token_blacklist.outstandingtoken", "pk": 155, "fields": {"user": 193, "jti": "8764d9cd0f1a475c87fcc02d75d80073", "token": "eyJhbGciOiJIUzI1NiIsInR5cCI6IkpXVCJ9.eyJ0b2tlbl90eXBlIjoicmVmcmVzaCIsImV4cCI6MTcxNzM1MTk5MCwiaWF0IjoxNzA5NTc1OTkwLCJqdGkiOiI4NzY0ZDljZDBmMWE0NzVjODdmY2MwMmQ3NWQ4MDA3MyIsInVzZXJfaWQiOjE5M30.1FFA2-u6iGt9rrgRwhC1oU2I2940AmeBwhqFDWrZIxM", "created_at": "2024-03-04T18:13:10.976Z", "expires_at": "2024-06-02T18:13:10Z"}}, {"model": "token_blacklist.outstandingtoken", "pk": 156, "fields": {"user": 204, "jti": "7347c1aa7ed74eb393ccb3604fd94f4c", "token": "eyJhbGciOiJIUzI1NiIsInR5cCI6IkpXVCJ9.eyJ0b2tlbl90eXBlIjoicmVmcmVzaCIsImV4cCI6MTcxNzM1MjE4NywiaWF0IjoxNzA5NTc2MTg3LCJqdGkiOiI3MzQ3YzFhYTdlZDc0ZWIzOTNjY2IzNjA0ZmQ5NGY0YyIsInVzZXJfaWQiOjIwNH0.9Iwruea65F2Yxvl-JzzhBN_5gI_XPtb8K3BBjc7QMEM", "created_at": "2024-03-04T18:16:27.804Z", "expires_at": "2024-06-02T18:16:27Z"}}, {"model": "token_blacklist.outstandingtoken", "pk": 157, "fields": {"user": 204, "jti": "48380424436048bc8549d39c6fc6c9dd", "token": "eyJhbGciOiJIUzI1NiIsInR5cCI6IkpXVCJ9.eyJ0b2tlbl90eXBlIjoicmVmcmVzaCIsImV4cCI6MTcxNzM1MjU2NywiaWF0IjoxNzA5NTc2NTY3LCJqdGkiOiI0ODM4MDQyNDQzNjA0OGJjODU0OWQzOWM2ZmM2YzlkZCIsInVzZXJfaWQiOjIwNH0.K7s58Kge0Q5JtM008O29Rheg32_o61T-ObooSEETRwo", "created_at": "2024-03-04T18:22:47.874Z", "expires_at": "2024-06-02T18:22:47Z"}}, {"model": "token_blacklist.outstandingtoken", "pk": 158, "fields": {"user": 345, "jti": "da19a59118924c2c89192d8d1da5c18b", "token": "eyJhbGciOiJIUzI1NiIsInR5cCI6IkpXVCJ9.eyJ0b2tlbl90eXBlIjoicmVmcmVzaCIsImV4cCI6MTcxNzM1Mjk0NywiaWF0IjoxNzA5NTc2OTQ3LCJqdGkiOiJkYTE5YTU5MTE4OTI0YzJjODkxOTJkOGQxZGE1YzE4YiIsInVzZXJfaWQiOjM0NX0.-gHg9ybLQZqHDjmWRrjRxilr9PRfHoPlZMJmRNdfV7w", "created_at": "2024-03-04T18:29:07.728Z", "expires_at": "2024-06-02T18:29:07Z"}}, {"model": "token_blacklist.outstandingtoken", "pk": 159, "fields": {"user": 345, "jti": "3a80c67ceaed4284b00bbb010f6f887b", "token": "eyJhbGciOiJIUzI1NiIsInR5cCI6IkpXVCJ9.eyJ0b2tlbl90eXBlIjoicmVmcmVzaCIsImV4cCI6MTcxNzM1NTE4MSwiaWF0IjoxNzA5NTc5MTgxLCJqdGkiOiIzYTgwYzY3Y2VhZWQ0Mjg0YjAwYmJiMDEwZjZmODg3YiIsInVzZXJfaWQiOjM0NX0.N1wg4MORU3b2vK2O9GRoaayIupJACVRt-OdDUM0--EM", "created_at": "2024-03-04T19:06:21.870Z", "expires_at": "2024-06-02T19:06:21Z"}}, {"model": "token_blacklist.blacklistedtoken", "pk": 1, "fields": {"token": 19, "blacklisted_at": "2024-02-27T08:41:24.410Z"}}, {"model": "token_blacklist.blacklistedtoken", "pk": 2, "fields": {"token": 30, "blacklisted_at": "2024-02-27T08:54:53.740Z"}}, {"model": "token_blacklist.blacklistedtoken", "pk": 3, "fields": {"token": 34, "blacklisted_at": "2024-02-27T09:49:47.133Z"}}, {"model": "token_blacklist.blacklistedtoken", "pk": 4, "fields": {"token": 35, "blacklisted_at": "2024-02-27T09:50:08.963Z"}}, {"model": "token_blacklist.blacklistedtoken", "pk": 5, "fields": {"token": 68, "blacklisted_at": "2024-02-29T16:35:53.163Z"}}, {"model": "token_blacklist.blacklistedtoken", "pk": 6, "fields": {"token": 69, "blacklisted_at": "2024-02-29T16:36:11.533Z"}}, {"model": "token_blacklist.blacklistedtoken", "pk": 7, "fields": {"token": 85, "blacklisted_at": "2024-03-01T16:40:56.678Z"}}, {"model": "token_blacklist.blacklistedtoken", "pk": 8, "fields": {"token": 98, "blacklisted_at": "2024-03-03T06:09:45.911Z"}}, {"model": "token_blacklist.blacklistedtoken", "pk": 9, "fields": {"token": 95, "blacklisted_at": "2024-03-03T08:53:42.527Z"}}, {"model": "token_blacklist.blacklistedtoken", "pk": 10, "fields": {"token": 104, "blacklisted_at": "2024-03-04T04:20:56.837Z"}}, {"model": "token_blacklist.blacklistedtoken", "pk": 11, "fields": {"token": 87, "blacklisted_at": "2024-03-04T04:37:39.081Z"}}, {"model": "token_blacklist.blacklistedtoken", "pk": 12, "fields": {"token": 108, "blacklisted_at": "2024-03-04T05:15:08.501Z"}}, {"model": "token_blacklist.blacklistedtoken", "pk": 13, "fields": {"token": 109, "blacklisted_at": "2024-03-04T06:01:29.983Z"}}, {"model": "token_blacklist.blacklistedtoken", "pk": 14, "fields": {"token": 110, "blacklisted_at": "2024-03-04T06:03:34.856Z"}}, {"model": "token_blacklist.blacklistedtoken", "pk": 15, "fields": {"token": 111, "blacklisted_at": "2024-03-04T06:03:55.416Z"}}, {"model": "token_blacklist.blacklistedtoken", "pk": 16, "fields": {"token": 100, "blacklisted_at": "2024-03-04T17:01:58.701Z"}}, {"model": "token_blacklist.blacklistedtoken", "pk": 17, "fields": {"token": 93, "blacklisted_at": "2024-03-04T17:05:34.215Z"}}, {"model": "token_blacklist.blacklistedtoken", "pk": 18, "fields": {"token": 148, "blacklisted_at": "2024-03-04T17:07:02.475Z"}}, {"model": "token_blacklist.blacklistedtoken", "pk": 19, "fields": {"token": 149, "blacklisted_at": "2024-03-04T18:10:54.804Z"}}, {"model": "token_blacklist.blacklistedtoken", "pk": 20, "fields": {"token": 150, "blacklisted_at": "2024-03-04T18:10:59.054Z"}}, {"model": "token_blacklist.blacklistedtoken", "pk": 21, "fields": {"token": 96, "blacklisted_at": "2024-03-04T18:12:15.373Z"}}, {"model": "token_blacklist.blacklistedtoken", "pk": 22, "fields": {"token": 153, "blacklisted_at": "2024-03-04T18:12:25.204Z"}}, {"model": "Profile.profile", "pk": 1, "fields": {"password": "pbkdf2_sha256$600000$GQhDmqJzbHIp5B5FLPb5zk$a+lfrKGB2Abd65j6ojgQuBJuvuQbHYToSFa80aTO/9A=", "last_login": "2024-03-04T05:34:40.023Z", "is_superuser": true, "first_name": "", "last_name": "", "is_staff": true, "is_active": true, "date_joined": "2024-02-26T06:10:57.591Z", "name": "Manav Shah", "email": "manavshah1011.ms@gmail.com", "ph_no": "9925717005", "role": "admin", "gender": "M", "groups": [], "user_permissions": []}}, {"model": "Profile.profile", "pk": 5, "fields": {"password": "", "last_login": null, "is_superuser": false, "first_name": "", "last_name": "", "is_staff": false, "is_active": false, "date_joined": "2024-02-26T08:15:56.381Z", "name": "AGARWAL MANISH DHARMENDRA", "email": null, "ph_no": null, "role": "student", "gender": "M", "groups": [], "user_permissions": []}}, {"model": "Profile.profile", "pk": 6, "fields": {"password": "", "last_login": null, "is_superuser": false, "first_name": "", "last_name": "", "is_staff": false, "is_active": false, "date_joined": "2024-02-26T08:15:56.430Z", "name": "Antariksh Nayankumar Dave", "email": null, "ph_no": null, "role": "student", "gender": "M", "groups": [], "user_permissions": []}}, {"model": "Profile.profile", "pk": 7, "fields": {"password": "", "last_login": null, "is_superuser": false, "first_name": "", "last_name": "", "is_staff": false, "is_active": false, "date_joined": "2024-02-26T08:15:56.477Z", "name": "BAKSHI UDDHAV MANISH", "email": null, "ph_no": null, "role": "student", "gender": "M", "groups": [], "user_permissions": []}}, {"model": "Profile.profile", "pk": 8, "fields": {"password": "", "last_login": null, "is_superuser": false, "first_name": "", "last_name": "", "is_staff": false, "is_active": false, "date_joined": "2024-02-26T08:15:56.525Z", "name": "BHAMRE HARSHKUMAR DHARMENDRA", "email": null, "ph_no": null, "role": "student", "gender": "M", "groups": [], "user_permissions": []}}, {"model": "Profile.profile", "pk": 9, "fields": {"password": "", "last_login": null, "is_superuser": false, "first_name": "", "last_name": "", "is_staff": false, "is_active": false, "date_joined": "2024-02-26T08:15:56.571Z", "name": "BHANAV MONIKA", "email": null, "ph_no": null, "role": "student", "gender": "F", "groups": [], "user_permissions": []}}, {"model": "Profile.profile", "pk": 10, "fields": {"password": "", "last_login": null, "is_superuser": false, "first_name": "", "last_name": "", "is_staff": false, "is_active": false, "date_joined": "2024-02-26T08:15:56.619Z", "name": "Bhojawala Pratham Kalpesh", "email": null, "ph_no": null, "role": "student", "gender": "M", "groups": [], "user_permissions": []}}, {"model": "Profile.profile", "pk": 11, "fields": {"password": "", "last_login": null, "is_superuser": false, "first_name": "", "last_name": "", "is_staff": false, "is_active": false, "date_joined": "2024-02-26T08:15:56.667Z", "name": "BUTANI SMITKUMAR JITENDRABHAI", "email": null, "ph_no": null, "role": "student", "gender": "M", "groups": [], "user_permissions": []}}, {"model": "Profile.profile", "pk": 12, "fields": {"password": "", "last_login": null, "is_superuser": false, "first_name": "", "last_name": "", "is_staff": false, "is_active": false, "date_joined": "2024-02-26T08:15:56.715Z", "name": "CHAMPANERI JAY KAUSHIKKUMAR", "email": null, "ph_no": null, "role": "student", "gender": "M", "groups": [], "user_permissions": []}}, {"model": "Profile.profile", "pk": 13, "fields": {"password": "", "last_login": null, "is_superuser": false, "first_name": "", "last_name": "", "is_staff": false, "is_active": false, "date_joined": "2024-02-26T08:15:56.763Z", "name": "CHAUDHARY AVANI HARESHKUMAR", "email": null, "ph_no": null, "role": "student", "gender": "F", "groups": [], "user_permissions": []}}, {"model": "Profile.profile", "pk": 14, "fields": {"password": "", "last_login": null, "is_superuser": false, "first_name": "", "last_name": "", "is_staff": false, "is_active": false, "date_joined": "2024-02-26T08:15:56.812Z", "name": "CHAUDHARY MAHENDRABHAI JOITABHAI", "email": null, "ph_no": null, "role": "student", "gender": "M", "groups": [], "user_permissions": []}}, {"model": "Profile.profile", "pk": 15, "fields": {"password": "", "last_login": null, "is_superuser": false, "first_name": "", "last_name": "", "is_staff": false, "is_active": false, "date_joined": "2024-02-26T08:15:56.858Z", "name": "Chauhan vivekkumar chandreshkumar", "email": null, "ph_no": null, "role": "student", "gender": "M", "groups": [], "user_permissions": []}}, {"model": "Profile.profile", "pk": 16, "fields": {"password": "", "last_login": null, "is_superuser": false, "first_name": "", "last_name": "", "is_staff": false, "is_active": false, "date_joined": "2024-02-26T08:15:56.902Z", "name": "CHOTHANI SAHILKUMAR JAYANTIBHAI", "email": null, "ph_no": null, "role": "student", "gender": "M", "groups": [], "user_permissions": []}}, {"model": "Profile.profile", "pk": 17, "fields": {"password": "", "last_login": null, "is_superuser": false, "first_name": "", "last_name": "", "is_staff": false, "is_active": false, "date_joined": "2024-02-26T08:15:56.943Z", "name": "CHUDASAMA MONIK JENTIBHAI", "email": null, "ph_no": null, "role": "student", "gender": "M", "groups": [], "user_permissions": []}}, {"model": "Profile.profile", "pk": 18, "fields": {"password": "", "last_login": null, "is_superuser": false, "first_name": "", "last_name": "", "is_staff": false, "is_active": false, "date_joined": "2024-02-26T08:15:56.986Z", "name": "DABHI KISHANKUMAR VASUDEVBHAI", "email": null, "ph_no": null, "role": "student", "gender": "M", "groups": [], "user_permissions": []}}, {"model": "Profile.profile", "pk": 19, "fields": {"password": "", "last_login": null, "is_superuser": false, "first_name": "", "last_name": "", "is_staff": false, "is_active": false, "date_joined": "2024-02-26T08:15:57.037Z", "name": "DALWALA SHUBHAM AJAYKUMAR", "email": null, "ph_no": null, "role": "student", "gender": "M", "groups": [], "user_permissions": []}}, {"model": "Profile.profile", "pk": 20, "fields": {"password": "", "last_login": null, "is_superuser": false, "first_name": "", "last_name": "", "is_staff": false, "is_active": false, "date_joined": "2024-02-26T08:15:57.082Z", "name": "DAMOR YASHKUMAR VIJAYBHAI", "email": null, "ph_no": null, "role": "student", "gender": "M", "groups": [], "user_permissions": []}}, {"model": "Profile.profile", "pk": 21, "fields": {"password": "", "last_login": null, "is_superuser": false, "first_name": "", "last_name": "", "is_staff": false, "is_active": false, "date_joined": "2024-02-26T08:15:57.127Z", "name": "DAVE AKSHAT PALLAV", "email": null, "ph_no": null, "role": "student", "gender": "M", "groups": [], "user_permissions": []}}, {"model": "Profile.profile", "pk": 22, "fields": {"password": "", "last_login": null, "is_superuser": false, "first_name": "", "last_name": "", "is_staff": false, "is_active": false, "date_joined": "2024-02-26T08:15:57.173Z", "name": "DOSHI JAINAM JIGNESH", "email": null, "ph_no": null, "role": "student", "gender": "M", "groups": [], "user_permissions": []}}, {"model": "Profile.profile", "pk": 23, "fields": {"password": "", "last_login": null, "is_superuser": false, "first_name": "", "last_name": "", "is_staff": false, "is_active": false, "date_joined": "2024-02-26T08:15:57.219Z", "name": "GAUSWAMI KRUNALGIRI KAMLESHGIRI", "email": null, "ph_no": null, "role": "student", "gender": "M", "groups": [], "user_permissions": []}}, {"model": "Profile.profile", "pk": 24, "fields": {"password": "", "last_login": null, "is_superuser": false, "first_name": "", "last_name": "", "is_staff": false, "is_active": false, "date_joined": "2024-02-26T08:15:57.268Z", "name": "GHODAKIYA KIRANBHAI RAMJIBHAI", "email": null, "ph_no": null, "role": "student", "gender": "M", "groups": [], "user_permissions": []}}, {"model": "Profile.profile", "pk": 25, "fields": {"password": "", "last_login": null, "is_superuser": false, "first_name": "", "last_name": "", "is_staff": false, "is_active": false, "date_joined": "2024-02-26T08:15:57.314Z", "name": "GOHEL ARCHI PARESHBHAI", "email": null, "ph_no": null, "role": "student", "gender": "F", "groups": [], "user_permissions": []}}, {"model": "Profile.profile", "pk": 26, "fields": {"password": "", "last_login": null, "is_superuser": false, "first_name": "", "last_name": "", "is_staff": false, "is_active": false, "date_joined": "2024-02-26T08:15:57.360Z", "name": "Gohil ravirajsinh viramdevsinh", "email": null, "ph_no": null, "role": "student", "gender": "M", "groups": [], "user_permissions": []}}, {"model": "Profile.profile", "pk": 27, "fields": {"password": "", "last_login": null, "is_superuser": false, "first_name": "", "last_name": "", "is_staff": false, "is_active": false, "date_joined": "2024-02-26T08:15:57.407Z", "name": "Harsh Prajapati Prakashkumar", "email": null, "ph_no": null, "role": "student", "gender": "M", "groups": [], "user_permissions": []}}, {"model": "Profile.profile", "pk": 28, "fields": {"password": "", "last_login": null, "is_superuser": false, "first_name": "", "last_name": "", "is_staff": false, "is_active": false, "date_joined": "2024-02-26T08:15:57.452Z", "name": "JADAV ISHA BHARATBHAI", "email": null, "ph_no": null, "role": "student", "gender": "F", "groups": [], "user_permissions": []}}, {"model": "Profile.profile", "pk": 29, "fields": {"password": "", "last_login": null, "is_superuser": false, "first_name": "", "last_name": "", "is_staff": false, "is_active": false, "date_joined": "2024-02-26T08:15:57.499Z", "name": "JADAV MAYUR HASUBHAI", "email": null, "ph_no": null, "role": "student", "gender": "M", "groups": [], "user_permissions": []}}, {"model": "Profile.profile", "pk": 30, "fields": {"password": "", "last_login": null, "is_superuser": false, "first_name": "", "last_name": "", "is_staff": false, "is_active": false, "date_joined": "2024-02-26T08:15:57.545Z", "name": "JEEDIYA MILANBHAI MASHARIBHAI", "email": null, "ph_no": null, "role": "student", "gender": "M", "groups": [], "user_permissions": []}}, {"model": "Profile.profile", "pk": 31, "fields": {"password": "", "last_login": null, "is_superuser": false, "first_name": "", "last_name": "", "is_staff": false, "is_active": false, "date_joined": "2024-02-26T08:15:57.592Z", "name": "JETHVA YASH BIPINBHAI", "email": null, "ph_no": null, "role": "student", "gender": "M", "groups": [], "user_permissions": []}}, {"model": "Profile.profile", "pk": 32, "fields": {"password": "", "last_login": null, "is_superuser": false, "first_name": "", "last_name": "", "is_staff": false, "is_active": false, "date_joined": "2024-02-26T08:15:57.638Z", "name": "JOLIYA VINIT BHUPATBHAI", "email": null, "ph_no": null, "role": "student", "gender": "M", "groups": [], "user_permissions": []}}, {"model": "Profile.profile", "pk": 33, "fields": {"password": "", "last_login": null, "is_superuser": false, "first_name": "", "last_name": "", "is_staff": false, "is_active": false, "date_joined": "2024-02-26T08:15:57.685Z", "name": "Joshi Aarav Paragbhai", "email": null, "ph_no": null, "role": "student", "gender": "M", "groups": [], "user_permissions": []}}, {"model": "Profile.profile", "pk": 34, "fields": {"password": "", "last_login": null, "is_superuser": false, "first_name": "", "last_name": "", "is_staff": false, "is_active": false, "date_joined": "2024-02-26T08:15:57.731Z", "name": "Kanani Rutva Ashokbhai", "email": null, "ph_no": null, "role": "student", "gender": "F", "groups": [], "user_permissions": []}}, {"model": "Profile.profile", "pk": 35, "fields": {"password": "", "last_login": null, "is_superuser": false, "first_name": "", "last_name": "", "is_staff": false, "is_active": false, "date_joined": "2024-02-26T08:15:57.776Z", "name": "KANSARA HARSHIL NIMESHKUMAR", "email": null, "ph_no": null, "role": "student", "gender": "M", "groups": [], "user_permissions": []}}, {"model": "Profile.profile", "pk": 36, "fields": {"password": "", "last_login": null, "is_superuser": false, "first_name": "", "last_name": "", "is_staff": false, "is_active": false, "date_joined": "2024-02-26T08:15:57.821Z", "name": "KERAI HARSH RAMESH", "email": null, "ph_no": null, "role": "student", "gender": "M", "groups": [], "user_permissions": []}}, {"model": "Profile.profile", "pk": 37, "fields": {"password": "", "last_login": null, "is_superuser": false, "first_name": "", "last_name": "", "is_staff": false, "is_active": false, "date_joined": "2024-02-26T08:15:57.866Z", "name": "KHALAS DEVANG PARESHKUMAR", "email": null, "ph_no": null, "role": "student", "gender": "M", "groups": [], "user_permissions": []}}, {"model": "Profile.profile", "pk": 38, "fields": {"password": "", "last_login": null, "is_superuser": false, "first_name": "", "last_name": "", "is_staff": false, "is_active": false, "date_joined": "2024-02-26T08:15:57.911Z", "name": "Khamar Dharmik Bharatbhai", "email": null, "ph_no": null, "role": "student", "gender": "M", "groups": [], "user_permissions": []}}, {"model": "Profile.profile", "pk": 39, "fields": {"password": "", "last_login": null, "is_superuser": false, "first_name": "", "last_name": "", "is_staff": false, "is_active": false, "date_joined": "2024-02-26T08:15:57.960Z", "name": "KODIYATAR DHAVAL RAMBHAI", "email": null, "ph_no": null, "role": "student", "gender": "M", "groups": [], "user_permissions": []}}, {"model": "Profile.profile", "pk": 40, "fields": {"password": "", "last_login": null, "is_superuser": false, "first_name": "", "last_name": "", "is_staff": false, "is_active": false, "date_joined": "2024-02-26T08:15:58.008Z", "name": "KRISH PANCHAL", "email": null, "ph_no": null, "role": "student", "gender": "M", "groups": [], "user_permissions": []}}, {"model": "Profile.profile", "pk": 41, "fields": {"password": "", "last_login": null, "is_superuser": false, "first_name": "", "last_name": "", "is_staff": false, "is_active": false, "date_joined": "2024-02-26T08:15:58.057Z", "name": "Lathiya Ayushi Hitesh", "email": null, "ph_no": null, "role": "student", "gender": "F", "groups": [], "user_permissions": []}}, {"model": "Profile.profile", "pk": 42, "fields": {"password": "", "last_login": null, "is_superuser": false, "first_name": "", "last_name": "", "is_staff": false, "is_active": false, "date_joined": "2024-02-26T08:15:58.106Z", "name": "MAHESHWARI SHREYA LAXMANBHAI", "email": null, "ph_no": null, "role": "student", "gender": "F", "groups": [], "user_permissions": []}}, {"model": "Profile.profile", "pk": 43, "fields": {"password": "", "last_login": null, "is_superuser": false, "first_name": "", "last_name": "", "is_staff": false, "is_active": false, "date_joined": "2024-02-26T08:15:58.154Z", "name": "MAKVANA CHIRAG RAMJIBHAI", "email": null, "ph_no": null, "role": "student", "gender": "M", "groups": [], "user_permissions": []}}, {"model": "Profile.profile", "pk": 44, "fields": {"password": "", "last_login": null, "is_superuser": false, "first_name": "", "last_name": "", "is_staff": false, "is_active": false, "date_joined": "2024-02-26T08:15:58.203Z", "name": "MANIYAR VRUSHALI SNEHALKUMAR", "email": null, "ph_no": null, "role": "student", "gender": "F", "groups": [], "user_permissions": []}}, {"model": "Profile.profile", "pk": 45, "fields": {"password": "", "last_login": null, "is_superuser": false, "first_name": "", "last_name": "", "is_staff": false, "is_active": false, "date_joined": "2024-02-26T08:15:58.250Z", "name": "Modi Kirtan Hiteshkumar", "email": null, "ph_no": null, "role": "student", "gender": "M", "groups": [], "user_permissions": []}}, {"model": "Profile.profile", "pk": 46, "fields": {"password": "", "last_login": null, "is_superuser": false, "first_name": "", "last_name": "", "is_staff": false, "is_active": false, "date_joined": "2024-02-26T08:15:58.297Z", "name": "MORADIYA DHRUVIL AMRUTLAL", "email": null, "ph_no": null, "role": "student", "gender": "M", "groups": [], "user_permissions": []}}, {"model": "Profile.profile", "pk": 47, "fields": {"password": "", "last_login": null, "is_superuser": false, "first_name": "", "last_name": "", "is_staff": false, "is_active": false, "date_joined": "2024-02-26T08:15:58.344Z", "name": "MUDALIYAR DHANPAL ASHOKKUMAR", "email": null, "ph_no": null, "role": "student", "gender": "M", "groups": [], "user_permissions": []}}, {"model": "Profile.profile", "pk": 48, "fields": {"password": "", "last_login": null, "is_superuser": false, "first_name": "", "last_name": "", "is_staff": false, "is_active": false, "date_joined": "2024-02-26T08:15:58.389Z", "name": "NAIR ANKITA RAJAN", "email": null, "ph_no": null, "role": "student", "gender": "F", "groups": [], "user_permissions": []}}, {"model": "Profile.profile", "pk": 49, "fields": {"password": "", "last_login": null, "is_superuser": false, "first_name": "", "last_name": "", "is_staff": false, "is_active": false, "date_joined": "2024-02-26T08:15:58.434Z", "name": "NIRMAL MANVAR", "email": null, "ph_no": null, "role": "student", "gender": "M", "groups": [], "user_permissions": []}}, {"model": "Profile.profile", "pk": 50, "fields": {"password": "", "last_login": null, "is_superuser": false, "first_name": "", "last_name": "", "is_staff": false, "is_active": false, "date_joined": "2024-02-26T08:15:58.479Z", "name": "PANCHAL MEETKUMAR PRAVINBHAI", "email": null, "ph_no": null, "role": "student", "gender": "M", "groups": [], "user_permissions": []}}, {"model": "Profile.profile", "pk": 51, "fields": {"password": "", "last_login": null, "is_superuser": false, "first_name": "", "last_name": "", "is_staff": false, "is_active": false, "date_joined": "2024-02-26T08:15:58.525Z", "name": "PANDYA SUJAL JANAKBHAI", "email": null, "ph_no": null, "role": "student", "gender": "M", "groups": [], "user_permissions": []}}, {"model": "Profile.profile", "pk": 52, "fields": {"password": "", "last_login": null, "is_superuser": false, "first_name": "", "last_name": "", "is_staff": false, "is_active": false, "date_joined": "2024-02-26T08:15:58.571Z", "name": "PANKAJKUMAR PADHIYAR", "email": null, "ph_no": null, "role": "student", "gender": "M", "groups": [], "user_permissions": []}}, {"model": "Profile.profile", "pk": 53, "fields": {"password": "", "last_login": null, "is_superuser": false, "first_name": "", "last_name": "", "is_staff": false, "is_active": false, "date_joined": "2024-02-26T08:15:58.618Z", "name": "PAREKH JAY CHETAN", "email": null, "ph_no": null, "role": "student", "gender": "M", "groups": [], "user_permissions": []}}, {"model": "Profile.profile", "pk": 54, "fields": {"password": "", "last_login": null, "is_superuser": false, "first_name": "", "last_name": "", "is_staff": false, "is_active": false, "date_joined": "2024-02-26T08:15:58.673Z", "name": "PARIDHI KARMAKAR", "email": null, "ph_no": null, "role": "student", "gender": "F", "groups": [], "user_permissions": []}}, {"model": "Profile.profile", "pk": 55, "fields": {"password": "", "last_login": null, "is_superuser": false, "first_name": "", "last_name": "", "is_staff": false, "is_active": false, "date_joined": "2024-02-26T08:15:58.722Z", "name": "PARMAR HASTI MAHENDRABHAI", "email": null, "ph_no": null, "role": "student", "gender": "F", "groups": [], "user_permissions": []}}, {"model": "Profile.profile", "pk": 56, "fields": {"password": "", "last_login": null, "is_superuser": false, "first_name": "", "last_name": "", "is_staff": false, "is_active": false, "date_joined": "2024-02-26T08:15:58.772Z", "name": "PARMAR NEEL VRAJLAL", "email": null, "ph_no": null, "role": "student", "gender": "M", "groups": [], "user_permissions": []}}, {"model": "Profile.profile", "pk": 57, "fields": {"password": "", "last_login": null, "is_superuser": false, "first_name": "", "last_name": "", "is_staff": false, "is_active": false, "date_joined": "2024-02-26T08:15:58.820Z", "name": "Parmar Ravi Kumar Pravin bhai", "email": null, "ph_no": null, "role": "student", "gender": "M", "groups": [], "user_permissions": []}}, {"model": "Profile.profile", "pk": 58, "fields": {"password": "", "last_login": null, "is_superuser": false, "first_name": "", "last_name": "", "is_staff": false, "is_active": false, "date_joined": "2024-02-26T08:15:58.867Z", "name": "PARVA ASHISHBHAI SHUKLA", "email": null, "ph_no": null, "role": "student", "gender": "M", "groups": [], "user_permissions": []}}, {"model": "Profile.profile", "pk": 59, "fields": {"password": "pbkdf2_sha256$600000$Bq7NBDvWecxYdsMPMn7FHE$4Rd8uaNp0X6reHeMVMcFQnUtKPpaopoX5CLyp0kHwHs=", "last_login": null, "is_superuser": false, "first_name": "", "last_name": "", "is_staff": false, "is_active": true, "date_joined": "2024-02-26T08:15:58.916Z", "name": "PATEL AMANKUMAR ASHOKBHAI", "email": "patelaman0241@gmail.com", "ph_no": null, "role": "student", "gender": "M", "groups": [], "user_permissions": []}}, {"model": "Profile.profile", "pk": 60, "fields": {"password": "pbkdf2_sha256$600000$H38BahJmhE7Gw1TDq8cUgN$I6FJszA/rLbXV5FmGXZzjo24yeLgwLa1h2k64+2mWJo=", "last_login": null, "is_superuser": false, "first_name": "", "last_name": "", "is_staff": false, "is_active": true, "date_joined": "2024-02-26T08:15:58.962Z", "name": "PATEL CHAITRALI MUKESHBHAI", "email": "chaitralipatel@gmail.com", "ph_no": null, "role": "student", "gender": "F", "groups": [], "user_permissions": []}}, {"model": "Profile.profile", "pk": 61, "fields": {"password": "", "last_login": null, "is_superuser": false, "first_name": "", "last_name": "", "is_staff": false, "is_active": false, "date_joined": "2024-02-26T08:15:59.007Z", "name": "PATEL CHIRAGKUMAR KIRANBHAI", "email": null, "ph_no": null, "role": "student", "gender": "M", "groups": [], "user_permissions": []}}, {"model": "Profile.profile", "pk": 62, "fields": {"password": "", "last_login": null, "is_superuser": false, "first_name": "", "last_name": "", "is_staff": false, "is_active": false, "date_joined": "2024-02-26T08:15:59.059Z", "name": "ASHISHKUMAR YADAV", "email": null, "ph_no": null, "role": "student", "gender": "M", "groups": [], "user_permissions": []}}, {"model": "Profile.profile", "pk": 63, "fields": {"password": "pbkdf2_sha256$600000$gId3qDbxT1by4OKZR6ISvs$DmuGUlsQekBnEmlXfg5r+tRX4G6TDesOGZw7FJp5hGI=", "last_login": null, "is_superuser": false, "first_name": "", "last_name": "", "is_staff": false, "is_active": true, "date_joined": "2024-02-26T08:15:59.103Z", "name": "BHALODIYA DEV JAYSUKHBHAI", "email": "dev.bhalodiya2004@gmail.com", "ph_no": null, "role": "student", "gender": "M", "groups": [], "user_permissions": []}}, {"model": "Profile.profile", "pk": 64, "fields": {"password": "pbkdf2_sha256$600000$DpabdEpoPCevD7n1MJio7U$kmywXdSM7nRN90dsO7e2yuJz92NfyhEQzZ+/lknqB54=", "last_login": null, "is_superuser": false, "first_name": "", "last_name": "", "is_staff": false, "is_active": true, "date_joined": "2024-02-26T08:15:59.147Z", "name": "BHATT ZEELBEN PARESHKUMAR", "email": "bhatt.zeel.20@gmail.com", "ph_no": null, "role": "student", "gender": "F", "groups": [], "user_permissions": []}}, {"model": "Profile.profile", "pk": 65, "fields": {"password": "", "last_login": null, "is_superuser": false, "first_name": "", "last_name": "", "is_staff": false, "is_active": false, "date_joined": "2024-02-26T08:15:59.192Z", "name": "CHAUDHARY ADARSH PREMJIBHAI", "email": null, "ph_no": null, "role": "student", "gender": "M", "groups": [], "user_permissions": []}}, {"model": "Profile.profile", "pk": 66, "fields": {"password": "pbkdf2_sha256$600000$3PFcbFOrjvCX3UHIw82LKr$iDV4DYYgqI2a1bW55RFFjEDWywb8ysIGkYDvGvfTrEA=", "last_login": null, "is_superuser": false, "first_name": "", "last_name": "", "is_staff": false, "is_active": true, "date_joined": "2024-02-26T08:15:59.237Z", "name": "Chudasama Aryan Hiteshbhai", "email": "aryan.programer@gmail.com", "ph_no": null, "role": "student", "gender": "M", "groups": [], "user_permissions": []}}, {"model": "Profile.profile", "pk": 67, "fields": {"password": "", "last_login": null, "is_superuser": false, "first_name": "", "last_name": "", "is_staff": false, "is_active": false, "date_joined": "2024-02-26T08:15:59.283Z", "name": "DEEPSHIKHA DASH", "email": null, "ph_no": null, "role": "student", "gender": "F", "groups": [], "user_permissions": []}}, {"model": "Profile.profile", "pk": 68, "fields": {"password": "", "last_login": null, "is_superuser": false, "first_name": "", "last_name": "", "is_staff": false, "is_active": false, "date_joined": "2024-02-26T08:15:59.331Z", "name": "GAJJAR KRUNAVKUMAR RAKESHKUMAR", "email": null, "ph_no": null, "role": "student", "gender": "M", "groups": [], "user_permissions": []}}, {"model": "Profile.profile", "pk": 69, "fields": {"password": "pbkdf2_sha256$600000$IbRh3N8PCRzcxSruignFbQ$b/b+pX90iM56liPDC2Rya8NX7M2m9Vuj7NgDZ8/AS20=", "last_login": null, "is_superuser": false, "first_name": "", "last_name": "", "is_staff": false, "is_active": true, "date_joined": "2024-02-26T08:15:59.376Z", "name": "GOHEL MANAN MAHESHKUMAR", "email": "manangohel041@gmail.com", "ph_no": null, "role": "student", "gender": "M", "groups": [], "user_permissions": []}}, {"model": "Profile.profile", "pk": 70, "fields": {"password": "pbkdf2_sha256$600000$2alzBssGqd15Red7rEdNqt$NEi3t4Ven1Yo17bqEksnicWZWD58miij//x/xdIT4wE=", "last_login": null, "is_superuser": false, "first_name": "", "last_name": "", "is_staff": false, "is_active": true, "date_joined": "2024-02-26T08:15:59.420Z", "name": "GOLARANA TANVI JAYESHKUMAR", "email": "ranatanvi182@gmail.com", "ph_no": null, "role": "student", "gender": "F", "groups": [], "user_permissions": []}}, {"model": "Profile.profile", "pk": 71, "fields": {"password": "", "last_login": null, "is_superuser": false, "first_name": "", "last_name": "", "is_staff": false, "is_active": false, "date_joined": "2024-02-26T08:15:59.465Z", "name": "KANANI DIP PRAVINBHAI", "email": null, "ph_no": null, "role": "student", "gender": "M", "groups": [], "user_permissions": []}}, {"model": "Profile.profile", "pk": 72, "fields": {"password": "pbkdf2_sha256$600000$b8KpuakAVb19yPIMAATW2x$YauXyKMjeoK4W/pTN2Z1lUxQNbil9cuGKhIfuiavwbg=", "last_login": null, "is_superuser": false, "first_name": "", "last_name": "", "is_staff": false, "is_active": true, "date_joined": "2024-02-26T08:15:59.511Z", "name": "KANNADI AMBICA HANUMANTHRAO", "email": "ambica.01072004@gmail.com", "ph_no": null, "role": "student", "gender": "F", "groups": [], "user_permissions": []}}, {"model": "Profile.profile", "pk": 73, "fields": {"password": "pbkdf2_sha256$600000$hDzuZ4exPqmZ7ajdaLSttv$p2vXGyKn61Ed6q+zd64BOEPeG2kT5NY7NZuxzm7x5oY=", "last_login": null, "is_superuser": false, "first_name": "", "last_name": "", "is_staff": false, "is_active": true, "date_joined": "2024-02-26T08:15:59.562Z", "name": "KHANDLA HEMANSHU BHARATBHAI", "email": "khandlahemanshu2004@gmail.com", "ph_no": null, "role": "student", "gender": "M", "groups": [], "user_permissions": []}}, {"model": "Profile.profile", "pk": 74, "fields": {"password": "", "last_login": null, "is_superuser": false, "first_name": "", "last_name": "", "is_staff": false, "is_active": false, "date_joined": "2024-02-26T08:15:59.610Z", "name": "KURVATH VIKRANT", "email": null, "ph_no": null, "role": "student", "gender": "M", "groups": [], "user_permissions": []}}, {"model": "Profile.profile", "pk": 75, "fields": {"password": "pbkdf2_sha256$600000$WyoUMVKAYaVQzvrxOUTot7$fkNj7LEP7quml+JaGk7fo/+NpMId0hYd6qdUDzJJRLM=", "last_login": null, "is_superuser": false, "first_name": "", "last_name": "", "is_staff": false, "is_active": true, "date_joined": "2024-02-26T08:15:59.656Z", "name": "MALEK MOHAMMAD TAWHID SAJEEDMIYA", "email": "tawhidmalek651@gmail.com", "ph_no": null, "role": "student", "gender": "M", "groups": [], "user_permissions": []}}, {"model": "Profile.profile", "pk": 76, "fields": {"password": "pbkdf2_sha256$600000$6QYavXSWjdjvGSYbyizWnR$YKGANGcByDxrcoVemdL8w5iV7svv2R5LNmkKtVh8wGA=", "last_login": null, "is_superuser": false, "first_name": "", "last_name": "", "is_staff": false, "is_active": true, "date_joined": "2024-02-26T08:15:59.705Z", "name": "Manani Chintan Narotambhai", "email": "beself222@gmail.com", "ph_no": null, "role": "student", "gender": "M", "groups": [], "user_permissions": []}}, {"model": "Profile.profile", "pk": 77, "fields": {"password": "", "last_login": null, "is_superuser": false, "first_name": "", "last_name": "", "is_staff": false, "is_active": false, "date_joined": "2024-02-26T08:15:59.754Z", "name": "MD MAHBOOB ALAM", "email": null, "ph_no": null, "role": "student", "gender": "M", "groups": [], "user_permissions": []}}, {"model": "Profile.profile", "pk": 78, "fields": {"password": "", "last_login": null, "is_superuser": false, "first_name": "", "last_name": "", "is_staff": false, "is_active": false, "date_joined": "2024-02-26T08:15:59.800Z", "name": "MEHTA YASH JIGNESHKUMAR", "email": null, "ph_no": null, "role": "student", "gender": "M", "groups": [], "user_permissions": []}}, {"model": "Profile.profile", "pk": 79, "fields": {"password": "", "last_login": null, "is_superuser": false, "first_name": "", "last_name": "", "is_staff": false, "is_active": false, "date_joined": "2024-02-26T08:15:59.847Z", "name": "MISHRA GARIMA MANIKANT", "email": null, "ph_no": null, "role": "student", "gender": "F", "groups": [], "user_permissions": []}}, {"model": "Profile.profile", "pk": 80, "fields": {"password": "pbkdf2_sha256$600000$cSj5AH1TRx1opp98hZh09K$tHmLLzH75N1v2b7tWmm/CS37T/WEGiXoST3cEL6nRkQ=", "last_login": null, "is_superuser": false, "first_name": "", "last_name": "", "is_staff": false, "is_active": true, "date_joined": "2024-02-26T08:15:59.894Z", "name": "Modi Meet Rakeshbhai", "email": "meetmodi180505@gmail.com", "ph_no": null, "role": "student", "gender": "M", "groups": [], "user_permissions": []}}, {"model": "Profile.profile", "pk": 81, "fields": {"password": "", "last_login": null, "is_superuser": false, "first_name": "", "last_name": "", "is_staff": false, "is_active": false, "date_joined": "2024-02-26T08:15:59.942Z", "name": "Od jaydipkumar mahendrakumar", "email": null, "ph_no": null, "role": "student", "gender": "M", "groups": [], "user_permissions": []}}, {"model": "Profile.profile", "pk": 82, "fields": {"password": "pbkdf2_sha256$600000$yRxO19HUIKbefTY1igs7Qh$g1ioMPv1wMhRaMBm5aonWMK7646hoHIKDAVuleOYl1E=", "last_login": null, "is_superuser": false, "first_name": "", "last_name": "", "is_staff": false, "is_active": true, "date_joined": "2024-02-26T08:15:59.990Z", "name": "Panchal Ayush Dineshkumar", "email": "panchalayush2411@gmail.com", "ph_no": null, "role": "student", "gender": "M", "groups": [], "user_permissions": []}}, {"model": "Profile.profile", "pk": 83, "fields": {"password": "", "last_login": null, "is_superuser": false, "first_name": "", "last_name": "", "is_staff": false, "is_active": false, "date_joined": "2024-02-26T08:16:00.038Z", "name": "PANCHAL BHARGAV SANJAYBHAI", "email": null, "ph_no": null, "role": "student", "gender": "M", "groups": [], "user_permissions": []}}, {"model": "Profile.profile", "pk": 84, "fields": {"password": "pbkdf2_sha256$600000$nCfqWUqIXm93zqSnvhYLMz$EHxvY01bw9VPiR/FM8ErGoZJTYvLXkZclbQAYgih9Q4=", "last_login": null, "is_superuser": false, "first_name": "", "last_name": "", "is_staff": false, "is_active": true, "date_joined": "2024-02-26T08:16:00.086Z", "name": "PANCHAL JAYDEEP HARIVADAN", "email": "jaydeep8225@gmail.com", "ph_no": null, "role": "student", "gender": "M", "groups": [], "user_permissions": []}}, {"model": "Profile.profile", "pk": 85, "fields": {"password": "", "last_login": null, "is_superuser": false, "first_name": "", "last_name": "", "is_staff": false, "is_active": false, "date_joined": "2024-02-26T08:16:00.135Z", "name": "PANCHAL UTSAV DIPAKKUMAR", "email": null, "ph_no": null, "role": "student", "gender": "M", "groups": [], "user_permissions": []}}, {"model": "Profile.profile", "pk": 86, "fields": {"password": "", "last_login": null, "is_superuser": false, "first_name": "", "last_name": "", "is_staff": false, "is_active": false, "date_joined": "2024-02-26T08:16:55.850Z", "name": "PATEL ISHANKUMAR MANUBHAI", "email": null, "ph_no": null, "role": "student", "gender": "M", "groups": [], "user_permissions": []}}, {"model": "Profile.profile", "pk": 87, "fields": {"password": "", "last_login": null, "is_superuser": false, "first_name": "", "last_name": "", "is_staff": false, "is_active": false, "date_joined": "2024-02-26T08:16:55.907Z", "name": "Patel Jaydeepkumar Mukeshbhai", "email": null, "ph_no": null, "role": "student", "gender": "M", "groups": [], "user_permissions": []}}, {"model": "Profile.profile", "pk": 88, "fields": {"password": "", "last_login": null, "is_superuser": false, "first_name": "", "last_name": "", "is_staff": false, "is_active": false, "date_joined": "2024-02-26T08:16:55.954Z", "name": "PATEL KHUSHI SATISHKUMAR", "email": null, "ph_no": null, "role": "student", "gender": "F", "groups": [], "user_permissions": []}}, {"model": "Profile.profile", "pk": 89, "fields": {"password": "", "last_login": null, "is_superuser": false, "first_name": "", "last_name": "", "is_staff": false, "is_active": false, "date_joined": "2024-02-26T08:16:56.002Z", "name": "PATEL KRISH ALPESHBHAI", "email": null, "ph_no": null, "role": "student", "gender": "M", "groups": [], "user_permissions": []}}, {"model": "Profile.profile", "pk": 90, "fields": {"password": "", "last_login": null, "is_superuser": false, "first_name": "", "last_name": "", "is_staff": false, "is_active": false, "date_joined": "2024-02-26T08:16:56.049Z", "name": "Patel Krishi Piyush", "email": null, "ph_no": null, "role": "student", "gender": "F", "groups": [], "user_permissions": []}}, {"model": "Profile.profile", "pk": 91, "fields": {"password": "", "last_login": null, "is_superuser": false, "first_name": "", "last_name": "", "is_staff": false, "is_active": false, "date_joined": "2024-02-26T08:16:56.101Z", "name": "PATEL RAJ DILIPBHAI", "email": null, "ph_no": null, "role": "student", "gender": "M", "groups": [], "user_permissions": []}}, {"model": "Profile.profile", "pk": 92, "fields": {"password": "", "last_login": null, "is_superuser": false, "first_name": "", "last_name": "", "is_staff": false, "is_active": false, "date_joined": "2024-02-26T08:16:56.148Z", "name": "PATEL RICHA JAGDISHBHAI", "email": null, "ph_no": null, "role": "student", "gender": "F", "groups": [], "user_permissions": []}}, {"model": "Profile.profile", "pk": 93, "fields": {"password": "", "last_login": null, "is_superuser": false, "first_name": "", "last_name": "", "is_staff": false, "is_active": false, "date_joined": "2024-02-26T08:16:56.199Z", "name": "PATEL SANJAYKUMAR KANJIBHAI", "email": null, "ph_no": null, "role": "student", "gender": "M", "groups": [], "user_permissions": []}}, {"model": "Profile.profile", "pk": 94, "fields": {"password": "", "last_login": null, "is_superuser": false, "first_name": "", "last_name": "", "is_staff": false, "is_active": false, "date_joined": "2024-02-26T08:16:56.243Z", "name": "PATEL SHLOKKUMAR NILESHKUMAR", "email": null, "ph_no": null, "role": "student", "gender": "M", "groups": [], "user_permissions": []}}, {"model": "Profile.profile", "pk": 95, "fields": {"password": "", "last_login": null, "is_superuser": false, "first_name": "", "last_name": "", "is_staff": false, "is_active": false, "date_joined": "2024-02-26T08:16:56.289Z", "name": "PATEL VANSH ASHVINBHAI", "email": null, "ph_no": null, "role": "student", "gender": "M", "groups": [], "user_permissions": []}}, {"model": "Profile.profile", "pk": 96, "fields": {"password": "", "last_login": null, "is_superuser": false, "first_name": "", "last_name": "", "is_staff": false, "is_active": false, "date_joined": "2024-02-26T08:16:56.336Z", "name": "PATEL VRUND", "email": null, "ph_no": null, "role": "student", "gender": "M", "groups": [], "user_permissions": []}}, {"model": "Profile.profile", "pk": 97, "fields": {"password": "", "last_login": null, "is_superuser": false, "first_name": "", "last_name": "", "is_staff": false, "is_active": false, "date_joined": "2024-02-26T08:16:56.382Z", "name": "Pathan Leeza MohammedIqbal", "email": null, "ph_no": null, "role": "student", "gender": "F", "groups": [], "user_permissions": []}}, {"model": "Profile.profile", "pk": 98, "fields": {"password": "", "last_login": null, "is_superuser": false, "first_name": "", "last_name": "", "is_staff": false, "is_active": false, "date_joined": "2024-02-26T08:16:56.429Z", "name": "PAWAR YASH GORAKH", "email": null, "ph_no": null, "role": "student", "gender": "M", "groups": [], "user_permissions": []}}, {"model": "Profile.profile", "pk": 99, "fields": {"password": "", "last_login": null, "is_superuser": false, "first_name": "", "last_name": "", "is_staff": false, "is_active": false, "date_joined": "2024-02-26T08:16:56.476Z", "name": "PINDORIA HITESHREE SHIVJIBHAI", "email": null, "ph_no": null, "role": "student", "gender": "F", "groups": [], "user_permissions": []}}, {"model": "Profile.profile", "pk": 100, "fields": {"password": "", "last_login": null, "is_superuser": false, "first_name": "", "last_name": "", "is_staff": false, "is_active": false, "date_joined": "2024-02-26T08:16:56.524Z", "name": "Prajapati Bhavdipkumar Bhikhabhai", "email": null, "ph_no": null, "role": "student", "gender": "M", "groups": [], "user_permissions": []}}, {"model": "Profile.profile", "pk": 101, "fields": {"password": "", "last_login": null, "is_superuser": false, "first_name": "", "last_name": "", "is_staff": false, "is_active": false, "date_joined": "2024-02-26T08:16:56.572Z", "name": "Pratham Kanani", "email": null, "ph_no": null, "role": "student", "gender": "M", "groups": [], "user_permissions": []}}, {"model": "Profile.profile", "pk": 102, "fields": {"password": "", "last_login": null, "is_superuser": false, "first_name": "", "last_name": "", "is_staff": false, "is_active": false, "date_joined": "2024-02-26T08:16:56.621Z", "name": "Rajpara Hitarth Dharmendra", "email": null, "ph_no": null, "role": "student", "gender": "M", "groups": [], "user_permissions": []}}, {"model": "Profile.profile", "pk": 103, "fields": {"password": "", "last_login": null, "is_superuser": false, "first_name": "", "last_name": "", "is_staff": false, "is_active": false, "date_joined": "2024-02-26T08:16:56.668Z", "name": "RAJPOOT ABHISHEK SINGH RAJESH SINGH", "email": null, "ph_no": null, "role": "student", "gender": "M", "groups": [], "user_permissions": []}}, {"model": "Profile.profile", "pk": 104, "fields": {"password": "", "last_login": null, "is_superuser": false, "first_name": "", "last_name": "", "is_staff": false, "is_active": false, "date_joined": "2024-02-26T08:16:56.715Z", "name": "RAJPUROHIT VANDANAKUMARI MADANSINGH", "email": null, "ph_no": null, "role": "student", "gender": "F", "groups": [], "user_permissions": []}}, {"model": "Profile.profile", "pk": 105, "fields": {"password": "", "last_login": null, "is_superuser": false, "first_name": "", "last_name": "", "is_staff": false, "is_active": false, "date_joined": "2024-02-26T08:16:56.761Z", "name": "RATHOD MILAN", "email": null, "ph_no": null, "role": "student", "gender": "M", "groups": [], "user_permissions": []}}, {"model": "Profile.profile", "pk": 106, "fields": {"password": "", "last_login": null, "is_superuser": false, "first_name": "", "last_name": "", "is_staff": false, "is_active": false, "date_joined": "2024-02-26T08:16:56.809Z", "name": "RATHOD VAIBHAVI MAHESHBHAI", "email": null, "ph_no": null, "role": "student", "gender": "F", "groups": [], "user_permissions": []}}, {"model": "Profile.profile", "pk": 107, "fields": {"password": "", "last_login": null, "is_superuser": false, "first_name": "", "last_name": "", "is_staff": false, "is_active": false, "date_joined": "2024-02-26T08:16:56.855Z", "name": "RAUT YOGESHVARIBEN JAYANTIBHAI", "email": null, "ph_no": null, "role": "student", "gender": "F", "groups": [], "user_permissions": []}}, {"model": "Profile.profile", "pk": 108, "fields": {"password": "", "last_login": null, "is_superuser": false, "first_name": "", "last_name": "", "is_staff": false, "is_active": false, "date_joined": "2024-02-26T08:16:56.900Z", "name": "RUDANI NITYA HARESHBHAI", "email": null, "ph_no": null, "role": "student", "gender": "M", "groups": [], "user_permissions": []}}, {"model": "Profile.profile", "pk": 109, "fields": {"password": "", "last_login": null, "is_superuser": false, "first_name": "", "last_name": "", "is_staff": false, "is_active": false, "date_joined": "2024-02-26T08:16:56.945Z", "name": "SABNANI ROHIT DINESH", "email": null, "ph_no": null, "role": "student", "gender": "M", "groups": [], "user_permissions": []}}, {"model": "Profile.profile", "pk": 110, "fields": {"password": "", "last_login": null, "is_superuser": false, "first_name": "", "last_name": "", "is_staff": false, "is_active": false, "date_joined": "2024-02-26T08:16:56.991Z", "name": "SAHNI SOHIL AJAY", "email": null, "ph_no": null, "role": "student", "gender": "M", "groups": [], "user_permissions": []}}, {"model": "Profile.profile", "pk": 111, "fields": {"password": "", "last_login": null, "is_superuser": false, "first_name": "", "last_name": "", "is_staff": false, "is_active": false, "date_joined": "2024-02-26T08:16:57.041Z", "name": "SATHVARA KARAN PRAHLADBHAI", "email": null, "ph_no": null, "role": "student", "gender": "M", "groups": [], "user_permissions": []}}, {"model": "Profile.profile", "pk": 112, "fields": {"password": "", "last_login": null, "is_superuser": false, "first_name": "", "last_name": "", "is_staff": false, "is_active": false, "date_joined": "2024-02-26T08:16:57.088Z", "name": "SATYAPANTHI VEDANT AMIT", "email": null, "ph_no": null, "role": "student", "gender": "M", "groups": [], "user_permissions": []}}, {"model": "Profile.profile", "pk": 113, "fields": {"password": "pbkdf2_sha256$600000$fYzejaFIUEcZCG6cERipfg$E1tYbYjiOq3hGd7CEA2spgMW1ZiyiAfPWAaXlZYVCCA=", "last_login": null, "is_superuser": false, "first_name": "", "last_name": "", "is_staff": false, "is_active": true, "date_joined": "2024-02-26T08:16:57.136Z", "name": "SAVALIYA DHRUV DILIPBHAI", "email": "savaliyadhruv48@gmail.com", "ph_no": null, "role": "student", "gender": "M", "groups": [], "user_permissions": []}}, {"model": "Profile.profile", "pk": 114, "fields": {"password": "pbkdf2_sha256$600000$a8ioaEOJYmILnPnsdvBU9O$sImiRVuXB9470zx9RLIUQ/sA/uvJb34vmvTLb58eSKE=", "last_login": null, "is_superuser": false, "first_name": "", "last_name": "", "is_staff": false, "is_active": true, "date_joined": "2024-02-26T08:16:57.184Z", "name": "SHAH AAGAM KETANKUMAR", "email": "aagamkshah111@gmail.com", "ph_no": null, "role": "student", "gender": "M", "groups": [], "user_permissions": []}}, {"model": "Profile.profile", "pk": 115, "fields": {"password": "pbkdf2_sha256$600000$nRYJCKc7C78vqprHK8oLQ4$wxMVCWM7h9fwgjkEXhgQLhQnjDpahaj5D/yTl+gi7Vs=", "last_login": null, "is_superuser": false, "first_name": "", "last_name": "", "is_staff": false, "is_active": true, "date_joined": "2024-02-26T08:16:57.232Z", "name": "Shah Khush Bhaveshkumar", "email": "22eckhu122@ldce.ac.in", "ph_no": null, "role": "student", "gender": "M", "groups": [], "user_permissions": []}}, {"model": "Profile.profile", "pk": 116, "fields": {"password": "pbkdf2_sha256$600000$mbCR9a63ti1OlNYR2oJHpM$1OtTfs9bPKS8IY4mHdgF1SYH++IGCPcZZeleOki0LQ4=", "last_login": null, "is_superuser": false, "first_name": "", "last_name": "", "is_staff": false, "is_active": true, "date_joined": "2024-02-26T08:16:57.279Z", "name": "SHAH KRIYA PINAL", "email": "kriyashah293@gmail.com", "ph_no": null, "role": "student", "gender": "F", "groups": [], "user_permissions": []}}, {"model": "Profile.profile", "pk": 117, "fields": {"password": "pbkdf2_sha256$600000$xOgE7eHP1cfqxyNA0KMYwL$H/hIsGHCT2xTsoaN+j6rH3xSOTBngHyioACRQRW2nc4=", "last_login": null, "is_superuser": false, "first_name": "", "last_name": "", "is_staff": false, "is_active": true, "date_joined": "2024-02-26T08:16:57.325Z", "name": "SHAH NAMAN VIRESHBHAI", "email": "naman0920.shah@gmail.com", "ph_no": null, "role": "student", "gender": "M", "groups": [], "user_permissions": []}}, {"model": "Profile.profile", "pk": 118, "fields": {"password": "pbkdf2_sha256$600000$nl6hj3P1i0jNNpstDwWems$PmDgZOMPptb18cRgXqRpxVq18u64z2U5EA1F6Dip9EI=", "last_login": null, "is_superuser": false, "first_name": "", "last_name": "", "is_staff": false, "is_active": true, "date_joined": "2024-02-26T08:16:57.370Z", "name": "SHINGALA JENIL RAMESHBHAI", "email": "jenilshingala99@gmail.com", "ph_no": null, "role": "student", "gender": "M", "groups": [], "user_permissions": []}}, {"model": "Profile.profile", "pk": 119, "fields": {"password": "pbkdf2_sha256$600000$3SyLbhU5IThY2yezQRqiz1$T9uN4/v7hE9tGNbxhsPIJuE3oVlAfkQeS6XZ4BJBVYs=", "last_login": null, "is_superuser": false, "first_name": "", "last_name": "", "is_staff": false, "is_active": true, "date_joined": "2024-02-26T08:16:57.416Z", "name": "SHRUTI UMESHBHAI TRIVEDI", "email": "trivedishruti810@gmail.com", "ph_no": null, "role": "student", "gender": "F", "groups": [], "user_permissions": []}}, {"model": "Profile.profile", "pk": 120, "fields": {"password": "", "last_login": null, "is_superuser": false, "first_name": "", "last_name": "", "is_staff": false, "is_active": false, "date_joined": "2024-02-26T08:16:57.461Z", "name": "SINDHAV KASHYAP", "email": null, "ph_no": null, "role": "student", "gender": "M", "groups": [], "user_permissions": []}}, {"model": "Profile.profile", "pk": 121, "fields": {"password": "pbkdf2_sha256$600000$dbmukmSyEdv1zzgN5IOBfQ$JdLtAGS3vn8bVyjSqswVmo3eG5JjaVho2U35la/C9r8=", "last_login": null, "is_superuser": false, "first_name": "", "last_name": "", "is_staff": false, "is_active": true, "date_joined": "2024-02-26T08:16:57.507Z", "name": "SOLANKI HARSH ARVIND", "email": "solankiharsh1294@gmail.com", "ph_no": null, "role": "student", "gender": "M", "groups": [], "user_permissions": []}}, {"model": "Profile.profile", "pk": 122, "fields": {"password": "", "last_login": null, "is_superuser": false, "first_name": "", "last_name": "", "is_staff": false, "is_active": false, "date_joined": "2024-02-26T08:16:57.551Z", "name": "Sorathiya Meet Dineshbhai", "email": null, "ph_no": null, "role": "student", "gender": "M", "groups": [], "user_permissions": []}}, {"model": "Profile.profile", "pk": 123, "fields": {"password": "pbkdf2_sha256$600000$VNtYxuCfUmKHYPEc0XpURJ$5z37pDTBOhWtgp+OuCCXWclEf0/KoDIcMN2pXA+yG6o=", "last_login": null, "is_superuser": false, "first_name": "", "last_name": "", "is_staff": false, "is_active": true, "date_joined": "2024-02-26T08:16:57.597Z", "name": "SULEGAON HENIL LAXMAN", "email": "henilsulegaon18@gmail.com", "ph_no": null, "role": "student", "gender": "M", "groups": [], "user_permissions": []}}, {"model": "Profile.profile", "pk": 124, "fields": {"password": "pbkdf2_sha256$600000$kUb74isFrf0U7sQUdm9nlk$KX1P6KZTEypMM5J9WFxJsd8G9xcsGm4EFwAQHIGvv44=", "last_login": null, "is_superuser": false, "first_name": "", "last_name": "", "is_staff": false, "is_active": true, "date_joined": "2024-02-26T08:16:57.642Z", "name": "Suthar HiteshKumar Shankarji", "email": "hiteshsk3489@gmail.com", "ph_no": null, "role": "student", "gender": "M", "groups": [], "user_permissions": []}}, {"model": "Profile.profile", "pk": 125, "fields": {"password": "pbkdf2_sha256$600000$HclrLf0ooqJPFuKoCptPAv$MJX5tQvMB0FQw1/5gN9XKrfhn6+Oduyw3a17bngZuRo=", "last_login": null, "is_superuser": false, "first_name": "", "last_name": "", "is_staff": false, "is_active": true, "date_joined": "2024-02-26T08:16:57.688Z", "name": "TAKODARA HARSH MUKESHBHAI", "email": "22echar137@ldce.ac.in", "ph_no": null, "role": "student", "gender": "M", "groups": [], "user_permissions": []}}, {"model": "Profile.profile", "pk": 126, "fields": {"password": "", "last_login": null, "is_superuser": false, "first_name": "", "last_name": "", "is_staff": false, "is_active": false, "date_joined": "2024-02-26T08:16:57.734Z", "name": "TANAY CHATURVEDI", "email": null, "ph_no": null, "role": "student", "gender": "M", "groups": [], "user_permissions": []}}, {"model": "Profile.profile", "pk": 127, "fields": {"password": "pbkdf2_sha256$600000$VkFi7pjUrul7RrUQR8Rc8O$sM1XfRNrfrpGI+3b6BBSQzGv1UwTzoSqE6jbe5fniJA=", "last_login": null, "is_superuser": false, "first_name": "", "last_name": "", "is_staff": false, "is_active": true, "date_joined": "2024-02-26T08:16:57.782Z", "name": "THAKOR YASHPAL JALAMSINH", "email": "yashpalthakor01@gmail.com", "ph_no": null, "role": "student", "gender": "M", "groups": [], "user_permissions": []}}, {"model": "Profile.profile", "pk": 128, "fields": {"password": "pbkdf2_sha256$600000$9neImNEpS1gRiaFBreq7KY$GcSsCWrFqM12YWfctnBJM9GfvjVEoLlWFl2hjkEtXLk=", "last_login": null, "is_superuser": false, "first_name": "", "last_name": "", "is_staff": false, "is_active": true, "date_joined": "2024-02-26T08:16:57.831Z", "name": "Thakur Rishi jayprakash", "email": "rishijthakur@gmail.com", "ph_no": null, "role": "student", "gender": "M", "groups": [], "user_permissions": []}}, {"model": "Profile.profile", "pk": 129, "fields": {"password": "pbkdf2_sha256$600000$X4mHcYYRB4Ckfx1pO9b0aB$PbbZkoCD9WD0YV7IFFSi8RJDKcs0qzduoNJgyxqx9yQ=", "last_login": null, "is_superuser": false, "first_name": "", "last_name": "", "is_staff": false, "is_active": true, "date_joined": "2024-02-26T08:16:57.877Z", "name": "THUMAR UTSAV SUBHASHBHAI", "email": "utsavthumar123@gmail.com", "ph_no": null, "role": "student", "gender": "M", "groups": [], "user_permissions": []}}, {"model": "Profile.profile", "pk": 130, "fields": {"password": "pbkdf2_sha256$600000$YHrlKukWpqewbJxC6NiH07$YqjOxdNPuJcbi72IF2gBGPloy30hyMPI+yEVO3CqskQ=", "last_login": null, "is_superuser": false, "first_name": "", "last_name": "", "is_staff": false, "is_active": true, "date_joined": "2024-02-26T08:16:57.923Z", "name": "TIRTHKUMAR", "email": "22ecpat143@ldce.ac.in", "ph_no": null, "role": "student", "gender": "M", "groups": [], "user_permissions": []}}, {"model": "Profile.profile", "pk": 131, "fields": {"password": "pbkdf2_sha256$600000$TChe02d1h8TJzsm8R6lAgQ$p0gTq2rq3FZoLeXRP8PbSSLYrMI88JVI65+sfEb98sI=", "last_login": null, "is_superuser": false, "first_name": "", "last_name": "", "is_staff": false, "is_active": true, "date_joined": "2024-02-26T08:16:57.969Z", "name": "TRIVEDI JAGRAT VISHVESHKUMAR", "email": "jvt1495@gmail.com", "ph_no": null, "role": "student", "gender": "M", "groups": [], "user_permissions": []}}, {"model": "Profile.profile", "pk": 132, "fields": {"password": "", "last_login": null, "is_superuser": false, "first_name": "", "last_name": "", "is_staff": false, "is_active": false, "date_joined": "2024-02-26T08:16:58.016Z", "name": "Vaghasiya Meet Bharatbhai", "email": null, "ph_no": null, "role": "student", "gender": "M", "groups": [], "user_permissions": []}}, {"model": "Profile.profile", "pk": 133, "fields": {"password": "", "last_login": null, "is_superuser": false, "first_name": "", "last_name": "", "is_staff": false, "is_active": false, "date_joined": "2024-02-26T08:16:58.060Z", "name": "VAGHELA KAUSHIKBHAI LAKHABHAI", "email": null, "ph_no": null, "role": "student", "gender": "M", "groups": [], "user_permissions": []}}, {"model": "Profile.profile", "pk": 134, "fields": {"password": "", "last_login": null, "is_superuser": false, "first_name": "", "last_name": "", "is_staff": false, "is_active": false, "date_joined": "2024-02-26T08:16:58.107Z", "name": "VAGHELA VRAJKUMAR RAVINDRABHAI", "email": null, "ph_no": null, "role": "student", "gender": "M", "groups": [], "user_permissions": []}}, {"model": "Profile.profile", "pk": 135, "fields": {"password": "pbkdf2_sha256$600000$YOm6sIO3cbQFAIusxlnGAV$EUtjKAJGZ3sI3tzL0usCKpCkRI2BSDRqpdQldVYpUsA=", "last_login": null, "is_superuser": false, "first_name": "", "last_name": "", "is_staff": false, "is_active": true, "date_joined": "2024-02-26T08:16:58.161Z", "name": "VANIYA RONAK ASHOKKUMAR", "email": "22ecron150@ldce.ac.in", "ph_no": null, "role": "student", "gender": "M", "groups": [], "user_permissions": []}}, {"model": "Profile.profile", "pk": 136, "fields": {"password": "pbkdf2_sha256$600000$UuTMT2apL59BXlRS5bwcBJ$8t3xx1Cn8onfHieYqVFGi0GQgU+F5uFkRuTVRJDhm90=", "last_login": null, "is_superuser": false, "first_name": "", "last_name": "", "is_staff": false, "is_active": true, "date_joined": "2024-02-26T08:16:58.207Z", "name": "VARDE ADITYA VIKRAMBHAI", "email": "22ecadi151@ldce.ac.in", "ph_no": null, "role": "student", "gender": "M", "groups": [], "user_permissions": []}}, {"model": "Profile.profile", "pk": 137, "fields": {"password": "pbkdf2_sha256$600000$om0YVZTpAaA3Kx4V8aTXCc$iEq9zgtz89dfNHjAWP5rq1pxZCB/vH1OgeatiFCKvz8=", "last_login": null, "is_superuser": false, "first_name": "", "last_name": "", "is_staff": false, "is_active": true, "date_joined": "2024-02-26T08:16:58.252Z", "name": "VASITA MIHIR SURESHBHAI", "email": "mihirvasita05@gmail.com", "ph_no": null, "role": "student", "gender": "M", "groups": [], "user_permissions": []}}, {"model": "Profile.profile", "pk": 138, "fields": {"password": "pbkdf2_sha256$600000$7uvjebhfLAJreEDePJAo5Y$q19LSey0C+MzsM1IT2j2HrcEX8SamQGM84lA4mf/3Xo=", "last_login": null, "is_superuser": false, "first_name": "", "last_name": "", "is_staff": false, "is_active": true, "date_joined": "2024-02-26T08:16:58.297Z", "name": "VISHVAM RATHOD", "email": "22ecvis153@ldce.ac.in", "ph_no": null, "role": "student", "gender": "M", "groups": [], "user_permissions": []}}, {"model": "Profile.profile", "pk": 139, "fields": {"password": "pbkdf2_sha256$600000$3jDr43Snji0yQDyLIXn4A2$JpuYDkPyoTX9Jl4XtHJgW5zhUS6nOJJitZowKsExiig=", "last_login": null, "is_superuser": false, "first_name": "", "last_name": "", "is_staff": false, "is_active": true, "date_joined": "2024-02-26T08:16:58.340Z", "name": "Vyas Dhaval Nileshbhai", "email": "22ecvya154@ldce.ac.in", "ph_no": null, "role": "student", "gender": "M", "groups": [], "user_permissions": []}}, {"model": "Profile.profile", "pk": 140, "fields": {"password": "", "last_login": null, "is_superuser": false, "first_name": "", "last_name": "", "is_staff": false, "is_active": false, "date_joined": "2024-02-26T08:16:58.382Z", "name": "YADAV SHYAMBABU ANILKUMAR", "email": null, "ph_no": null, "role": "student", "gender": "M", "groups": [], "user_permissions": []}}, {"model": "Profile.profile", "pk": 141, "fields": {"password": "", "last_login": null, "is_superuser": false, "first_name": "", "last_name": "", "is_staff": false, "is_active": false, "date_joined": "2024-02-26T08:16:58.430Z", "name": "ZALA KARAN AJAYBHAI", "email": null, "ph_no": null, "role": "student", "gender": "M", "groups": [], "user_permissions": []}}, {"model": "Profile.profile", "pk": 142, "fields": {"password": "", "last_login": null, "is_superuser": false, "first_name": "", "last_name": "", "is_staff": false, "is_active": false, "date_joined": "2024-02-26T08:16:58.476Z", "name": "ADJANE ROSSANA RAMOS GASPAR", "email": null, "ph_no": null, "role": "student", "gender": "M", "groups": [], "user_permissions": []}}, {"model": "Profile.profile", "pk": 143, "fields": {"password": "", "last_login": null, "is_superuser": false, "first_name": "", "last_name": "", "is_staff": false, "is_active": false, "date_joined": "2024-02-26T08:16:58.522Z", "name": "patel dev kiranbhai", "email": null, "ph_no": null, "role": "student", "gender": "M", "groups": [], "user_permissions": []}}, {"model": "Profile.profile", "pk": 144, "fields": {"password": "", "last_login": null, "is_superuser": false, "first_name": "", "last_name": "", "is_staff": false, "is_active": false, "date_joined": "2024-02-26T08:16:58.567Z", "name": "PATEL DEVARSH MAHENDRABHAI", "email": null, "ph_no": null, "role": "student", "gender": "M", "groups": [], "user_permissions": []}}, {"model": "Profile.profile", "pk": 145, "fields": {"password": "", "last_login": null, "is_superuser": false, "first_name": "", "last_name": "", "is_staff": false, "is_active": false, "date_joined": "2024-02-26T08:16:58.613Z", "name": "Patel Mohit Rajendrabhai", "email": null, "ph_no": null, "role": "student", "gender": "M", "groups": [], "user_permissions": []}}, {"model": "Profile.profile", "pk": 146, "fields": {"password": "", "last_login": null, "is_superuser": false, "first_name": "", "last_name": "", "is_staff": false, "is_active": false, "date_joined": "2024-02-26T08:16:58.657Z", "name": "PATEL OM BIPINCHANDRA", "email": null, "ph_no": null, "role": "student", "gender": "M", "groups": [], "user_permissions": []}}, {"model": "Profile.profile", "pk": 147, "fields": {"password": "", "last_login": null, "is_superuser": false, "first_name": "", "last_name": "", "is_staff": false, "is_active": false, "date_joined": "2024-02-26T08:16:58.702Z", "name": "patel vansh ghanshyam", "email": null, "ph_no": null, "role": "student", "gender": "M", "groups": [], "user_permissions": []}}, {"model": "Profile.profile", "pk": 148, "fields": {"password": "", "last_login": null, "is_superuser": false, "first_name": "", "last_name": "", "is_staff": false, "is_active": false, "date_joined": "2024-02-26T08:16:58.748Z", "name": "PATHAR MANISH VALJEEBHAI", "email": null, "ph_no": null, "role": "student", "gender": "M", "groups": [], "user_permissions": []}}, {"model": "Profile.profile", "pk": 149, "fields": {"password": "", "last_login": null, "is_superuser": false, "first_name": "", "last_name": "", "is_staff": false, "is_active": false, "date_joined": "2024-02-26T08:16:58.792Z", "name": "Pilojpara Vivek Jiteshbhai", "email": null, "ph_no": null, "role": "student", "gender": "M", "groups": [], "user_permissions": []}}, {"model": "Profile.profile", "pk": 150, "fields": {"password": "", "last_login": null, "is_superuser": false, "first_name": "", "last_name": "", "is_staff": false, "is_active": false, "date_joined": "2024-02-26T08:16:58.836Z", "name": "RAJPUT RIYA MAHENDRAPRATAP", "email": null, "ph_no": null, "role": "student", "gender": "F", "groups": [], "user_permissions": []}}, {"model": "Profile.profile", "pk": 151, "fields": {"password": "", "last_login": null, "is_superuser": false, "first_name": "", "last_name": "", "is_staff": false, "is_active": false, "date_joined": "2024-02-26T08:16:58.882Z", "name": "RAJVEER GIRASE", "email": null, "ph_no": null, "role": "student", "gender": "M", "groups": [], "user_permissions": []}}, {"model": "Profile.profile", "pk": 152, "fields": {"password": "", "last_login": null, "is_superuser": false, "first_name": "", "last_name": "", "is_staff": false, "is_active": false, "date_joined": "2024-02-26T08:16:58.927Z", "name": "RATHOD AYUSH VINODSINH", "email": null, "ph_no": null, "role": "student", "gender": "M", "groups": [], "user_permissions": []}}, {"model": "Profile.profile", "pk": 153, "fields": {"password": "", "last_login": null, "is_superuser": false, "first_name": "", "last_name": "", "is_staff": false, "is_active": false, "date_joined": "2024-02-26T08:16:58.971Z", "name": "RATHOD PARTH JIGNESHBHAI", "email": null, "ph_no": null, "role": "student", "gender": "M", "groups": [], "user_permissions": []}}, {"model": "Profile.profile", "pk": 154, "fields": {"password": "", "last_login": null, "is_superuser": false, "first_name": "", "last_name": "", "is_staff": false, "is_active": false, "date_joined": "2024-02-26T08:16:59.015Z", "name": "Sarteja Veer Kaushikbhai", "email": null, "ph_no": null, "role": "student", "gender": "M", "groups": [], "user_permissions": []}}, {"model": "Profile.profile", "pk": 155, "fields": {"password": "", "last_login": null, "is_superuser": false, "first_name": "", "last_name": "", "is_staff": false, "is_active": false, "date_joined": "2024-02-26T08:16:59.067Z", "name": "Sejpal Viraj Atulbhai", "email": null, "ph_no": null, "role": "student", "gender": "M", "groups": [], "user_permissions": []}}, {"model": "Profile.profile", "pk": 156, "fields": {"password": "", "last_login": null, "is_superuser": false, "first_name": "", "last_name": "", "is_staff": false, "is_active": false, "date_joined": "2024-02-26T08:16:59.112Z", "name": "SHAH HONEY PRAKASHBHAI", "email": null, "ph_no": null, "role": "student", "gender": "F", "groups": [], "user_permissions": []}}, {"model": "Profile.profile", "pk": 157, "fields": {"password": "", "last_login": null, "is_superuser": false, "first_name": "", "last_name": "", "is_staff": false, "is_active": false, "date_joined": "2024-02-26T08:16:59.157Z", "name": "Shah Kashvi Binit", "email": null, "ph_no": null, "role": "student", "gender": "F", "groups": [], "user_permissions": []}}, {"model": "Profile.profile", "pk": 158, "fields": {"password": "", "last_login": null, "is_superuser": false, "first_name": "", "last_name": "", "is_staff": false, "is_active": false, "date_joined": "2024-02-26T08:16:59.203Z", "name": "SHARMA PRIYANSHU BHUPENDRAKUMAR", "email": null, "ph_no": null, "role": "student", "gender": "F", "groups": [], "user_permissions": []}}, {"model": "Profile.profile", "pk": 159, "fields": {"password": "", "last_login": null, "is_superuser": false, "first_name": "", "last_name": "", "is_staff": false, "is_active": false, "date_joined": "2024-02-26T08:16:59.248Z", "name": "SHRIMALI AARTI MUKUNDBHAI", "email": null, "ph_no": null, "role": "student", "gender": "F", "groups": [], "user_permissions": []}}, {"model": "Profile.profile", "pk": 160, "fields": {"password": "", "last_login": null, "is_superuser": false, "first_name": "", "last_name": "", "is_staff": false, "is_active": false, "date_joined": "2024-02-26T08:16:59.295Z", "name": "SIDDHAPURA YASH MUKESHBHAI", "email": null, "ph_no": null, "role": "student", "gender": "M", "groups": [], "user_permissions": []}}, {"model": "Profile.profile", "pk": 161, "fields": {"password": "", "last_login": null, "is_superuser": false, "first_name": "", "last_name": "", "is_staff": false, "is_active": false, "date_joined": "2024-02-26T08:16:59.341Z", "name": "SINDHAV KISHAN DINESHBHAI", "email": null, "ph_no": null, "role": "student", "gender": "M", "groups": [], "user_permissions": []}}, {"model": "Profile.profile", "pk": 162, "fields": {"password": "", "last_login": null, "is_superuser": false, "first_name": "", "last_name": "", "is_staff": false, "is_active": false, "date_joined": "2024-02-26T08:16:59.387Z", "name": "SINGH JEEVESH VISHWAVIJAY", "email": null, "ph_no": null, "role": "student", "gender": "M", "groups": [], "user_permissions": []}}, {"model": "Profile.profile", "pk": 163, "fields": {"password": "", "last_login": null, "is_superuser": false, "first_name": "", "last_name": "", "is_staff": false, "is_active": false, "date_joined": "2024-02-26T08:16:59.434Z", "name": "Singh Rishu Padum", "email": null, "ph_no": null, "role": "student", "gender": "M", "groups": [], "user_permissions": []}}, {"model": "Profile.profile", "pk": 164, "fields": {"password": "", "last_login": null, "is_superuser": false, "first_name": "", "last_name": "", "is_staff": false, "is_active": false, "date_joined": "2024-02-26T08:16:59.480Z", "name": "SONI HARSH PRAGNESHKUMAR", "email": null, "ph_no": null, "role": "student", "gender": "M", "groups": [], "user_permissions": []}}, {"model": "Profile.profile", "pk": 165, "fields": {"password": "", "last_login": null, "is_superuser": false, "first_name": "", "last_name": "", "is_staff": false, "is_active": false, "date_joined": "2024-02-26T08:16:59.527Z", "name": "Surti Dhvanik Hareshbhai", "email": null, "ph_no": null, "role": "student", "gender": "M", "groups": [], "user_permissions": []}}, {"model": "Profile.profile", "pk": 166, "fields": {"password": "", "last_login": null, "is_superuser": false, "first_name": "", "last_name": "", "is_staff": false, "is_active": false, "date_joined": "2024-02-26T08:16:59.573Z", "name": "Thakar Samir Anilkumar", "email": null, "ph_no": null, "role": "student", "gender": "M", "groups": [], "user_permissions": []}}, {"model": "Profile.profile", "pk": 167, "fields": {"password": "", "last_login": null, "is_superuser": false, "first_name": "", "last_name": "", "is_staff": false, "is_active": false, "date_joined": "2024-02-26T08:16:59.620Z", "name": "Sakshi Mehra", "email": null, "ph_no": null, "role": "student", "gender": "F", "groups": [], "user_permissions": []}}, {"model": "Profile.profile", "pk": 168, "fields": {"password": "pbkdf2_sha256$600000$e3v7z44cUo16sdRE3Q5f18$DIQUX8WkGQfpK8sw46d/wCcVA6A38ZdtJwWgwSU8PEA=", "last_login": null, "is_superuser": true, "first_name": "", "last_name": "", "is_staff": true, "is_active": true, "date_joined": "2024-02-26T08:21:18.327Z", "name": "Manav Shah", "email": "manav1011@mnv-dev.live", "ph_no": "9925717005", "role": "admin", "gender": "M", "groups": [], "user_permissions": []}}, {"model": "Profile.profile", "pk": 169, "fields": {"password": "", "last_login": null, "is_superuser": false, "first_name": "", "last_name": "", "is_staff": false, "is_active": false, "date_joined": "2024-02-26T08:38:08.825Z", "name": "Ashishbhai Reshiyabhai Rathawa", "email": null, "ph_no": null, "role": "student", "gender": "M", "groups": [], "user_permissions": []}}, {"model": "Profile.profile", "pk": 170, "fields": {"password": "", "last_login": null, "is_superuser": false, "first_name": "", "last_name": "", "is_staff": false, "is_active": false, "date_joined": "2024-02-26T08:38:08.874Z", "name": "JAYESH PRAVINBHAI ROSHIYA", "email": null, "ph_no": null, "role": "student", "gender": "M", "groups": [], "user_permissions": []}}, {"model": "Profile.profile", "pk": 171, "fields": {"password": "", "last_login": null, "is_superuser": false, "first_name": "", "last_name": "", "is_staff": false, "is_active": false, "date_joined": "2024-02-26T08:38:08.921Z", "name": "SACHIN AKLESHBHAI PRAJAPATI", "email": null, "ph_no": null, "role": "student", "gender": "M", "groups": [], "user_permissions": []}}, {"model": "Profile.profile", "pk": 172, "fields": {"password": "", "last_login": null, "is_superuser": false, "first_name": "", "last_name": "", "is_staff": false, "is_active": false, "date_joined": "2024-02-26T08:38:08.967Z", "name": "Divy Maheshbhai Patel", "email": null, "ph_no": null, "role": "student", "gender": "M", "groups": [], "user_permissions": []}}, {"model": "Profile.profile", "pk": 173, "fields": {"password": "", "last_login": null, "is_superuser": false, "first_name": "", "last_name": "", "is_staff": false, "is_active": false, "date_joined": "2024-02-26T08:38:09.013Z", "name": "DAMOR KAUSHIKKUMAR KAMLESHBHAI", "email": null, "ph_no": null, "role": "student", "gender": "M", "groups": [], "user_permissions": []}}, {"model": "Profile.profile", "pk": 174, "fields": {"password": "", "last_login": null, "is_superuser": false, "first_name": "", "last_name": "", "is_staff": false, "is_active": false, "date_joined": "2024-02-26T08:38:09.062Z", "name": "Meet Umangkumar Shah", "email": null, "ph_no": null, "role": "student", "gender": "M", "groups": [], "user_permissions": []}}, {"model": "Profile.profile", "pk": 175, "fields": {"password": "", "last_login": null, "is_superuser": false, "first_name": "", "last_name": "", "is_staff": false, "is_active": false, "date_joined": "2024-02-26T08:38:09.110Z", "name": "Krisha Vrujlal Kothadiya", "email": null, "ph_no": null, "role": "student", "gender": "F", "groups": [], "user_permissions": []}}, {"model": "Profile.profile", "pk": 176, "fields": {"password": "", "last_login": null, "is_superuser": false, "first_name": "", "last_name": "", "is_staff": false, "is_active": false, "date_joined": "2024-02-26T08:38:09.159Z", "name": "RATHOD VIJAYSINH ISHWARSINH", "email": null, "ph_no": null, "role": "student", "gender": "M", "groups": [], "user_permissions": []}}, {"model": "Profile.profile", "pk": 177, "fields": {"password": "", "last_login": null, "is_superuser": false, "first_name": "", "last_name": "", "is_staff": false, "is_active": false, "date_joined": "2024-02-26T08:38:09.210Z", "name": "Dev Umeshkumar Patel", "email": null, "ph_no": null, "role": "student", "gender": "M", "groups": [], "user_permissions": []}}, {"model": "Profile.profile", "pk": 178, "fields": {"password": "", "last_login": null, "is_superuser": false, "first_name": "", "last_name": "", "is_staff": false, "is_active": false, "date_joined": "2024-02-26T08:38:09.260Z", "name": "Udai Bhat", "email": null, "ph_no": null, "role": "student", "gender": "M", "groups": [], "user_permissions": []}}, {"model": "Profile.profile", "pk": 179, "fields": {"password": "", "last_login": null, "is_superuser": false, "first_name": "", "last_name": "", "is_staff": false, "is_active": false, "date_joined": "2024-02-26T08:38:09.308Z", "name": "Bhalsod Nidhi Kamleshbhai", "email": null, "ph_no": null, "role": "student", "gender": "F", "groups": [], "user_permissions": []}}, {"model": "Profile.profile", "pk": 180, "fields": {"password": "pbkdf2_sha256$600000$hyzUVJBkQKEAejHLXZkufE$Mk+0937pAvancBZsaWLOd4mPkT4kSkTLaFkXNC8tV6U=", "last_login": null, "is_superuser": false, "first_name": "", "last_name": "", "is_staff": false, "is_active": true, "date_joined": "2024-02-26T08:38:09.354Z", "name": "BHATT AMANKUMAR ANANDKUMAR", "email": "amansevak123@gmail.com", "ph_no": null, "role": "student", "gender": "M", "groups": [], "user_permissions": []}}, {"model": "Profile.profile", "pk": 181, "fields": {"password": "", "last_login": null, "is_superuser": false, "first_name": "", "last_name": "", "is_staff": false, "is_active": false, "date_joined": "2024-02-26T08:38:09.399Z", "name": "Dhara Mahendrabhai Chaudhari", "email": null, "ph_no": null, "role": "student", "gender": "F", "groups": [], "user_permissions": []}}, {"model": "Profile.profile", "pk": 182, "fields": {"password": "", "last_login": null, "is_superuser": false, "first_name": "", "last_name": "", "is_staff": false, "is_active": false, "date_joined": "2024-02-26T08:38:09.446Z", "name": "Priyanka Jayeshkumar Dalwadi", "email": null, "ph_no": null, "role": "student", "gender": "F", "groups": [], "user_permissions": []}}, {"model": "Profile.profile", "pk": 183, "fields": {"password": "", "last_login": null, "is_superuser": false, "first_name": "", "last_name": "", "is_staff": false, "is_active": false, "date_joined": "2024-02-26T08:38:09.491Z", "name": "Sanjana Dineshbhai Gamit", "email": null, "ph_no": null, "role": "student", "gender": "F", "groups": [], "user_permissions": []}}, {"model": "Profile.profile", "pk": 184, "fields": {"password": "", "last_login": null, "is_superuser": false, "first_name": "", "last_name": "", "is_staff": false, "is_active": false, "date_joined": "2024-02-26T08:38:09.538Z", "name": "Mahek Chandrakantbhai Gohil", "email": null, "ph_no": null, "role": "student", "gender": "F", "groups": [], "user_permissions": []}}, {"model": "Profile.profile", "pk": 185, "fields": {"password": "pbkdf2_sha256$600000$DGDSyL7uNDke41zJMlr02T$vkxvIrQMawTuEsOyD3JAt+KFQ2b8j0LE3tdybgT8mdE=", "last_login": null, "is_superuser": false, "first_name": "", "last_name": "", "is_staff": false, "is_active": true, "date_joined": "2024-02-26T08:38:09.583Z", "name": "GOHIL MAYUR KISHORBHAI", "email": "mkg15122003@gmail.com", "ph_no": null, "role": "student", "gender": "M", "groups": [], "user_permissions": []}}, {"model": "Profile.profile", "pk": 186, "fields": {"password": "", "last_login": null, "is_superuser": false, "first_name": "", "last_name": "", "is_staff": false, "is_active": false, "date_joined": "2024-02-26T08:38:09.628Z", "name": "Nidhi Nileshbhai Jajal", "email": null, "ph_no": null, "role": "student", "gender": "F", "groups": [], "user_permissions": []}}, {"model": "Profile.profile", "pk": 187, "fields": {"password": "", "last_login": null, "is_superuser": false, "first_name": "", "last_name": "", "is_staff": false, "is_active": false, "date_joined": "2024-02-26T08:38:09.673Z", "name": "Shubh mukesh Kachhadiya", "email": null, "ph_no": null, "role": "student", "gender": "M", "groups": [], "user_permissions": []}}, {"model": "Profile.profile", "pk": 188, "fields": {"password": "pbkdf2_sha256$600000$vMl9tsEZPMqqIEpRhShMPm$FIMezV4O4mc+LeoUuJptooNXrsmN7/3dJ8In+9pqV8c=", "last_login": null, "is_superuser": false, "first_name": "", "last_name": "", "is_staff": false, "is_active": true, "date_joined": "2024-02-26T08:38:09.719Z", "name": "MAGDANI DIPEN HARESHBHAI", "email": "dipenmagdani@gmail.com", "ph_no": null, "role": "student", "gender": "M", "groups": [], "user_permissions": []}}, {"model": "Profile.profile", "pk": 189, "fields": {"password": "", "last_login": null, "is_superuser": false, "first_name": "", "last_name": "", "is_staff": false, "is_active": false, "date_joined": "2024-02-26T08:38:09.764Z", "name": "MODI PRIYA DINESHKUMAR", "email": null, "ph_no": null, "role": "student", "gender": "F", "groups": [], "user_permissions": []}}, {"model": "Profile.profile", "pk": 190, "fields": {"password": "", "last_login": null, "is_superuser": false, "first_name": "", "last_name": "", "is_staff": false, "is_active": false, "date_joined": "2024-02-26T08:38:09.809Z", "name": "RINABEN SITARAMBHAI NIMBAL", "email": null, "ph_no": null, "role": "student", "gender": "F", "groups": [], "user_permissions": []}}, {"model": "Profile.profile", "pk": 191, "fields": {"password": "pbkdf2_sha256$600000$9rJLbi6aAsNOnotKnZ4a1b$is7qlq1wPd8X50Nl+4paYXaEVezFkNo3JTCNSgmW9ms=", "last_login": null, "is_superuser": false, "first_name": "", "last_name": "", "is_staff": false, "is_active": true, "date_joined": "2024-02-26T08:38:09.854Z", "name": "PANCHAL DHRUMIL VINAYKUMAR", "email": "dhrumilpanchal1434@gmail.com", "ph_no": null, "role": "student", "gender": "M", "groups": [], "user_permissions": []}}, {"model": "Profile.profile", "pk": 192, "fields": {"password": "", "last_login": null, "is_superuser": false, "first_name": "", "last_name": "", "is_staff": false, "is_active": false, "date_joined": "2024-02-26T08:38:09.910Z", "name": "Rohan Nayan Panchasara", "email": null, "ph_no": null, "role": "student", "gender": "M", "groups": [], "user_permissions": []}}, {"model": "Profile.profile", "pk": 193, "fields": {"password": "pbkdf2_sha256$600000$dnynpJ0jy0xYb9SPVFFpzy$FKrEBkWFhhYh2ROTCJWKVWnpgNrkmZGEV3VbqVVIs20=", "last_login": null, "is_superuser": false, "first_name": "", "last_name": "", "is_staff": false, "is_active": true, "date_joined": "2024-02-26T08:38:09.958Z", "name": "Harsh Natwarbhai Parmar", "email": "parmarharsh901@gmail.com", "ph_no": null, "role": "student", "gender": "M", "groups": [], "user_permissions": []}}, {"model": "Profile.profile", "pk": 194, "fields": {"password": "", "last_login": null, "is_superuser": false, "first_name": "", "last_name": "", "is_staff": false, "is_active": false, "date_joined": "2024-02-26T08:38:10.003Z", "name": "Shraddha Ishwarbhai Parmar", "email": null, "ph_no": null, "role": "student", "gender": "F", "groups": [], "user_permissions": []}}, {"model": "Profile.profile", "pk": 195, "fields": {"password": "pbkdf2_sha256$600000$ewnBu8dSSHmG4l0OByMGCs$U5a2OFKb9RhwRwrLM8/ESn+6fu0DAyAywjw96EEuCAA=", "last_login": null, "is_superuser": false, "first_name": "", "last_name": "", "is_staff": false, "is_active": true, "date_joined": "2024-02-26T08:38:10.048Z", "name": "Cherish Patel", "email": "cherishpatel6801@gmail.com", "ph_no": null, "role": "student", "gender": "M", "groups": [], "user_permissions": []}}, {"model": "Profile.profile", "pk": 196, "fields": {"password": "", "last_login": null, "is_superuser": false, "first_name": "", "last_name": "", "is_staff": false, "is_active": false, "date_joined": "2024-02-26T08:38:10.096Z", "name": "Drashti Hareshkumar Patel", "email": null, "ph_no": null, "role": "student", "gender": "F", "groups": [], "user_permissions": []}}, {"model": "Profile.profile", "pk": 197, "fields": {"password": "pbkdf2_sha256$600000$meXoftYCe7UgR2YS4nOSQd$a1TxV28Oewd2EJ/CwgoPDdUHMx0krSYqAIWUYrDHMZg=", "last_login": null, "is_superuser": false, "first_name": "", "last_name": "", "is_staff": false, "is_active": true, "date_joined": "2024-02-26T08:38:10.145Z", "name": "Patel Krish Mahendra", "email": "kp154206@gmail.com", "ph_no": null, "role": "student", "gender": "M", "groups": [], "user_permissions": []}}, {"model": "Profile.profile", "pk": 198, "fields": {"password": "", "last_login": null, "is_superuser": false, "first_name": "", "last_name": "", "is_staff": false, "is_active": false, "date_joined": "2024-02-26T08:38:10.192Z", "name": "Tathya Hemantkumar Patel", "email": null, "ph_no": null, "role": "student", "gender": "M", "groups": [], "user_permissions": []}}, {"model": "Profile.profile", "pk": 199, "fields": {"password": "", "last_login": null, "is_superuser": false, "first_name": "", "last_name": "", "is_staff": false, "is_active": false, "date_joined": "2024-02-26T08:38:10.238Z", "name": "PATEL TEJALKUMARI THAKORBHAI", "email": null, "ph_no": null, "role": "student", "gender": "F", "groups": [], "user_permissions": []}}, {"model": "Profile.profile", "pk": 200, "fields": {"password": "", "last_login": null, "is_superuser": false, "first_name": "", "last_name": "", "is_staff": false, "is_active": false, "date_joined": "2024-02-26T08:38:10.283Z", "name": "Patel Vaishnavi Manoj", "email": null, "ph_no": null, "role": "student", "gender": "F", "groups": [], "user_permissions": []}}, {"model": "Profile.profile", "pk": 201, "fields": {"password": "", "last_login": null, "is_superuser": false, "first_name": "", "last_name": "", "is_staff": false, "is_active": false, "date_joined": "2024-02-26T08:38:10.329Z", "name": "NIHAL SURYAKANT RAJPAL", "email": null, "ph_no": null, "role": "student", "gender": "M", "groups": [], "user_permissions": []}}, {"model": "Profile.profile", "pk": 202, "fields": {"password": "", "last_login": null, "is_superuser": false, "first_name": "", "last_name": "", "is_staff": false, "is_active": false, "date_joined": "2024-02-26T08:38:10.374Z", "name": "RATHOD SHUBHAM RAJESHKUMAR", "email": null, "ph_no": null, "role": "student", "gender": "M", "groups": [], "user_permissions": []}}, {"model": "Profile.profile", "pk": 203, "fields": {"password": "pbkdf2_sha256$600000$Q0tgAecut1lfZ7FalanE46$TyffgkD79VD6FlVqTbZDl0hmVWTvprrs4Wd90MkTUeg=", "last_login": null, "is_superuser": false, "first_name": "", "last_name": "", "is_staff": false, "is_active": true, "date_joined": "2024-02-26T08:38:10.421Z", "name": "Raval Jeet Nitinkumar", "email": "jeet.raval303@gmail.com", "ph_no": null, "role": "student", "gender": "M", "groups": [], "user_permissions": []}}, {"model": "Profile.profile", "pk": 204, "fields": {"password": "pbkdf2_sha256$600000$NM7zzxJ33tvJroUJ0JQOPg$Ij7Z935C7HLFNX5Je75c7eLkLmdBt8xWDREpj5CPmjc=", "last_login": null, "is_superuser": false, "first_name": "", "last_name": "", "is_staff": false, "is_active": true, "date_joined": "2024-02-26T08:38:10.467Z", "name": "Manav Kaushalkumar Shah", "email": "22csman033@ldce.ac.in", "ph_no": null, "role": "student", "gender": "M", "groups": [], "user_permissions": []}}, {"model": "Profile.profile", "pk": 205, "fields": {"password": "", "last_login": null, "is_superuser": false, "first_name": "", "last_name": "", "is_staff": false, "is_active": false, "date_joined": "2024-02-26T08:38:10.513Z", "name": "SIDDHAPURA TRUSHTI MAHESHBHAI", "email": null, "ph_no": null, "role": "student", "gender": "F", "groups": [], "user_permissions": []}}, {"model": "Profile.profile", "pk": 206, "fields": {"password": "", "last_login": null, "is_superuser": false, "first_name": "", "last_name": "", "is_staff": false, "is_active": false, "date_joined": "2024-02-26T08:38:10.561Z", "name": "SINGH PREM SHIVPOOJAN", "email": null, "ph_no": null, "role": "student", "gender": "M", "groups": [], "user_permissions": []}}, {"model": "Profile.profile", "pk": 207, "fields": {"password": "pbkdf2_sha256$600000$2gZKzwicaxYXHaHMvkRala$jRip6X59qeb+zqno8JkPYxOo/go0agMIK1S6B1z0/Ls=", "last_login": null, "is_superuser": false, "first_name": "", "last_name": "", "is_staff": false, "is_active": true, "date_joined": "2024-02-26T08:38:10.606Z", "name": "SOLANKI UJASH PRAHLADBHAI", "email": "solankiujash2802@gmail.com", "ph_no": null, "role": "student", "gender": "M", "groups": [], "user_permissions": []}}, {"model": "Profile.profile", "pk": 208, "fields": {"password": "", "last_login": null, "is_superuser": false, "first_name": "", "last_name": "", "is_staff": false, "is_active": false, "date_joined": "2024-02-26T08:38:10.654Z", "name": "Sondarava ketan Sanjaybhai", "email": null, "ph_no": null, "role": "student", "gender": "M", "groups": [], "user_permissions": []}}, {"model": "Profile.profile", "pk": 209, "fields": {"password": "pbkdf2_sha256$600000$ETbdAFtwafw9bEyvtVjA51$1GfEGRl+/8VJktv6mmQYWDRLswrP3jsKSK6HvUB14xU=", "last_login": null, "is_superuser": false, "first_name": "", "last_name": "", "is_staff": false, "is_active": true, "date_joined": "2024-02-26T08:38:10.700Z", "name": "Vaghela Bhavesh Gunabhai", "email": "bhaveshvaghela4545@gmail.com", "ph_no": null, "role": "student", "gender": "M", "groups": [], "user_permissions": []}}, {"model": "Profile.profile", "pk": 210, "fields": {"password": "", "last_login": null, "is_superuser": false, "first_name": "", "last_name": "", "is_staff": false, "is_active": false, "date_joined": "2024-02-26T08:38:10.746Z", "name": "TANK NIDHI GOVINDBHAI", "email": null, "ph_no": null, "role": "student", "gender": "F", "groups": [], "user_permissions": []}}, {"model": "Profile.profile", "pk": 211, "fields": {"password": "", "last_login": null, "is_superuser": false, "first_name": "", "last_name": "", "is_staff": false, "is_active": false, "date_joined": "2024-02-26T08:38:10.791Z", "name": "Raja G Jha", "email": null, "ph_no": null, "role": "student", "gender": "M", "groups": [], "user_permissions": []}}, {"model": "Profile.profile", "pk": 212, "fields": {"password": "", "last_login": null, "is_superuser": false, "first_name": "", "last_name": "", "is_staff": false, "is_active": false, "date_joined": "2024-02-26T08:38:10.837Z", "name": "Smit Vijaybhai Mehta", "email": null, "ph_no": null, "role": "student", "gender": "M", "groups": [], "user_permissions": []}}, {"model": "Profile.profile", "pk": 213, "fields": {"password": "", "last_login": null, "is_superuser": false, "first_name": "", "last_name": "", "is_staff": false, "is_active": false, "date_joined": "2024-02-26T08:38:10.884Z", "name": "Himani Akshaybhai Trivedi", "email": null, "ph_no": null, "role": "student", "gender": "F", "groups": [], "user_permissions": []}}, {"model": "Profile.profile", "pk": 214, "fields": {"password": "", "last_login": null, "is_superuser": false, "first_name": "", "last_name": "", "is_staff": false, "is_active": false, "date_joined": "2024-02-26T08:38:10.929Z", "name": "Aryan Himanshu Wala", "email": null, "ph_no": null, "role": "student", "gender": "M", "groups": [], "user_permissions": []}}, {"model": "Profile.profile", "pk": 215, "fields": {"password": "", "last_login": null, "is_superuser": false, "first_name": "", "last_name": "", "is_staff": false, "is_active": false, "date_joined": "2024-02-26T08:38:10.974Z", "name": "HAPPY RAMNIKBHAI DOBARIYA", "email": null, "ph_no": null, "role": "student", "gender": "M", "groups": [], "user_permissions": []}}, {"model": "Profile.profile", "pk": 216, "fields": {"password": "", "last_login": null, "is_superuser": false, "first_name": "", "last_name": "", "is_staff": false, "is_active": false, "date_joined": "2024-02-26T08:38:11.020Z", "name": "Divya DipakKumar Halpati", "email": null, "ph_no": null, "role": "student", "gender": "F", "groups": [], "user_permissions": []}}, {"model": "Profile.profile", "pk": 217, "fields": {"password": "", "last_login": null, "is_superuser": false, "first_name": "", "last_name": "", "is_staff": false, "is_active": false, "date_joined": "2024-02-26T08:38:11.065Z", "name": "Naliyadhara Henish Kantibhai", "email": null, "ph_no": null, "role": "student", "gender": "M", "groups": [], "user_permissions": []}}, {"model": "Profile.profile", "pk": 218, "fields": {"password": "", "last_login": null, "is_superuser": false, "first_name": "", "last_name": "", "is_staff": false, "is_active": false, "date_joined": "2024-02-26T08:38:11.113Z", "name": "Vaghasiya om Vijaykumar", "email": null, "ph_no": null, "role": "student", "gender": "M", "groups": [], "user_permissions": []}}, {"model": "Profile.profile", "pk": 219, "fields": {"password": "", "last_login": null, "is_superuser": false, "first_name": "", "last_name": "", "is_staff": false, "is_active": false, "date_joined": "2024-02-26T08:38:11.159Z", "name": "RAJPARA YASH HASMUKHBHAI", "email": null, "ph_no": null, "role": "student", "gender": "M", "groups": [], "user_permissions": []}}, {"model": "Profile.profile", "pk": 220, "fields": {"password": "", "last_login": null, "is_superuser": false, "first_name": "", "last_name": "", "is_staff": false, "is_active": false, "date_joined": "2024-02-26T08:38:11.204Z", "name": "Ninama Bhaviniben Laxmanbhai", "email": null, "ph_no": null, "role": "student", "gender": "F", "groups": [], "user_permissions": []}}, {"model": "Profile.profile", "pk": 221, "fields": {"password": "", "last_login": null, "is_superuser": false, "first_name": "", "last_name": "", "is_staff": false, "is_active": false, "date_joined": "2024-02-26T08:38:11.249Z", "name": "KRUSHI AJAYBHAI PATEL", "email": null, "ph_no": null, "role": "student", "gender": "F", "groups": [], "user_permissions": []}}, {"model": "Profile.profile", "pk": 222, "fields": {"password": "", "last_login": null, "is_superuser": false, "first_name": "", "last_name": "", "is_staff": false, "is_active": false, "date_joined": "2024-02-26T08:38:11.295Z", "name": "Nikola Payal Jagdishbhai", "email": null, "ph_no": null, "role": "student", "gender": "F", "groups": [], "user_permissions": []}}, {"model": "Profile.profile", "pk": 223, "fields": {"password": "", "last_login": null, "is_superuser": false, "first_name": "", "last_name": "", "is_staff": false, "is_active": false, "date_joined": "2024-02-26T08:38:11.343Z", "name": "Raj Dilipbhai Sorathiya", "email": null, "ph_no": null, "role": "student", "gender": "M", "groups": [], "user_permissions": []}}, {"model": "Profile.profile", "pk": 224, "fields": {"password": "", "last_login": null, "is_superuser": false, "first_name": "", "last_name": "", "is_staff": false, "is_active": false, "date_joined": "2024-02-26T08:38:11.390Z", "name": "Patel Nisha Pramodbhai", "email": null, "ph_no": null, "role": "student", "gender": "F", "groups": [], "user_permissions": []}}, {"model": "Profile.profile", "pk": 225, "fields": {"password": "", "last_login": null, "is_superuser": false, "first_name": "", "last_name": "", "is_staff": false, "is_active": false, "date_joined": "2024-02-26T08:38:11.437Z", "name": "Dev Mukundrai Solanki", "email": null, "ph_no": null, "role": "student", "gender": "M", "groups": [], "user_permissions": []}}, {"model": "Profile.profile", "pk": 226, "fields": {"password": "", "last_login": null, "is_superuser": false, "first_name": "", "last_name": "", "is_staff": false, "is_active": false, "date_joined": "2024-02-26T08:38:11.482Z", "name": "Dharmik Hasmukhbhai Jagtiya", "email": null, "ph_no": null, "role": "student", "gender": "M", "groups": [], "user_permissions": []}}, {"model": "Profile.profile", "pk": 227, "fields": {"password": "", "last_login": null, "is_superuser": false, "first_name": "", "last_name": "", "is_staff": false, "is_active": false, "date_joined": "2024-02-26T08:38:11.528Z", "name": "Sneha Ishwar Gavit", "email": null, "ph_no": null, "role": "student", "gender": "F", "groups": [], "user_permissions": []}}, {"model": "Profile.profile", "pk": 228, "fields": {"password": "", "last_login": null, "is_superuser": false, "first_name": "", "last_name": "", "is_staff": false, "is_active": false, "date_joined": "2024-02-26T08:38:11.576Z", "name": "Hrishita Ranjan Das", "email": null, "ph_no": null, "role": "student", "gender": "F", "groups": [], "user_permissions": []}}, {"model": "Profile.profile", "pk": 229, "fields": {"password": "", "last_login": null, "is_superuser": false, "first_name": "", "last_name": "", "is_staff": false, "is_active": false, "date_joined": "2024-02-26T08:38:11.625Z", "name": "DEVANG JAGDISHBHAI JALAG", "email": null, "ph_no": null, "role": "student", "gender": "M", "groups": [], "user_permissions": []}}, {"model": "Profile.profile", "pk": 230, "fields": {"password": "", "last_login": null, "is_superuser": false, "first_name": "", "last_name": "", "is_staff": false, "is_active": false, "date_joined": "2024-02-26T08:38:11.672Z", "name": "KARIYA PARTHKUMAR KAMLESHBHAI", "email": null, "ph_no": null, "role": "student", "gender": "M", "groups": [], "user_permissions": []}}, {"model": "Profile.profile", "pk": 231, "fields": {"password": "", "last_login": null, "is_superuser": false, "first_name": "", "last_name": "", "is_staff": false, "is_active": false, "date_joined": "2024-02-26T08:38:11.719Z", "name": "Shruty Razdan", "email": null, "ph_no": null, "role": "student", "gender": "F", "groups": [], "user_permissions": []}}, {"model": "Profile.profile", "pk": 232, "fields": {"password": "", "last_login": null, "is_superuser": false, "first_name": "", "last_name": "", "is_staff": false, "is_active": false, "date_joined": "2024-02-26T08:38:11.767Z", "name": "Shriya Pandit", "email": null, "ph_no": null, "role": "student", "gender": "F", "groups": [], "user_permissions": []}}, {"model": "Profile.profile", "pk": 233, "fields": {"password": "", "last_login": null, "is_superuser": false, "first_name": "", "last_name": "", "is_staff": false, "is_active": false, "date_joined": "2024-02-26T08:38:11.815Z", "name": "RIYANSHE BHAT", "email": null, "ph_no": null, "role": "student", "gender": "M", "groups": [], "user_permissions": []}}, {"model": "Profile.profile", "pk": 234, "fields": {"password": "", "last_login": null, "is_superuser": false, "first_name": "", "last_name": "", "is_staff": false, "is_active": false, "date_joined": "2024-02-26T08:38:11.861Z", "name": "MAYUR BHAT", "email": null, "ph_no": null, "role": "student", "gender": "M", "groups": [], "user_permissions": []}}, {"model": "Profile.profile", "pk": 235, "fields": {"password": "", "last_login": null, "is_superuser": false, "first_name": "", "last_name": "", "is_staff": false, "is_active": false, "date_joined": "2024-02-26T08:38:11.909Z", "name": "Aditya Dey", "email": null, "ph_no": null, "role": "student", "gender": "M", "groups": [], "user_permissions": []}}, {"model": "Profile.profile", "pk": 238, "fields": {"password": "pbkdf2_sha256$600000$ZeIXjM7kLFh9PjgIGWiY6Q$cyFuyaLG8347iPMVnf+pCLdLxl1g4GMLxFymhUbsdVc=", "last_login": null, "is_superuser": false, "first_name": "", "last_name": "", "is_staff": false, "is_active": true, "date_joined": "2024-02-28T18:39:18.185Z", "name": "Manav Shah", "email": "manav.ce.me@gmail.com", "ph_no": null, "role": "admin", "gender": "M", "groups": [], "user_permissions": []}}, {"model": "Profile.profile", "pk": 271, "fields": {"password": "", "last_login": null, "is_superuser": false, "first_name": "", "last_name": "", "is_staff": false, "is_active": false, "date_joined": "2024-02-28T18:43:49.493Z", "name": "Apoorva Sanjaykumar Mehta", "email": null, "ph_no": null, "role": "student", "gender": "M", "groups": [], "user_permissions": []}}, {"model": "Profile.profile", "pk": 272, "fields": {"password": "", "last_login": null, "is_superuser": false, "first_name": "", "last_name": "", "is_staff": false, "is_active": false, "date_joined": "2024-02-28T18:43:49.529Z", "name": "BHALIA KRISHNA DINESH", "email": null, "ph_no": null, "role": "student", "gender": "M", "groups": [], "user_permissions": []}}, {"model": "Profile.profile", "pk": 273, "fields": {"password": "", "last_login": null, "is_superuser": false, "first_name": "", "last_name": "", "is_staff": false, "is_active": false, "date_joined": "2024-02-28T18:43:49.555Z", "name": "CHAUDHARY NIMISHA BAKULBHAI", "email": null, "ph_no": null, "role": "student", "gender": "M", "groups": [], "user_permissions": []}}, {"model": "Profile.profile", "pk": 274, "fields": {"password": "", "last_login": null, "is_superuser": false, "first_name": "", "last_name": "", "is_staff": false, "is_active": false, "date_joined": "2024-02-28T18:43:49.580Z", "name": "DEVALIYA DHRUVAL JITENDRABHAI", "email": null, "ph_no": null, "role": "student", "gender": "M", "groups": [], "user_permissions": []}}, {"model": "Profile.profile", "pk": 275, "fields": {"password": "", "last_login": null, "is_superuser": false, "first_name": "", "last_name": "", "is_staff": false, "is_active": false, "date_joined": "2024-02-28T18:43:49.605Z", "name": "dhavalkumar hasmukhbhai solanki", "email": null, "ph_no": null, "role": "student", "gender": "M", "groups": [], "user_permissions": []}}, {"model": "Profile.profile", "pk": 276, "fields": {"password": "", "last_login": null, "is_superuser": false, "first_name": "", "last_name": "", "is_staff": false, "is_active": false, "date_joined": "2024-02-28T18:43:49.631Z", "name": "Gamit Kairav Rajanikant", "email": null, "ph_no": null, "role": "student", "gender": "M", "groups": [], "user_permissions": []}}, {"model": "Profile.profile", "pk": 277, "fields": {"password": "", "last_login": null, "is_superuser": false, "first_name": "", "last_name": "", "is_staff": false, "is_active": false, "date_joined": "2024-02-28T18:43:49.658Z", "name": "Gamit Karnav Rajanikant", "email": null, "ph_no": null, "role": "student", "gender": "M", "groups": [], "user_permissions": []}}, {"model": "Profile.profile", "pk": 278, "fields": {"password": "", "last_login": null, "is_superuser": false, "first_name": "", "last_name": "", "is_staff": false, "is_active": false, "date_joined": "2024-02-28T18:43:49.684Z", "name": "Khushi", "email": null, "ph_no": null, "role": "student", "gender": "M", "groups": [], "user_permissions": []}}, {"model": "Profile.profile", "pk": 279, "fields": {"password": "", "last_login": null, "is_superuser": false, "first_name": "", "last_name": "", "is_staff": false, "is_active": false, "date_joined": "2024-02-28T18:43:49.709Z", "name": "Meera Janakbhai Solgama", "email": null, "ph_no": null, "role": "student", "gender": "M", "groups": [], "user_permissions": []}}, {"model": "Profile.profile", "pk": 280, "fields": {"password": "", "last_login": null, "is_superuser": false, "first_name": "", "last_name": "", "is_staff": false, "is_active": false, "date_joined": "2024-02-28T18:43:49.733Z", "name": "PATEL MEETKUMAR RAJESHBHAI", "email": null, "ph_no": null, "role": "student", "gender": "M", "groups": [], "user_permissions": []}}, {"model": "Profile.profile", "pk": 281, "fields": {"password": "", "last_login": null, "is_superuser": false, "first_name": "", "last_name": "", "is_staff": false, "is_active": false, "date_joined": "2024-02-28T18:43:49.755Z", "name": "PATEL SUJAL ISHWARLAL", "email": null, "ph_no": null, "role": "student", "gender": "M", "groups": [], "user_permissions": []}}, {"model": "Profile.profile", "pk": 282, "fields": {"password": "", "last_login": null, "is_superuser": false, "first_name": "", "last_name": "", "is_staff": false, "is_active": false, "date_joined": "2024-02-28T18:43:49.777Z", "name": "Rathod Harsh Narendrabhai", "email": null, "ph_no": null, "role": "student", "gender": "M", "groups": [], "user_permissions": []}}, {"model": "Profile.profile", "pk": 283, "fields": {"password": "", "last_login": null, "is_superuser": false, "first_name": "", "last_name": "", "is_staff": false, "is_active": false, "date_joined": "2024-02-28T18:43:49.800Z", "name": "Samidha Saxena", "email": null, "ph_no": null, "role": "student", "gender": "M", "groups": [], "user_permissions": []}}, {"model": "Profile.profile", "pk": 284, "fields": {"password": "", "last_login": null, "is_superuser": false, "first_name": "", "last_name": "", "is_staff": false, "is_active": false, "date_joined": "2024-02-28T18:43:49.822Z", "name": "Tandel Hitixakumari Piyushbhai", "email": null, "ph_no": null, "role": "student", "gender": "M", "groups": [], "user_permissions": []}}, {"model": "Profile.profile", "pk": 285, "fields": {"password": "", "last_login": null, "is_superuser": false, "first_name": "", "last_name": "", "is_staff": false, "is_active": false, "date_joined": "2024-02-28T18:43:49.845Z", "name": "VAIDEHI ASHISHBHAI KANOJIYA", "email": null, "ph_no": null, "role": "student", "gender": "M", "groups": [], "user_permissions": []}}, {"model": "Profile.profile", "pk": 286, "fields": {"password": "", "last_login": null, "is_superuser": false, "first_name": "", "last_name": "", "is_staff": false, "is_active": false, "date_joined": "2024-02-28T18:43:49.866Z", "name": "POOJARI SUJITH SHANKAR", "email": null, "ph_no": null, "role": "student", "gender": "M", "groups": [], "user_permissions": []}}, {"model": "Profile.profile", "pk": 287, "fields": {"password": "pbkdf2_sha256$600000$wNJ0U0RwNY8FOdtNb6kc2C$cm9YFmBqjbzNhiLsAzx3CZbFJYvpRWEkHbv9+AuXjGg=", "last_login": null, "is_superuser": false, "first_name": "", "last_name": "", "is_staff": false, "is_active": true, "date_joined": "2024-02-29T16:39:22.368Z", "name": "Manav Shah", "email": "manav.aiml@gmail.com", "ph_no": "9925717005", "role": "admin", "gender": "M", "groups": [], "user_permissions": []}}, {"model": "Profile.profile", "pk": 288, "fields": {"password": "", "last_login": null, "is_superuser": false, "first_name": "", "last_name": "", "is_staff": false, "is_active": false, "date_joined": "2024-02-29T16:43:24.208Z", "name": "Aayushi Gupta", "email": null, "ph_no": null, "role": "student", "gender": null, "groups": [], "user_permissions": []}}, {"model": "Profile.profile", "pk": 289, "fields": {"password": "", "last_login": null, "is_superuser": false, "first_name": "", "last_name": "", "is_staff": false, "is_active": false, "date_joined": "2024-02-29T16:43:24.244Z", "name": "Jigarsing Natvarji Thakor ", "email": null, "ph_no": null, "role": "student", "gender": null, "groups": [], "user_permissions": []}}, {"model": "Profile.profile", "pk": 290, "fields": {"password": "", "last_login": null, "is_superuser": false, "first_name": "", "last_name": "", "is_staff": false, "is_active": false, "date_joined": "2024-02-29T16:43:24.302Z", "name": "Keraliya Karn Narottambhai", "email": null, "ph_no": null, "role": "student", "gender": null, "groups": [], "user_permissions": []}}, {"model": "Profile.profile", "pk": 291, "fields": {"password": "", "last_login": null, "is_superuser": false, "first_name": "", "last_name": "", "is_staff": false, "is_active": false, "date_joined": "2024-02-29T16:43:24.332Z", "name": "George Justin Saj", "email": null, "ph_no": null, "role": "student", "gender": null, "groups": [], "user_permissions": []}}, {"model": "Profile.profile", "pk": 292, "fields": {"password": "", "last_login": null, "is_superuser": false, "first_name": "", "last_name": "", "is_staff": false, "is_active": false, "date_joined": "2024-02-29T16:43:24.386Z", "name": "Christian Jabarson Arulraj Patraj ", "email": null, "ph_no": null, "role": "student", "gender": null, "groups": [], "user_permissions": []}}, {"model": "Profile.profile", "pk": 293, "fields": {"password": "", "last_login": null, "is_superuser": false, "first_name": "", "last_name": "", "is_staff": false, "is_active": false, "date_joined": "2024-02-29T16:43:24.420Z", "name": "Pipaliya Parth Bhupatbhai", "email": null, "ph_no": null, "role": "student", "gender": null, "groups": [], "user_permissions": []}}, {"model": "Profile.profile", "pk": 294, "fields": {"password": "", "last_login": null, "is_superuser": false, "first_name": "", "last_name": "", "is_staff": false, "is_active": false, "date_joined": "2024-02-29T16:43:24.450Z", "name": "Vaddoriya Yashkumar Hareshkumar ", "email": null, "ph_no": null, "role": "student", "gender": null, "groups": [], "user_permissions": []}}, {"model": "Profile.profile", "pk": 295, "fields": {"password": "", "last_login": null, "is_superuser": false, "first_name": "", "last_name": "", "is_staff": false, "is_active": false, "date_joined": "2024-02-29T16:43:24.483Z", "name": "Panchal Rudra Kamleshkumar", "email": null, "ph_no": null, "role": "student", "gender": null, "groups": [], "user_permissions": []}}, {"model": "Profile.profile", "pk": 296, "fields": {"password": "", "last_login": null, "is_superuser": false, "first_name": "", "last_name": "", "is_staff": false, "is_active": false, "date_joined": "2024-02-29T16:43:24.514Z", "name": "Dedaniya Yashkumar Pareshkumar", "email": null, "ph_no": null, "role": "student", "gender": null, "groups": [], "user_permissions": []}}, {"model": "Profile.profile", "pk": 297, "fields": {"password": "", "last_login": null, "is_superuser": false, "first_name": "", "last_name": "", "is_staff": false, "is_active": false, "date_joined": "2024-02-29T16:43:24.544Z", "name": "Patel Urmik Jitendra", "email": null, "ph_no": null, "role": "student", "gender": null, "groups": [], "user_permissions": []}}, {"model": "Profile.profile", "pk": 298, "fields": {"password": "", "last_login": null, "is_superuser": false, "first_name": "", "last_name": "", "is_staff": false, "is_active": false, "date_joined": "2024-02-29T16:43:24.575Z", "name": "Ujas Tulshibhai Lathiya", "email": null, "ph_no": null, "role": "student", "gender": null, "groups": [], "user_permissions": []}}, {"model": "Profile.profile", "pk": 299, "fields": {"password": "", "last_login": null, "is_superuser": false, "first_name": "", "last_name": "", "is_staff": false, "is_active": false, "date_joined": "2024-02-29T16:43:24.608Z", "name": "Patel Deep Nimeshbhai", "email": null, "ph_no": null, "role": "student", "gender": null, "groups": [], "user_permissions": []}}, {"model": "Profile.profile", "pk": 300, "fields": {"password": "", "last_login": null, "is_superuser": false, "first_name": "", "last_name": "", "is_staff": false, "is_active": false, "date_joined": "2024-02-29T16:43:24.639Z", "name": "Jha Kunjbihari Vinodanand", "email": null, "ph_no": null, "role": "student", "gender": null, "groups": [], "user_permissions": []}}, {"model": "Profile.profile", "pk": 301, "fields": {"password": "", "last_login": null, "is_superuser": false, "first_name": "", "last_name": "", "is_staff": false, "is_active": false, "date_joined": "2024-02-29T16:43:24.670Z", "name": "Patel Divyakumar Bharatbhai", "email": null, "ph_no": null, "role": "student", "gender": null, "groups": [], "user_permissions": []}}, {"model": "Profile.profile", "pk": 302, "fields": {"password": "", "last_login": null, "is_superuser": false, "first_name": "", "last_name": "", "is_staff": false, "is_active": false, "date_joined": "2024-02-29T16:43:24.724Z", "name": "Kunj Patel", "email": null, "ph_no": null, "role": "student", "gender": null, "groups": [], "user_permissions": []}}, {"model": "Profile.profile", "pk": 303, "fields": {"password": "", "last_login": null, "is_superuser": false, "first_name": "", "last_name": "", "is_staff": false, "is_active": false, "date_joined": "2024-02-29T16:43:24.777Z", "name": "Jethava Bhargavi Ashokbhai ", "email": null, "ph_no": null, "role": "student", "gender": null, "groups": [], "user_permissions": []}}, {"model": "Profile.profile", "pk": 304, "fields": {"password": "", "last_login": null, "is_superuser": false, "first_name": "", "last_name": "", "is_staff": false, "is_active": false, "date_joined": "2024-02-29T16:43:34.662Z", "name": "Prajapati Jay Maheshkumar ", "email": null, "ph_no": null, "role": "student", "gender": null, "groups": [], "user_permissions": []}}, {"model": "Profile.profile", "pk": 305, "fields": {"password": "", "last_login": null, "is_superuser": false, "first_name": "", "last_name": "", "is_staff": false, "is_active": false, "date_joined": "2024-02-29T16:43:34.711Z", "name": "Lunagariya Disha Kishorbhai", "email": null, "ph_no": null, "role": "student", "gender": null, "groups": [], "user_permissions": []}}, {"model": "Profile.profile", "pk": 306, "fields": {"password": "", "last_login": null, "is_superuser": false, "first_name": "", "last_name": "", "is_staff": false, "is_active": false, "date_joined": "2024-02-29T16:43:34.743Z", "name": "Gajera Henil Rajeshbhai ", "email": null, "ph_no": null, "role": "student", "gender": null, "groups": [], "user_permissions": []}}, {"model": "Profile.profile", "pk": 307, "fields": {"password": "", "last_login": null, "is_superuser": false, "first_name": "", "last_name": "", "is_staff": false, "is_active": false, "date_joined": "2024-02-29T16:43:34.774Z", "name": "Gohil Sanket Pravinbhai ", "email": null, "ph_no": null, "role": "student", "gender": null, "groups": [], "user_permissions": []}}, {"model": "Profile.profile", "pk": 308, "fields": {"password": "", "last_login": null, "is_superuser": false, "first_name": "", "last_name": "", "is_staff": false, "is_active": false, "date_joined": "2024-02-29T16:43:34.805Z", "name": "Patel Chiragbhai Sunilbhai", "email": null, "ph_no": null, "role": "student", "gender": null, "groups": [], "user_permissions": []}}, {"model": "Profile.profile", "pk": 309, "fields": {"password": "", "last_login": null, "is_superuser": false, "first_name": "", "last_name": "", "is_staff": false, "is_active": false, "date_joined": "2024-02-29T16:43:34.856Z", "name": "Sheta Manan Janakbhai ", "email": null, "ph_no": null, "role": "student", "gender": null, "groups": [], "user_permissions": []}}, {"model": "Profile.profile", "pk": 310, "fields": {"password": "", "last_login": null, "is_superuser": false, "first_name": "", "last_name": "", "is_staff": false, "is_active": false, "date_joined": "2024-02-29T16:43:34.885Z", "name": "Chikhaliya Himanshu Kailashbhai", "email": null, "ph_no": null, "role": "student", "gender": null, "groups": [], "user_permissions": []}}, {"model": "Profile.profile", "pk": 311, "fields": {"password": "", "last_login": null, "is_superuser": false, "first_name": "", "last_name": "", "is_staff": false, "is_active": false, "date_joined": "2024-02-29T16:43:34.943Z", "name": "Desai Dhanvi Vikal", "email": null, "ph_no": null, "role": "student", "gender": null, "groups": [], "user_permissions": []}}, {"model": "Profile.profile", "pk": 312, "fields": {"password": "", "last_login": null, "is_superuser": false, "first_name": "", "last_name": "", "is_staff": false, "is_active": false, "date_joined": "2024-02-29T16:43:34.971Z", "name": "Soni Sanjay Pannalal", "email": null, "ph_no": null, "role": "student", "gender": null, "groups": [], "user_permissions": []}}, {"model": "Profile.profile", "pk": 313, "fields": {"password": "", "last_login": null, "is_superuser": false, "first_name": "", "last_name": "", "is_staff": false, "is_active": false, "date_joined": "2024-02-29T16:43:35Z", "name": "Oza Kartik Nikhil", "email": null, "ph_no": null, "role": "student", "gender": null, "groups": [], "user_permissions": []}}, {"model": "Profile.profile", "pk": 314, "fields": {"password": "", "last_login": null, "is_superuser": false, "first_name": "", "last_name": "", "is_staff": false, "is_active": false, "date_joined": "2024-02-29T16:43:35.030Z", "name": "Patel Pranav Narendrabhai", "email": null, "ph_no": null, "role": "student", "gender": null, "groups": [], "user_permissions": []}}, {"model": "Profile.profile", "pk": 315, "fields": {"password": "", "last_login": null, "is_superuser": false, "first_name": "", "last_name": "", "is_staff": false, "is_active": false, "date_joined": "2024-02-29T16:43:35.058Z", "name": "Bambhroliya Harshil Kanakbhai ", "email": null, "ph_no": null, "role": "student", "gender": null, "groups": [], "user_permissions": []}}, {"model": "Profile.profile", "pk": 316, "fields": {"password": "", "last_login": null, "is_superuser": false, "first_name": "", "last_name": "", "is_staff": false, "is_active": false, "date_joined": "2024-02-29T16:43:35.087Z", "name": "Dhiraj Sunil Patil ", "email": null, "ph_no": null, "role": "student", "gender": null, "groups": [], "user_permissions": []}}, {"model": "Profile.profile", "pk": 317, "fields": {"password": "", "last_login": null, "is_superuser": false, "first_name": "", "last_name": "", "is_staff": false, "is_active": false, "date_joined": "2024-02-29T16:43:35.115Z", "name": "Patel Pooja Nileshkumar", "email": null, "ph_no": null, "role": "student", "gender": null, "groups": [], "user_permissions": []}}, {"model": "Profile.profile", "pk": 318, "fields": {"password": "", "last_login": null, "is_superuser": false, "first_name": "", "last_name": "", "is_staff": false, "is_active": false, "date_joined": "2024-02-29T16:43:35.148Z", "name": "Asodariya Sujal Kamleshbhai", "email": null, "ph_no": null, "role": "student", "gender": null, "groups": [], "user_permissions": []}}, {"model": "Profile.profile", "pk": 319, "fields": {"password": "", "last_login": null, "is_superuser": false, "first_name": "", "last_name": "", "is_staff": false, "is_active": false, "date_joined": "2024-02-29T16:43:35.176Z", "name": "Pratihast Dwarkesh Lalit", "email": null, "ph_no": null, "role": "student", "gender": null, "groups": [], "user_permissions": []}}, {"model": "Profile.profile", "pk": 320, "fields": {"password": "", "last_login": null, "is_superuser": false, "first_name": "", "last_name": "", "is_staff": false, "is_active": false, "date_joined": "2024-02-29T16:43:35.203Z", "name": "Yadav Sandeep Rakesh", "email": null, "ph_no": null, "role": "student", "gender": null, "groups": [], "user_permissions": []}}, {"model": "Profile.profile", "pk": 321, "fields": {"password": "", "last_login": null, "is_superuser": false, "first_name": "", "last_name": "", "is_staff": false, "is_active": false, "date_joined": "2024-02-29T16:43:44.737Z", "name": "Sethi Vedik Rajeev", "email": null, "ph_no": null, "role": "student", "gender": null, "groups": [], "user_permissions": []}}, {"model": "Profile.profile", "pk": 322, "fields": {"password": "", "last_login": null, "is_superuser": false, "first_name": "", "last_name": "", "is_staff": false, "is_active": false, "date_joined": "2024-02-29T16:43:44.780Z", "name": "Shah Jinay Premal", "email": null, "ph_no": null, "role": "student", "gender": null, "groups": [], "user_permissions": []}}, {"model": "Profile.profile", "pk": 323, "fields": {"password": "", "last_login": null, "is_superuser": false, "first_name": "", "last_name": "", "is_staff": false, "is_active": false, "date_joined": "2024-02-29T16:43:44.813Z", "name": "Harsora Deep Ketanbhai", "email": null, "ph_no": null, "role": "student", "gender": null, "groups": [], "user_permissions": []}}, {"model": "Profile.profile", "pk": 324, "fields": {"password": "", "last_login": null, "is_superuser": false, "first_name": "", "last_name": "", "is_staff": false, "is_active": false, "date_joined": "2024-02-29T16:43:44.844Z", "name": "Singh Dhruv Narendra ", "email": null, "ph_no": null, "role": "student", "gender": null, "groups": [], "user_permissions": []}}, {"model": "Profile.profile", "pk": 325, "fields": {"password": "", "last_login": null, "is_superuser": false, "first_name": "", "last_name": "", "is_staff": false, "is_active": false, "date_joined": "2024-02-29T16:43:44.880Z", "name": "Chavda Yash Ajaybhai", "email": null, "ph_no": null, "role": "student", "gender": null, "groups": [], "user_permissions": []}}, {"model": "Profile.profile", "pk": 326, "fields": {"password": "", "last_login": null, "is_superuser": false, "first_name": "", "last_name": "", "is_staff": false, "is_active": false, "date_joined": "2024-02-29T16:43:44.920Z", "name": "Buch  Dipen  Jwalant ", "email": null, "ph_no": null, "role": "student", "gender": null, "groups": [], "user_permissions": []}}, {"model": "Profile.profile", "pk": 327, "fields": {"password": "", "last_login": null, "is_superuser": false, "first_name": "", "last_name": "", "is_staff": false, "is_active": false, "date_joined": "2024-02-29T16:43:44.951Z", "name": "Panchal Dhruv Ketanbhai", "email": null, "ph_no": null, "role": "student", "gender": null, "groups": [], "user_permissions": []}}, {"model": "Profile.profile", "pk": 328, "fields": {"password": "", "last_login": null, "is_superuser": false, "first_name": "", "last_name": "", "is_staff": false, "is_active": false, "date_joined": "2024-02-29T16:43:44.982Z", "name": "Kashish Shrimali", "email": null, "ph_no": null, "role": "student", "gender": null, "groups": [], "user_permissions": []}}, {"model": "Profile.profile", "pk": 329, "fields": {"password": "", "last_login": null, "is_superuser": false, "first_name": "", "last_name": "", "is_staff": false, "is_active": false, "date_joined": "2024-02-29T16:43:45.012Z", "name": "Yuval Dilipbhai Barvaliya", "email": null, "ph_no": null, "role": "student", "gender": null, "groups": [], "user_permissions": []}}, {"model": "Profile.profile", "pk": 330, "fields": {"password": "", "last_login": null, "is_superuser": false, "first_name": "", "last_name": "", "is_staff": false, "is_active": false, "date_joined": "2024-02-29T16:43:45.039Z", "name": "Patel Muhammed Ilyas", "email": null, "ph_no": null, "role": "student", "gender": null, "groups": [], "user_permissions": []}}, {"model": "Profile.profile", "pk": 331, "fields": {"password": "", "last_login": null, "is_superuser": false, "first_name": "", "last_name": "", "is_staff": false, "is_active": false, "date_joined": "2024-02-29T16:43:45.069Z", "name": "Ghelani Kenil Dineshbhai", "email": null, "ph_no": null, "role": "student", "gender": null, "groups": [], "user_permissions": []}}, {"model": "Profile.profile", "pk": 332, "fields": {"password": "", "last_login": null, "is_superuser": false, "first_name": "", "last_name": "", "is_staff": false, "is_active": false, "date_joined": "2024-02-29T16:43:45.100Z", "name": "Doshi Siddharthkumar Chiragkumar ", "email": null, "ph_no": null, "role": "student", "gender": null, "groups": [], "user_permissions": []}}, {"model": "Profile.profile", "pk": 333, "fields": {"password": "", "last_login": null, "is_superuser": false, "first_name": "", "last_name": "", "is_staff": false, "is_active": false, "date_joined": "2024-02-29T16:43:45.134Z", "name": "Patel Harsh Govindbhai", "email": null, "ph_no": null, "role": "student", "gender": null, "groups": [], "user_permissions": []}}, {"model": "Profile.profile", "pk": 334, "fields": {"password": "", "last_login": null, "is_superuser": false, "first_name": "", "last_name": "", "is_staff": false, "is_active": false, "date_joined": "2024-02-29T16:43:45.164Z", "name": "Chokshi Krisha Digantkumar", "email": null, "ph_no": null, "role": "student", "gender": null, "groups": [], "user_permissions": []}}, {"model": "Profile.profile", "pk": 335, "fields": {"password": "", "last_login": null, "is_superuser": false, "first_name": "", "last_name": "", "is_staff": false, "is_active": false, "date_joined": "2024-02-29T16:43:45.193Z", "name": "Radadiya Krish Rameshbhai", "email": null, "ph_no": null, "role": "student", "gender": null, "groups": [], "user_permissions": []}}, {"model": "Profile.profile", "pk": 336, "fields": {"password": "", "last_login": null, "is_superuser": false, "first_name": "", "last_name": "", "is_staff": false, "is_active": false, "date_joined": "2024-02-29T16:43:45.222Z", "name": "Patel Vraj Chetanbhai", "email": null, "ph_no": null, "role": "student", "gender": null, "groups": [], "user_permissions": []}}, {"model": "Profile.profile", "pk": 337, "fields": {"password": "", "last_login": null, "is_superuser": false, "first_name": "", "last_name": "", "is_staff": false, "is_active": false, "date_joined": "2024-02-29T16:43:45.251Z", "name": "Contractor Hastikumari Shaileshkumar", "email": null, "ph_no": null, "role": "student", "gender": null, "groups": [], "user_permissions": []}}, {"model": "Profile.profile", "pk": 338, "fields": {"password": "", "last_login": null, "is_superuser": false, "first_name": "", "last_name": "", "is_staff": false, "is_active": false, "date_joined": "2024-02-29T16:43:45.280Z", "name": "Parikh Hem Bhaveshbhai", "email": null, "ph_no": null, "role": "student", "gender": null, "groups": [], "user_permissions": []}}, {"model": "Profile.profile", "pk": 339, "fields": {"password": "", "last_login": null, "is_superuser": false, "first_name": "", "last_name": "", "is_staff": false, "is_active": false, "date_joined": "2024-02-29T16:43:45.307Z", "name": "Dev Kumar Nayak", "email": null, "ph_no": null, "role": "student", "gender": null, "groups": [], "user_permissions": []}}, {"model": "Profile.profile", "pk": 340, "fields": {"password": "", "last_login": null, "is_superuser": false, "first_name": "", "last_name": "", "is_staff": false, "is_active": false, "date_joined": "2024-02-29T16:43:45.340Z", "name": "Shah Zeel Apurva", "email": null, "ph_no": null, "role": "student", "gender": null, "groups": [], "user_permissions": []}}, {"model": "Profile.profile", "pk": 341, "fields": {"password": "pbkdf2_sha256$600000$seDJPF4E7PQsTpOFw79Zk5$OHYdG/HQ4ttMiTx0+/JX3y6TlXNPu5oVIo8KZjJoJYI=", "last_login": null, "is_superuser": false, "first_name": "", "last_name": "", "is_staff": false, "is_active": true, "date_joined": "2024-03-01T14:18:45.591Z", "name": "Manav Shah", "email": "manav.test@gmail.com", "ph_no": "9925717005", "role": "admin", "gender": "M", "groups": [], "user_permissions": []}}, {"model": "Profile.profile", "pk": 344, "fields": {"password": "pbkdf2_sha256$600000$II98nfzNunnwUYI05637J0$ZGp77hPjDoe8Nkxl1Tasj5FO/2HnCpZvKCnHwump50A=", "last_login": null, "is_superuser": false, "first_name": "", "last_name": "", "is_staff": false, "is_active": true, "date_joined": "2024-03-04T03:40:22.364Z", "name": "Dr. CHANDULAL VITHALANI", "email": "chvithalani@ldce.ac.in", "ph_no": null, "role": "teacher", "gender": "M", "groups": [], "user_permissions": []}}, {"model": "Profile.profile", "pk": 345, "fields": {"password": "pbkdf2_sha256$600000$sLViCCPRAOIXiXHlgNsIus$VLiukv6jhjUxXZLEkz9yQ+76qR+Ug8Dl0oWG8JklBHU=", "last_login": null, "is_superuser": false, "first_name": "", "last_name": "", "is_staff": false, "is_active": true, "date_joined": "2024-03-04T17:11:39.392Z", "name": "Manav Shah", "email": "manav.teacher.test@gmail.com", "ph_no": "9925717005", "role": "teacher", "gender": "M", "groups": [], "user_permissions": []}}, {"model": "StakeHolders.admin", "pk": 1, "fields": {"profile": 1, "slug": "144105_1708928442"}}, {"model": "StakeHolders.admin", "pk": 2, "fields": {"profile": 168, "slug": "723617_1708935862"}}, {"model": "StakeHolders.admin", "pk": 3, "fields": {"profile": 238, "slug": "302212_1709145561"}}, {"model": "StakeHolders.admin", "pk": 4, "fields": {"profile": 287, "slug": "212882_1709224764"}}, {"model": "StakeHolders.admin", "pk": 5, "fields": {"profile": 341, "slug": "453929_1709302728"}}, {"model": "StakeHolders.teacher", "pk": 8, "fields": {"profile": 344, "slug": "319400_1709523622"}}, {"model": "StakeHolders.teacher", "pk": 9, "fields": {"profile": 345, "slug": "230106_1709572302"}}, {"model": "StakeHolders.student", "pk": 1, "fields": {"profile": 5, "enrollment": "220280111002", "slug": "210447_1708935356", "sr_no": 411001}}, {"model": "StakeHolders.student", "pk": 2, "fields": {"profile": 6, "enrollment": "220280111005", "slug": "121019_1708935356", "sr_no": 411002}}, {"model": "StakeHolders.student", "pk": 3, "fields": {"profile": 7, "enrollment": "220280111008", "slug": "156364_1708935356", "sr_no": 411003}}, {"model": "StakeHolders.student", "pk": 4, "fields": {"profile": 8, "enrollment": "220280111009", "slug": "108406_1708935356", "sr_no": 411004}}, {"model": "StakeHolders.student", "pk": 5, "fields": {"profile": 9, "enrollment": "220280111010", "slug": "449443_1708935356", "sr_no": 411005}}, {"model": "StakeHolders.student", "pk": 6, "fields": {"profile": 10, "enrollment": "220280111012", "slug": "108700_1708935356", "sr_no": 411006}}, {"model": "StakeHolders.student", "pk": 7, "fields": {"profile": 11, "enrollment": "220280111013", "slug": "240700_1708935356", "sr_no": 411007}}, {"model": "StakeHolders.student", "pk": 8, "fields": {"profile": 12, "enrollment": "220280111014", "slug": "363609_1708935356", "sr_no": 411008}}, {"model": "StakeHolders.student", "pk": 9, "fields": {"profile": 13, "enrollment": "220280111015", "slug": "108949_1708935356", "sr_no": 411009}}, {"model": "StakeHolders.student", "pk": 10, "fields": {"profile": 14, "enrollment": "220280111016", "slug": "254305_1708935356", "sr_no": 411010}}, {"model": "StakeHolders.student", "pk": 11, "fields": {"profile": 15, "enrollment": "220280111017", "slug": "192569_1708935356", "sr_no": 411011}}, {"model": "StakeHolders.student", "pk": 12, "fields": {"profile": 16, "enrollment": "220280111018", "slug": "888502_1708935356", "sr_no": 411012}}, {"model": "StakeHolders.student", "pk": 13, "fields": {"profile": 17, "enrollment": "220280111019", "slug": "327689_1708935356", "sr_no": 411013}}, {"model": "StakeHolders.student", "pk": 14, "fields": {"profile": 18, "enrollment": "220280111020", "slug": "145743_1708935356", "sr_no": 411014}}, {"model": "StakeHolders.student", "pk": 15, "fields": {"profile": 19, "enrollment": "220280111021", "slug": "297996_1708935357", "sr_no": 411015}}, {"model": "StakeHolders.student", "pk": 16, "fields": {"profile": 20, "enrollment": "220280111022", "slug": "122056_1708935357", "sr_no": 411016}}, {"model": "StakeHolders.student", "pk": 17, "fields": {"profile": 21, "enrollment": "220280111023", "slug": "102165_1708935357", "sr_no": 411017}}, {"model": "StakeHolders.student", "pk": 18, "fields": {"profile": 22, "enrollment": "220280111026", "slug": "231127_1708935357", "sr_no": 411018}}, {"model": "StakeHolders.student", "pk": 19, "fields": {"profile": 23, "enrollment": "220280111028", "slug": "334405_1708935357", "sr_no": 411019}}, {"model": "StakeHolders.student", "pk": 20, "fields": {"profile": 24, "enrollment": "220280111029", "slug": "223665_1708935357", "sr_no": 411020}}, {"model": "StakeHolders.student", "pk": 21, "fields": {"profile": 25, "enrollment": "220280111030", "slug": "564765_1708935357", "sr_no": 411021}}, {"model": "StakeHolders.student", "pk": 22, "fields": {"profile": 26, "enrollment": "220280111031", "slug": "358816_1708935357", "sr_no": 411022}}, {"model": "StakeHolders.student", "pk": 23, "fields": {"profile": 27, "enrollment": "220280111034", "slug": "604529_1708935357", "sr_no": 411023}}, {"model": "StakeHolders.student", "pk": 24, "fields": {"profile": 28, "enrollment": "220280111037", "slug": "169846_1708935357", "sr_no": 411024}}, {"model": "StakeHolders.student", "pk": 25, "fields": {"profile": 29, "enrollment": "220280111039", "slug": "369077_1708935357", "sr_no": 411025}}, {"model": "StakeHolders.student", "pk": 26, "fields": {"profile": 30, "enrollment": "220280111040", "slug": "226889_1708935357", "sr_no": 411026}}, {"model": "StakeHolders.student", "pk": 27, "fields": {"profile": 31, "enrollment": "220280111041", "slug": "801190_1708935357", "sr_no": 411027}}, {"model": "StakeHolders.student", "pk": 28, "fields": {"profile": 32, "enrollment": "220280111042", "slug": "639232_1708935357", "sr_no": 411028}}, {"model": "StakeHolders.student", "pk": 29, "fields": {"profile": 33, "enrollment": "220280111043", "slug": "212244_1708935357", "sr_no": 411029}}, {"model": "StakeHolders.student", "pk": 30, "fields": {"profile": 34, "enrollment": "220280111046", "slug": "157643_1708935357", "sr_no": 411030}}, {"model": "StakeHolders.student", "pk": 31, "fields": {"profile": 35, "enrollment": "220280111047", "slug": "124788_1708935357", "sr_no": 411031}}, {"model": "StakeHolders.student", "pk": 32, "fields": {"profile": 36, "enrollment": "220280111049", "slug": "537515_1708935357", "sr_no": 411032}}, {"model": "StakeHolders.student", "pk": 33, "fields": {"profile": 37, "enrollment": "220280111050", "slug": "317429_1708935357", "sr_no": 411033}}, {"model": "StakeHolders.student", "pk": 34, "fields": {"profile": 38, "enrollment": "220280111051", "slug": "316325_1708935357", "sr_no": 411034}}, {"model": "StakeHolders.student", "pk": 35, "fields": {"profile": 39, "enrollment": "220280111053", "slug": "857970_1708935357", "sr_no": 411035}}, {"model": "StakeHolders.student", "pk": 36, "fields": {"profile": 40, "enrollment": "220280111054", "slug": "151294_1708935358", "sr_no": 411036}}, {"model": "StakeHolders.student", "pk": 37, "fields": {"profile": 41, "enrollment": "220280111055", "slug": "320953_1708935358", "sr_no": 411037}}, {"model": "StakeHolders.student", "pk": 38, "fields": {"profile": 42, "enrollment": "220280111056", "slug": "212059_1708935358", "sr_no": 411038}}, {"model": "StakeHolders.student", "pk": 39, "fields": {"profile": 43, "enrollment": "220280111057", "slug": "135482_1708935358", "sr_no": 411039}}, {"model": "StakeHolders.student", "pk": 40, "fields": {"profile": 44, "enrollment": "220280111058", "slug": "334163_1708935358", "sr_no": 411040}}, {"model": "StakeHolders.student", "pk": 41, "fields": {"profile": 45, "enrollment": "220280111061", "slug": "671738_1708935358", "sr_no": 411041}}, {"model": "StakeHolders.student", "pk": 42, "fields": {"profile": 46, "enrollment": "220280111063", "slug": "113683_1708935358", "sr_no": 411042}}, {"model": "StakeHolders.student", "pk": 43, "fields": {"profile": 47, "enrollment": "220280111064", "slug": "304117_1708935358", "sr_no": 411043}}, {"model": "StakeHolders.student", "pk": 44, "fields": {"profile": 48, "enrollment": "220280111065", "slug": "107982_1708935358", "sr_no": 411044}}, {"model": "StakeHolders.student", "pk": 45, "fields": {"profile": 49, "enrollment": "220280111066", "slug": "717387_1708935358", "sr_no": 411045}}, {"model": "StakeHolders.student", "pk": 46, "fields": {"profile": 50, "enrollment": "220280111067", "slug": "289721_1708935358", "sr_no": 411046}}, {"model": "StakeHolders.student", "pk": 47, "fields": {"profile": 51, "enrollment": "220280111068", "slug": "317815_1708935358", "sr_no": 411047}}, {"model": "StakeHolders.student", "pk": 48, "fields": {"profile": 52, "enrollment": "220280111069", "slug": "122957_1708935358", "sr_no": 411048}}, {"model": "StakeHolders.student", "pk": 49, "fields": {"profile": 53, "enrollment": "220280111070", "slug": "696547_1708935358", "sr_no": 411049}}, {"model": "StakeHolders.student", "pk": 50, "fields": {"profile": 54, "enrollment": "220280111071", "slug": "108905_1708935358", "sr_no": 411050}}, {"model": "StakeHolders.student", "pk": 51, "fields": {"profile": 55, "enrollment": "220280111072", "slug": "367742_1708935358", "sr_no": 411051}}, {"model": "StakeHolders.student", "pk": 52, "fields": {"profile": 56, "enrollment": "220280111073", "slug": "305764_1708935358", "sr_no": 411052}}, {"model": "StakeHolders.student", "pk": 53, "fields": {"profile": 57, "enrollment": "220280111075", "slug": "334167_1708935358", "sr_no": 411053}}, {"model": "StakeHolders.student", "pk": 54, "fields": {"profile": 58, "enrollment": "220280111076", "slug": "187108_1708935358", "sr_no": 411054}}, {"model": "StakeHolders.student", "pk": 55, "fields": {"profile": 59, "enrollment": "220280111079", "slug": "293034_1708935358", "sr_no": 411055}}, {"model": "StakeHolders.student", "pk": 56, "fields": {"profile": 60, "enrollment": "220280111080", "slug": "206345_1708935358", "sr_no": 411056}}, {"model": "StakeHolders.student", "pk": 57, "fields": {"profile": 61, "enrollment": "220280111081", "slug": "270836_1708935359", "sr_no": 411057}}, {"model": "StakeHolders.student", "pk": 58, "fields": {"profile": 62, "enrollment": "230283111001", "slug": "107558_1708935359", "sr_no": 411058}}, {"model": "StakeHolders.student", "pk": 59, "fields": {"profile": 63, "enrollment": "230283111002", "slug": "192083_1708935359", "sr_no": 411059}}, {"model": "StakeHolders.student", "pk": 60, "fields": {"profile": 64, "enrollment": "230283111003", "slug": "283937_1708935359", "sr_no": 411060}}, {"model": "StakeHolders.student", "pk": 61, "fields": {"profile": 65, "enrollment": "230283111004", "slug": "142983_1708935359", "sr_no": 411061}}, {"model": "StakeHolders.student", "pk": 62, "fields": {"profile": 66, "enrollment": "230283111005", "slug": "558262_1708935359", "sr_no": 411062}}, {"model": "StakeHolders.student", "pk": 63, "fields": {"profile": 67, "enrollment": "230283111006", "slug": "223814_1708935359", "sr_no": 411063}}, {"model": "StakeHolders.student", "pk": 64, "fields": {"profile": 68, "enrollment": "230283111007", "slug": "126173_1708935359", "sr_no": 411064}}, {"model": "StakeHolders.student", "pk": 65, "fields": {"profile": 69, "enrollment": "230283111008", "slug": "136126_1708935359", "sr_no": 411065}}, {"model": "StakeHolders.student", "pk": 66, "fields": {"profile": 70, "enrollment": "230283111009", "slug": "141719_1708935359", "sr_no": 411066}}, {"model": "StakeHolders.student", "pk": 67, "fields": {"profile": 71, "enrollment": "230283111010", "slug": "143669_1708935359", "sr_no": 411067}}, {"model": "StakeHolders.student", "pk": 68, "fields": {"profile": 72, "enrollment": "230283111011", "slug": "156145_1708935359", "sr_no": 411068}}, {"model": "StakeHolders.student", "pk": 69, "fields": {"profile": 73, "enrollment": "230283111012", "slug": "664525_1708935359", "sr_no": 411069}}, {"model": "StakeHolders.student", "pk": 70, "fields": {"profile": 74, "enrollment": "230283111013", "slug": "236254_1708935359", "sr_no": 411070}}, {"model": "StakeHolders.student", "pk": 71, "fields": {"profile": 75, "enrollment": "230283111014", "slug": "265875_1708935359", "sr_no": 411071}}, {"model": "StakeHolders.student", "pk": 72, "fields": {"profile": 76, "enrollment": "230283111015", "slug": "268302_1708935359", "sr_no": 411072}}, {"model": "StakeHolders.student", "pk": 73, "fields": {"profile": 77, "enrollment": "230283111016", "slug": "135520_1708935359", "sr_no": 411073}}, {"model": "StakeHolders.student", "pk": 74, "fields": {"profile": 78, "enrollment": "230283111017", "slug": "154619_1708935359", "sr_no": 411074}}, {"model": "StakeHolders.student", "pk": 75, "fields": {"profile": 79, "enrollment": "230283111018", "slug": "719276_1708935359", "sr_no": 411075}}, {"model": "StakeHolders.student", "pk": 76, "fields": {"profile": 80, "enrollment": "230283111019", "slug": "698585_1708935359", "sr_no": 411076}}, {"model": "StakeHolders.student", "pk": 77, "fields": {"profile": 81, "enrollment": "230283111020", "slug": "155318_1708935359", "sr_no": 411077}}, {"model": "StakeHolders.student", "pk": 78, "fields": {"profile": 82, "enrollment": "230283111022", "slug": "426889_1708935360", "sr_no": 411078}}, {"model": "StakeHolders.student", "pk": 79, "fields": {"profile": 83, "enrollment": "230283111023", "slug": "831492_1708935360", "sr_no": 411079}}, {"model": "StakeHolders.student", "pk": 80, "fields": {"profile": 84, "enrollment": "230283111024", "slug": "250452_1708935360", "sr_no": 411080}}, {"model": "StakeHolders.student", "pk": 81, "fields": {"profile": 85, "enrollment": "230283111025", "slug": "224417_1708935360", "sr_no": 411081}}, {"model": "StakeHolders.student", "pk": 82, "fields": {"profile": 86, "enrollment": "220280111083", "slug": "226237_1708935415", "sr_no": 411082}}, {"model": "StakeHolders.student", "pk": 83, "fields": {"profile": 87, "enrollment": "220280111085", "slug": "127651_1708935415", "sr_no": 411083}}, {"model": "StakeHolders.student", "pk": 84, "fields": {"profile": 88, "enrollment": "220280111086", "slug": "183406_1708935415", "sr_no": 411084}}, {"model": "StakeHolders.student", "pk": 85, "fields": {"profile": 89, "enrollment": "220280111087", "slug": "316336_1708935416", "sr_no": 411085}}, {"model": "StakeHolders.student", "pk": 86, "fields": {"profile": 90, "enrollment": "220280111088", "slug": "124462_1708935416", "sr_no": 411086}}, {"model": "StakeHolders.student", "pk": 87, "fields": {"profile": 91, "enrollment": "220280111089", "slug": "762481_1708935416", "sr_no": 411087}}, {"model": "StakeHolders.student", "pk": 88, "fields": {"profile": 92, "enrollment": "220280111090", "slug": "994936_1708935416", "sr_no": 411088}}, {"model": "StakeHolders.student", "pk": 89, "fields": {"profile": 93, "enrollment": "220280111091", "slug": "150282_1708935416", "sr_no": 411089}}, {"model": "StakeHolders.student", "pk": 90, "fields": {"profile": 94, "enrollment": "220280111092", "slug": "278469_1708935416", "sr_no": 411090}}, {"model": "StakeHolders.student", "pk": 91, "fields": {"profile": 95, "enrollment": "220280111093", "slug": "331455_1708935416", "sr_no": 411091}}, {"model": "StakeHolders.student", "pk": 92, "fields": {"profile": 96, "enrollment": "220280111094", "slug": "202955_1708935416", "sr_no": 411092}}, {"model": "StakeHolders.student", "pk": 93, "fields": {"profile": 97, "enrollment": "220280111096", "slug": "276579_1708935416", "sr_no": 411093}}, {"model": "StakeHolders.student", "pk": 94, "fields": {"profile": 98, "enrollment": "220280111097", "slug": "332319_1708935416", "sr_no": 411094}}, {"model": "StakeHolders.student", "pk": 95, "fields": {"profile": 99, "enrollment": "220280111098", "slug": "119125_1708935416", "sr_no": 411095}}, {"model": "StakeHolders.student", "pk": 96, "fields": {"profile": 100, "enrollment": "220280111099", "slug": "308111_1708935416", "sr_no": 411096}}, {"model": "StakeHolders.student", "pk": 97, "fields": {"profile": 101, "enrollment": "220280111101", "slug": "339720_1708935416", "sr_no": 411097}}, {"model": "StakeHolders.student", "pk": 98, "fields": {"profile": 102, "enrollment": "220280111105", "slug": "204890_1708935416", "sr_no": 411098}}, {"model": "StakeHolders.student", "pk": 99, "fields": {"profile": 103, "enrollment": "220280111106", "slug": "213120_1708935416", "sr_no": 411099}}, {"model": "StakeHolders.student", "pk": 100, "fields": {"profile": 104, "enrollment": "220280111107", "slug": "443930_1708935416", "sr_no": 411100}}, {"model": "StakeHolders.student", "pk": 101, "fields": {"profile": 105, "enrollment": "220280111108", "slug": "848445_1708935416", "sr_no": 411101}}, {"model": "StakeHolders.student", "pk": 102, "fields": {"profile": 106, "enrollment": "220280111109", "slug": "310233_1708935416", "sr_no": 411102}}, {"model": "StakeHolders.student", "pk": 103, "fields": {"profile": 107, "enrollment": "220280111110", "slug": "264968_1708935416", "sr_no": 411103}}, {"model": "StakeHolders.student", "pk": 104, "fields": {"profile": 108, "enrollment": "220280111112", "slug": "356150_1708935416", "sr_no": 411104}}, {"model": "StakeHolders.student", "pk": 105, "fields": {"profile": 109, "enrollment": "220280111114", "slug": "740691_1708935416", "sr_no": 411105}}, {"model": "StakeHolders.student", "pk": 106, "fields": {"profile": 110, "enrollment": "220280111115", "slug": "120094_1708935417", "sr_no": 411106}}, {"model": "StakeHolders.student", "pk": 107, "fields": {"profile": 111, "enrollment": "220280111117", "slug": "248816_1708935417", "sr_no": 411107}}, {"model": "StakeHolders.student", "pk": 108, "fields": {"profile": 112, "enrollment": "220280111118", "slug": "281727_1708935417", "sr_no": 411108}}, {"model": "StakeHolders.student", "pk": 109, "fields": {"profile": 113, "enrollment": "220280111119", "slug": "170130_1708935417", "sr_no": 411109}}, {"model": "StakeHolders.student", "pk": 110, "fields": {"profile": 114, "enrollment": "220280111120", "slug": "428568_1708935417", "sr_no": 411110}}, {"model": "StakeHolders.student", "pk": 111, "fields": {"profile": 115, "enrollment": "220280111122", "slug": "609954_1708935417", "sr_no": 411111}}, {"model": "StakeHolders.student", "pk": 112, "fields": {"profile": 116, "enrollment": "220280111124", "slug": "283492_1708935417", "sr_no": 411112}}, {"model": "StakeHolders.student", "pk": 113, "fields": {"profile": 117, "enrollment": "220280111125", "slug": "338898_1708935417", "sr_no": 411113}}, {"model": "StakeHolders.student", "pk": 114, "fields": {"profile": 118, "enrollment": "220280111129", "slug": "187873_1708935417", "sr_no": 411114}}, {"model": "StakeHolders.student", "pk": 115, "fields": {"profile": 119, "enrollment": "220280111130", "slug": "323128_1708935417", "sr_no": 411115}}, {"model": "StakeHolders.student", "pk": 116, "fields": {"profile": 120, "enrollment": "220280111131", "slug": "337444_1708935417", "sr_no": 411116}}, {"model": "StakeHolders.student", "pk": 117, "fields": {"profile": 121, "enrollment": "220280111132", "slug": "118461_1708935417", "sr_no": 411117}}, {"model": "StakeHolders.student", "pk": 118, "fields": {"profile": 122, "enrollment": "220280111133", "slug": "378438_1708935417", "sr_no": 411118}}, {"model": "StakeHolders.student", "pk": 119, "fields": {"profile": 123, "enrollment": "220280111135", "slug": "305454_1708935417", "sr_no": 411119}}, {"model": "StakeHolders.student", "pk": 120, "fields": {"profile": 124, "enrollment": "220280111136", "slug": "779382_1708935417", "sr_no": 411120}}, {"model": "StakeHolders.student", "pk": 121, "fields": {"profile": 125, "enrollment": "220280111137", "slug": "226515_1708935417", "sr_no": 411121}}, {"model": "StakeHolders.student", "pk": 122, "fields": {"profile": 126, "enrollment": "220280111138", "slug": "227554_1708935417", "sr_no": 411122}}, {"model": "StakeHolders.student", "pk": 123, "fields": {"profile": 127, "enrollment": "220280111140", "slug": "145530_1708935417", "sr_no": 411123}}, {"model": "StakeHolders.student", "pk": 124, "fields": {"profile": 128, "enrollment": "220280111141", "slug": "168393_1708935417", "sr_no": 411124}}, {"model": "StakeHolders.student", "pk": 125, "fields": {"profile": 129, "enrollment": "220280111142", "slug": "399388_1708935417", "sr_no": 411125}}, {"model": "StakeHolders.student", "pk": 126, "fields": {"profile": 130, "enrollment": "220280111143", "slug": "895172_1708935417", "sr_no": 411126}}, {"model": "StakeHolders.student", "pk": 127, "fields": {"profile": 131, "enrollment": "220280111144", "slug": "357634_1708935417", "sr_no": 411127}}, {"model": "StakeHolders.student", "pk": 128, "fields": {"profile": 132, "enrollment": "220280111147", "slug": "991515_1708935418", "sr_no": 411128}}, {"model": "StakeHolders.student", "pk": 129, "fields": {"profile": 133, "enrollment": "220280111148", "slug": "310105_1708935418", "sr_no": 411129}}, {"model": "StakeHolders.student", "pk": 130, "fields": {"profile": 134, "enrollment": "220280111149", "slug": "316398_1708935418", "sr_no": 411130}}, {"model": "StakeHolders.student", "pk": 131, "fields": {"profile": 135, "enrollment": "220280111150", "slug": "305826_1708935418", "sr_no": 411131}}, {"model": "StakeHolders.student", "pk": 132, "fields": {"profile": 136, "enrollment": "220280111151", "slug": "129553_1708935418", "sr_no": 411132}}, {"model": "StakeHolders.student", "pk": 133, "fields": {"profile": 137, "enrollment": "220280111152", "slug": "238226_1708935418", "sr_no": 411133}}, {"model": "StakeHolders.student", "pk": 134, "fields": {"profile": 138, "enrollment": "220280111153", "slug": "276851_1708935418", "sr_no": 411134}}, {"model": "StakeHolders.student", "pk": 135, "fields": {"profile": 139, "enrollment": "220280111154", "slug": "109105_1708935418", "sr_no": 411135}}, {"model": "StakeHolders.student", "pk": 136, "fields": {"profile": 140, "enrollment": "220280111155", "slug": "121462_1708935418", "sr_no": 411136}}, {"model": "StakeHolders.student", "pk": 137, "fields": {"profile": 141, "enrollment": "220280111156", "slug": "301520_1708935418", "sr_no": 411137}}, {"model": "StakeHolders.student", "pk": 138, "fields": {"profile": 142, "enrollment": "220280111159", "slug": "409682_1708935418", "sr_no": 411138}}, {"model": "StakeHolders.student", "pk": 139, "fields": {"profile": 143, "enrollment": "230283111026", "slug": "328421_1708935418", "sr_no": 411139}}, {"model": "StakeHolders.student", "pk": 140, "fields": {"profile": 144, "enrollment": "230283111027", "slug": "284124_1708935418", "sr_no": 411140}}, {"model": "StakeHolders.student", "pk": 141, "fields": {"profile": 145, "enrollment": "230283111028", "slug": "251841_1708935418", "sr_no": 411141}}, {"model": "StakeHolders.student", "pk": 142, "fields": {"profile": 146, "enrollment": "230283111029", "slug": "136436_1708935418", "sr_no": 411142}}, {"model": "StakeHolders.student", "pk": 143, "fields": {"profile": 147, "enrollment": "230283111030", "slug": "277251_1708935418", "sr_no": 411143}}, {"model": "StakeHolders.student", "pk": 144, "fields": {"profile": 148, "enrollment": "230283111031", "slug": "268023_1708935418", "sr_no": 411144}}, {"model": "StakeHolders.student", "pk": 145, "fields": {"profile": 149, "enrollment": "230283111032", "slug": "347893_1708935418", "sr_no": 411145}}, {"model": "StakeHolders.student", "pk": 146, "fields": {"profile": 150, "enrollment": "230283111033", "slug": "132608_1708935418", "sr_no": 411146}}, {"model": "StakeHolders.student", "pk": 147, "fields": {"profile": 151, "enrollment": "230283111034", "slug": "156129_1708935418", "sr_no": 411147}}, {"model": "StakeHolders.student", "pk": 148, "fields": {"profile": 152, "enrollment": "230283111035", "slug": "269751_1708935418", "sr_no": 411148}}, {"model": "StakeHolders.student", "pk": 149, "fields": {"profile": 153, "enrollment": "230283111036", "slug": "104298_1708935418", "sr_no": 411149}}, {"model": "StakeHolders.student", "pk": 150, "fields": {"profile": 154, "enrollment": "230283111037", "slug": "236210_1708935419", "sr_no": 411150}}, {"model": "StakeHolders.student", "pk": 151, "fields": {"profile": 155, "enrollment": "230283111038", "slug": "112923_1708935419", "sr_no": 411151}}, {"model": "StakeHolders.student", "pk": 152, "fields": {"profile": 156, "enrollment": "230283111039", "slug": "515093_1708935419", "sr_no": 411152}}, {"model": "StakeHolders.student", "pk": 153, "fields": {"profile": 157, "enrollment": "230283111040", "slug": "223357_1708935419", "sr_no": 411153}}, {"model": "StakeHolders.student", "pk": 154, "fields": {"profile": 158, "enrollment": "230283111041", "slug": "151560_1708935419", "sr_no": 411154}}, {"model": "StakeHolders.student", "pk": 155, "fields": {"profile": 159, "enrollment": "230283111042", "slug": "308140_1708935419", "sr_no": 411155}}, {"model": "StakeHolders.student", "pk": 156, "fields": {"profile": 160, "enrollment": "230283111043", "slug": "315694_1708935419", "sr_no": 411156}}, {"model": "StakeHolders.student", "pk": 157, "fields": {"profile": 161, "enrollment": "230283111044", "slug": "270684_1708935419", "sr_no": 411157}}, {"model": "StakeHolders.student", "pk": 158, "fields": {"profile": 162, "enrollment": "230283111045", "slug": "260318_1708935419", "sr_no": 411158}}, {"model": "StakeHolders.student", "pk": 159, "fields": {"profile": 163, "enrollment": "230283111046", "slug": "304921_1708935419", "sr_no": 411159}}, {"model": "StakeHolders.student", "pk": 160, "fields": {"profile": 164, "enrollment": "230283111047", "slug": "187448_1708935419", "sr_no": 411160}}, {"model": "StakeHolders.student", "pk": 161, "fields": {"profile": 165, "enrollment": "230283111048", "slug": "176404_1708935419", "sr_no": 411161}}, {"model": "StakeHolders.student", "pk": 162, "fields": {"profile": 166, "enrollment": "230283111049", "slug": "142335_1708935419", "sr_no": 411162}}, {"model": "StakeHolders.student", "pk": 163, "fields": {"profile": 167, "enrollment": "230283111050", "slug": "346616_1708935419", "sr_no": 411163}}, {"model": "StakeHolders.student", "pk": 164, "fields": {"profile": 169, "enrollment": "210280107125", "slug": "942195_1708936688", "sr_no": 1}}, {"model": "StakeHolders.student", "pk": 165, "fields": {"profile": 170, "enrollment": "210280107126", "slug": "226229_1708936688", "sr_no": 2}}, {"model": "StakeHolders.student", "pk": 166, "fields": {"profile": 171, "enrollment": "210280107127", "slug": "119689_1708936688", "sr_no": 3}}, {"model": "StakeHolders.student", "pk": 167, "fields": {"profile": 172, "enrollment": "210280107129", "slug": "885193_1708936688", "sr_no": 4}}, {"model": "StakeHolders.student", "pk": 168, "fields": {"profile": 173, "enrollment": "210280107130", "slug": "191237_1708936689", "sr_no": 5}}, {"model": "StakeHolders.student", "pk": 169, "fields": {"profile": 174, "enrollment": "210280107131", "slug": "245954_1708936689", "sr_no": 6}}, {"model": "StakeHolders.student", "pk": 170, "fields": {"profile": 175, "enrollment": "210280107132", "slug": "718786_1708936689", "sr_no": 7}}, {"model": "StakeHolders.student", "pk": 171, "fields": {"profile": 176, "enrollment": "210280107133", "slug": "506957_1708936689", "sr_no": 8}}, {"model": "StakeHolders.student", "pk": 172, "fields": {"profile": 177, "enrollment": "210280107134", "slug": "263288_1708936689", "sr_no": 9}}, {"model": "StakeHolders.student", "pk": 173, "fields": {"profile": 178, "enrollment": "210280107138", "slug": "135778_1708936689", "sr_no": 10}}, {"model": "StakeHolders.student", "pk": 174, "fields": {"profile": 179, "enrollment": "220283107002", "slug": "309021_1708936689", "sr_no": 11}}, {"model": "StakeHolders.student", "pk": 175, "fields": {"profile": 180, "enrollment": "220283107003", "slug": "220705_1708936689", "sr_no": 12}}, {"model": "StakeHolders.student", "pk": 176, "fields": {"profile": 181, "enrollment": "220283107004", "slug": "447653_1708936689", "sr_no": 13}}, {"model": "StakeHolders.student", "pk": 177, "fields": {"profile": 182, "enrollment": "220283107005", "slug": "626433_1708936689", "sr_no": 14}}, {"model": "StakeHolders.student", "pk": 178, "fields": {"profile": 183, "enrollment": "220283107006", "slug": "305065_1708936689", "sr_no": 15}}, {"model": "StakeHolders.student", "pk": 179, "fields": {"profile": 184, "enrollment": "220283107007", "slug": "244687_1708936689", "sr_no": 16}}, {"model": "StakeHolders.student", "pk": 180, "fields": {"profile": 185, "enrollment": "220283107008", "slug": "302766_1708936689", "sr_no": 17}}, {"model": "StakeHolders.student", "pk": 181, "fields": {"profile": 186, "enrollment": "220283107009", "slug": "481063_1708936689", "sr_no": 18}}, {"model": "StakeHolders.student", "pk": 182, "fields": {"profile": 187, "enrollment": "220283107010", "slug": "754283_1708936689", "sr_no": 19}}, {"model": "StakeHolders.student", "pk": 183, "fields": {"profile": 188, "enrollment": "220283107011", "slug": "186230_1708936689", "sr_no": 20}}, {"model": "StakeHolders.student", "pk": 184, "fields": {"profile": 189, "enrollment": "220283107014", "slug": "145660_1708936689", "sr_no": 21}}, {"model": "StakeHolders.student", "pk": 185, "fields": {"profile": 190, "enrollment": "220283107015", "slug": "301131_1708936689", "sr_no": 22}}, {"model": "StakeHolders.student", "pk": 186, "fields": {"profile": 191, "enrollment": "220283107016", "slug": "271786_1708936689", "sr_no": 23}}, {"model": "StakeHolders.student", "pk": 187, "fields": {"profile": 192, "enrollment": "220283107017", "slug": "285354_1708936689", "sr_no": 24}}, {"model": "StakeHolders.student", "pk": 188, "fields": {"profile": 193, "enrollment": "220283107019", "slug": "600682_1708936689", "sr_no": 25}}, {"model": "StakeHolders.student", "pk": 189, "fields": {"profile": 194, "enrollment": "220283107020", "slug": "122679_1708936690", "sr_no": 26}}, {"model": "StakeHolders.student", "pk": 190, "fields": {"profile": 195, "enrollment": "220283107022", "slug": "307752_1708936690", "sr_no": 27}}, {"model": "StakeHolders.student", "pk": 191, "fields": {"profile": 196, "enrollment": "220283107023", "slug": "183228_1708936690", "sr_no": 28}}, {"model": "StakeHolders.student", "pk": 192, "fields": {"profile": 197, "enrollment": "220283107024", "slug": "219009_1708936690", "sr_no": 29}}, {"model": "StakeHolders.student", "pk": 193, "fields": {"profile": 198, "enrollment": "220283107025", "slug": "101025_1708936690", "sr_no": 30}}, {"model": "StakeHolders.student", "pk": 194, "fields": {"profile": 199, "enrollment": "220283107026", "slug": "975534_1708936690", "sr_no": 31}}, {"model": "StakeHolders.student", "pk": 195, "fields": {"profile": 200, "enrollment": "220283107027", "slug": "333047_1708936690", "sr_no": 32}}, {"model": "StakeHolders.student", "pk": 196, "fields": {"profile": 201, "enrollment": "220283107028", "slug": "183495_1708936690", "sr_no": 33}}, {"model": "StakeHolders.student", "pk": 197, "fields": {"profile": 202, "enrollment": "220283107030", "slug": "180934_1708936690", "sr_no": 34}}, {"model": "StakeHolders.student", "pk": 198, "fields": {"profile": 203, "enrollment": "220283107031", "slug": "779859_1708936690", "sr_no": 35}}, {"model": "StakeHolders.student", "pk": 199, "fields": {"profile": 204, "enrollment": "220283107033", "slug": "481014_1708936690", "sr_no": 36}}, {"model": "StakeHolders.student", "pk": 200, "fields": {"profile": 205, "enrollment": "220283107035", "slug": "434254_1708936690", "sr_no": 37}}, {"model": "StakeHolders.student", "pk": 201, "fields": {"profile": 206, "enrollment": "220283107036", "slug": "152473_1708936690", "sr_no": 38}}, {"model": "StakeHolders.student", "pk": 202, "fields": {"profile": 207, "enrollment": "220283107037", "slug": "898794_1708936690", "sr_no": 39}}, {"model": "StakeHolders.student", "pk": 203, "fields": {"profile": 208, "enrollment": "220283107038", "slug": "198966_1708936690", "sr_no": 40}}, {"model": "StakeHolders.student", "pk": 204, "fields": {"profile": 209, "enrollment": "220283107040", "slug": "257097_1708936690", "sr_no": 41}}, {"model": "StakeHolders.student", "pk": 205, "fields": {"profile": 210, "enrollment": "210280107023", "slug": "162957_1708936690", "sr_no": 42}}, {"model": "StakeHolders.student", "pk": 206, "fields": {"profile": 211, "enrollment": "210280107062", "slug": "310539_1708936690", "sr_no": 43}}, {"model": "StakeHolders.student", "pk": 207, "fields": {"profile": 212, "enrollment": "220283107012", "slug": "167862_1708936690", "sr_no": 44}}, {"model": "StakeHolders.student", "pk": 208, "fields": {"profile": 213, "enrollment": "220283107039", "slug": "955225_1708936690", "sr_no": 45}}, {"model": "StakeHolders.student", "pk": 209, "fields": {"profile": 214, "enrollment": "220283107042", "slug": "184705_1708936690", "sr_no": 46}}, {"model": "StakeHolders.student", "pk": 210, "fields": {"profile": 215, "enrollment": "210280107007", "slug": "889381_1708936690", "sr_no": 47}}, {"model": "StakeHolders.student", "pk": 211, "fields": {"profile": 216, "enrollment": "210280107013", "slug": "248218_1708936691", "sr_no": 48}}, {"model": "StakeHolders.student", "pk": 212, "fields": {"profile": 217, "enrollment": "210280107022", "slug": "306108_1708936691", "sr_no": 49}}, {"model": "StakeHolders.student", "pk": 213, "fields": {"profile": 218, "enrollment": "210280107028", "slug": "132269_1708936691", "sr_no": 50}}, {"model": "StakeHolders.student", "pk": 214, "fields": {"profile": 219, "enrollment": "210280107036", "slug": "172219_1708936691", "sr_no": 51}}, {"model": "StakeHolders.student", "pk": 215, "fields": {"profile": 220, "enrollment": "210280107043", "slug": "276794_1708936691", "sr_no": 52}}, {"model": "StakeHolders.student", "pk": 216, "fields": {"profile": 221, "enrollment": "210280107048", "slug": "294318_1708936691", "sr_no": 53}}, {"model": "StakeHolders.student", "pk": 217, "fields": {"profile": 222, "enrollment": "210280107050", "slug": "515982_1708936691", "sr_no": 54}}, {"model": "StakeHolders.student", "pk": 218, "fields": {"profile": 223, "enrollment": "210280107054", "slug": "170405_1708936691", "sr_no": 55}}, {"model": "StakeHolders.student", "pk": 219, "fields": {"profile": 224, "enrollment": "210280107055", "slug": "227857_1708936691", "sr_no": 56}}, {"model": "StakeHolders.student", "pk": 220, "fields": {"profile": 225, "enrollment": "210280107061", "slug": "309845_1708936691", "sr_no": 57}}, {"model": "StakeHolders.student", "pk": 221, "fields": {"profile": 226, "enrollment": "210280107082", "slug": "682499_1708936691", "sr_no": 58}}, {"model": "StakeHolders.student", "pk": 222, "fields": {"profile": 227, "enrollment": "210280107083", "slug": "240914_1708936691", "sr_no": 59}}, {"model": "StakeHolders.student", "pk": 223, "fields": {"profile": 228, "enrollment": "210280107084", "slug": "232534_1708936691", "sr_no": 60}}, {"model": "StakeHolders.student", "pk": 224, "fields": {"profile": 229, "enrollment": "210280107119", "slug": "302327_1708936691", "sr_no": 61}}, {"model": "StakeHolders.student", "pk": 225, "fields": {"profile": 230, "enrollment": "210280107135", "slug": "961036_1708936691", "sr_no": 62}}, {"model": "StakeHolders.student", "pk": 226, "fields": {"profile": 231, "enrollment": "210280107136", "slug": "145683_1708936691", "sr_no": 63}}, {"model": "StakeHolders.student", "pk": 227, "fields": {"profile": 232, "enrollment": "210280107137", "slug": "391316_1708936691", "sr_no": 64}}, {"model": "StakeHolders.student", "pk": 228, "fields": {"profile": 233, "enrollment": "210280107139", "slug": "276750_1708936691", "sr_no": 65}}, {"model": "StakeHolders.student", "pk": 229, "fields": {"profile": 234, "enrollment": "210280107140", "slug": "314385_1708936691", "sr_no": 66}}, {"model": "StakeHolders.student", "pk": 230, "fields": {"profile": 235, "enrollment": "210280107141", "slug": "213044_1708936691", "sr_no": 67}}, {"model": "StakeHolders.student", "pk": 231, "fields": {"profile": 271, "enrollment": "230280773002", "slug": "913791_1709145829", "sr_no": 1}}, {"model": "StakeHolders.student", "pk": 232, "fields": {"profile": 272, "enrollment": "230280773003", "slug": "297875_1709145829", "sr_no": 2}}, {"model": "StakeHolders.student", "pk": 233, "fields": {"profile": 273, "enrollment": "230280773004", "slug": "705078_1709145829", "sr_no": 3}}, {"model": "StakeHolders.student", "pk": 234, "fields": {"profile": 274, "enrollment": "230280773005", "slug": "843351_1709145829", "sr_no": 4}}, {"model": "StakeHolders.student", "pk": 235, "fields": {"profile": 275, "enrollment": "230280773006", "slug": "261291_1709145829", "sr_no": 5}}, {"model": "StakeHolders.student", "pk": 236, "fields": {"profile": 276, "enrollment": "230280773007", "slug": "146151_1709145829", "sr_no": 6}}, {"model": "StakeHolders.student", "pk": 237, "fields": {"profile": 277, "enrollment": "230280773008", "slug": "143883_1709145829", "sr_no": 7}}, {"model": "StakeHolders.student", "pk": 238, "fields": {"profile": 278, "enrollment": "230280773009", "slug": "193737_1709145829", "sr_no": 8}}, {"model": "StakeHolders.student", "pk": 239, "fields": {"profile": 279, "enrollment": "230280773010", "slug": "212253_1709145829", "sr_no": 9}}, {"model": "StakeHolders.student", "pk": 240, "fields": {"profile": 280, "enrollment": "230280773013", "slug": "262065_1709145829", "sr_no": 10}}, {"model": "StakeHolders.student", "pk": 241, "fields": {"profile": 281, "enrollment": "230280773015", "slug": "678334_1709145829", "sr_no": 11}}, {"model": "StakeHolders.student", "pk": 242, "fields": {"profile": 282, "enrollment": "230280773017", "slug": "304643_1709145829", "sr_no": 12}}, {"model": "StakeHolders.student", "pk": 243, "fields": {"profile": 283, "enrollment": "230280773018", "slug": "192701_1709145829", "sr_no": 13}}, {"model": "StakeHolders.student", "pk": 244, "fields": {"profile": 284, "enrollment": "230280773020", "slug": "208319_1709145829", "sr_no": 14}}, {"model": "StakeHolders.student", "pk": 245, "fields": {"profile": 285, "enrollment": "230280773021", "slug": "254676_1709145829", "sr_no": 15}}, {"model": "StakeHolders.student", "pk": 246, "fields": {"profile": 286, "enrollment": "220280702016", "slug": "693519_1709145829", "sr_no": 16}}, {"model": "StakeHolders.student", "pk": 247, "fields": {"profile": 288, "enrollment": "210280107035", "slug": "240458_1709225004", "sr_no": null}}, {"model": "StakeHolders.student", "pk": 248, "fields": {"profile": 289, "enrollment": "210280107111", "slug": "141384_1709225004", "sr_no": null}}, {"model": "StakeHolders.student", "pk": 249, "fields": {"profile": 290, "enrollment": "210280107020", "slug": "162412_1709225004", "sr_no": null}}, {"model": "StakeHolders.student", "pk": 250, "fields": {"profile": 291, "enrollment": "210280107011", "slug": "155924_1709225004", "sr_no": null}}, {"model": "StakeHolders.student", "pk": 251, "fields": {"profile": 292, "enrollment": "210280107123", "slug": "308000_1709225004", "sr_no": null}}, {"model": "StakeHolders.student", "pk": 252, "fields": {"profile": 293, "enrollment": "210280107029", "slug": "483061_1709225004", "sr_no": null}}, {"model": "StakeHolders.student", "pk": 253, "fields": {"profile": 294, "enrollment": "210280107032", "slug": "263542_1709225004", "sr_no": null}}, {"model": "StakeHolders.student", "pk": 254, "fields": {"profile": 295, "enrollment": "210280107026", "slug": "133179_1709225004", "sr_no": null}}, {"model": "StakeHolders.student", "pk": 255, "fields": {"profile": 296, "enrollment": "210280107095", "slug": "142590_1709225004", "sr_no": null}}, {"model": "StakeHolders.student", "pk": 256, "fields": {"profile": 297, "enrollment": "210280107056", "slug": "249637_1709225004", "sr_no": null}}, {"model": "StakeHolders.student", "pk": 257, "fields": {"profile": 298, "enrollment": "210280107052", "slug": "759876_1709225004", "sr_no": null}}, {"model": "StakeHolders.student", "pk": 258, "fields": {"profile": 299, "enrollment": "210280107060", "slug": "810956_1709225004", "sr_no": null}}, {"model": "StakeHolders.student", "pk": 259, "fields": {"profile": 300, "enrollment": "210280107024", "slug": "316138_1709225004", "sr_no": null}}, {"model": "StakeHolders.student", "pk": 260, "fields": {"profile": 301, "enrollment": "210280107122", "slug": "691194_1709225004", "sr_no": null}}, {"model": "StakeHolders.student", "pk": 261, "fields": {"profile": 302, "enrollment": "210280107104", "slug": "218856_1709225004", "sr_no": null}}, {"model": "StakeHolders.student", "pk": 262, "fields": {"profile": 303, "enrollment": "210280107065", "slug": "177459_1709225004", "sr_no": null}}, {"model": "StakeHolders.student", "pk": 263, "fields": {"profile": 304, "enrollment": "210280107067", "slug": "190794_1709225014", "sr_no": null}}, {"model": "StakeHolders.student", "pk": 264, "fields": {"profile": 305, "enrollment": "210280107108", "slug": "310033_1709225014", "sr_no": null}}, {"model": "StakeHolders.student", "pk": 265, "fields": {"profile": 306, "enrollment": "210280107081", "slug": "118639_1709225014", "sr_no": null}}, {"model": "StakeHolders.student", "pk": 266, "fields": {"profile": 307, "enrollment": "210280107091", "slug": "648971_1709225014", "sr_no": null}}, {"model": "StakeHolders.student", "pk": 267, "fields": {"profile": 308, "enrollment": "210280107018", "slug": "324760_1709225014", "sr_no": null}}, {"model": "StakeHolders.student", "pk": 268, "fields": {"profile": 309, "enrollment": "210280107080", "slug": "497189_1709225014", "sr_no": null}}, {"model": "StakeHolders.student", "pk": 269, "fields": {"profile": 310, "enrollment": "210280107110", "slug": "763425_1709225014", "sr_no": null}}, {"model": "StakeHolders.student", "pk": 270, "fields": {"profile": 311, "enrollment": "210280119003", "slug": "204386_1709225014", "sr_no": null}}, {"model": "StakeHolders.student", "pk": 271, "fields": {"profile": 312, "enrollment": "210280119121", "slug": "106511_1709225014", "sr_no": null}}, {"model": "StakeHolders.student", "pk": 272, "fields": {"profile": 313, "enrollment": "210280119091", "slug": "322460_1709225015", "sr_no": null}}, {"model": "StakeHolders.student", "pk": 273, "fields": {"profile": 314, "enrollment": "210280116101", "slug": "226604_1709225015", "sr_no": null}}, {"model": "StakeHolders.student", "pk": 274, "fields": {"profile": 315, "enrollment": "210280116005", "slug": "262035_1709225015", "sr_no": null}}, {"model": "StakeHolders.student", "pk": 275, "fields": {"profile": 316, "enrollment": "210280111033", "slug": "210372_1709225015", "sr_no": null}}, {"model": "StakeHolders.student", "pk": 276, "fields": {"profile": 317, "enrollment": "210280109013", "slug": "124451_1709225015", "sr_no": null}}, {"model": "StakeHolders.student", "pk": 277, "fields": {"profile": 318, "enrollment": "210280116016", "slug": "240615_1709225015", "sr_no": null}}, {"model": "StakeHolders.student", "pk": 278, "fields": {"profile": 319, "enrollment": "210280111006", "slug": "156183_1709225015", "sr_no": null}}, {"model": "StakeHolders.student", "pk": 279, "fields": {"profile": 320, "enrollment": "210280117026", "slug": "113764_1709225015", "sr_no": null}}, {"model": "StakeHolders.student", "pk": 280, "fields": {"profile": 321, "enrollment": "210280117038", "slug": "275500_1709225024", "sr_no": null}}, {"model": "StakeHolders.student", "pk": 281, "fields": {"profile": 322, "enrollment": "210280119098", "slug": "227638_1709225024", "sr_no": null}}, {"model": "StakeHolders.student", "pk": 282, "fields": {"profile": 323, "enrollment": "210280111067", "slug": "106092_1709225024", "sr_no": null}}, {"model": "StakeHolders.student", "pk": 283, "fields": {"profile": 324, "enrollment": "210280103004", "slug": "180703_1709225024", "sr_no": null}}, {"model": "StakeHolders.student", "pk": 284, "fields": {"profile": 325, "enrollment": "210280116039", "slug": "101631_1709225024", "sr_no": null}}, {"model": "StakeHolders.student", "pk": 285, "fields": {"profile": 326, "enrollment": "210280111014", "slug": "101476_1709225024", "sr_no": null}}, {"model": "StakeHolders.student", "pk": 286, "fields": {"profile": 327, "enrollment": "210280111061", "slug": "258755_1709225024", "sr_no": null}}, {"model": "StakeHolders.student", "pk": 287, "fields": {"profile": 328, "enrollment": "210280119130", "slug": "147735_1709225024", "sr_no": null}}, {"model": "StakeHolders.student", "pk": 288, "fields": {"profile": 329, "enrollment": "210280116040", "slug": "371400_1709225025", "sr_no": null}}, {"model": "StakeHolders.student", "pk": 289, "fields": {"profile": 330, "enrollment": "210280117021", "slug": "234723_1709225025", "sr_no": null}}, {"model": "StakeHolders.student", "pk": 290, "fields": {"profile": 331, "enrollment": "210280116008", "slug": "191484_1709225025", "sr_no": null}}, {"model": "StakeHolders.student", "pk": 291, "fields": {"profile": 332, "enrollment": "210280111015", "slug": "278222_1709225025", "sr_no": null}}, {"model": "StakeHolders.student", "pk": 292, "fields": {"profile": 333, "enrollment": "210280109118", "slug": "272483_1709225025", "sr_no": null}}, {"model": "StakeHolders.student", "pk": 293, "fields": {"profile": 334, "enrollment": "210280117050", "slug": "327068_1709225025", "sr_no": null}}, {"model": "StakeHolders.student", "pk": 294, "fields": {"profile": 335, "enrollment": "220283116033", "slug": "237215_1709225025", "sr_no": null}}, {"model": "StakeHolders.student", "pk": 295, "fields": {"profile": 336, "enrollment": "220283116027", "slug": "994922_1709225025", "sr_no": null}}, {"model": "StakeHolders.student", "pk": 296, "fields": {"profile": 337, "enrollment": "220283116004", "slug": "856163_1709225025", "sr_no": null}}, {"model": "StakeHolders.student", "pk": 297, "fields": {"profile": 338, "enrollment": "210280107089", "slug": "201480_1709225025", "sr_no": null}}, {"model": "StakeHolders.student", "pk": 298, "fields": {"profile": 339, "enrollment": "210280117027", "slug": "305975_1709225025", "sr_no": null}}, {"model": "StakeHolders.student", "pk": 299, "fields": {"profile": 340, "enrollment": "210280111026", "slug": "330665_1709225025", "sr_no": null}}, {"model": "Manage.college", "pk": 1, "fields": {"college_name": "L.D. college of engineering", "slug": "771886_1708928359"}}, {"model": "Manage.branch", "pk": 1, "fields": {"branch_name": "Electronics And Communication - BE", "branch_code": "11", "slug": "106926_1708928401", "college": 1, "admins": [1], "teachers": [8], "students": [1, 2, 3, 4, 5, 6, 7, 8, 9, 10, 11, 12, 13, 14, 15, 16, 17, 18, 19, 20, 21, 22, 23, 24, 25, 26, 27, 28, 29, 30, 31, 32, 33, 34, 35, 36, 37, 38, 39, 40, 41, 42, 43, 44, 45, 46, 47, 48, 49, 50, 51, 52, 53, 54, 55, 56, 57, 58, 59, 60, 61, 62, 63, 64, 65, 66, 67, 68, 69, 70, 71, 72, 73, 74, 75, 76, 77, 78, 79, 80, 81, 82, 83, 84, 85, 86, 87, 88, 89, 90, 91, 92, 93, 94, 95, 96, 97, 98, 99, 100, 101, 102, 103, 104, 105, 106, 107, 108, 109, 110, 111, 112, 113, 114, 115, 116, 117, 118, 119, 120, 121, 122, 123, 124, 125, 126, 127, 128, 129, 130, 131, 132, 133, 134, 135, 136, 137, 138, 139, 140, 141, 142, 143, 144, 145, 146, 147, 148, 149, 150, 151, 152, 153, 154, 155, 156, 157, 158, 159, 160, 161, 162, 163]}}, {"model": "Manage.branch", "pk": 2, "fields": {"branch_name": "Computer Engineering - BE", "branch_code": "7", "slug": "119147_1708935897", "college": 1, "admins": [2], "teachers": [], "students": [164, 165, 166, 167, 168, 169, 170, 171, 172, 173, 174, 175, 176, 177, 178, 179, 180, 181, 182, 183, 184, 185, 186, 187, 188, 189, 190, 191, 192, 193, 194, 195, 196, 197, 198, 199, 200, 201, 202, 203, 204, 205, 206, 207, 208, 209, 210, 211, 212, 213, 214, 215, 216, 217, 218, 219, 220, 221, 222, 223, 224, 225, 226, 227, 228, 229, 230]}}, {"model": "Manage.branch", "pk": 3, "fields": {"branch_name": "Computer Engineering - ME", "branch_code": "2", "slug": "279618_1709145570", "college": 1, "admins": [3], "teachers": [], "students": [231, 232, 233, 234, 235, 236, 237, 238, 239, 240, 241, 242, 243, 244, 245, 246]}}, {"model": "Manage.branch", "pk": 4, "fields": {"branch_name": "AI & ML Minor/Honours Degree Program", "branch_code": "AG", "slug": "297440_1709224770", "college": 1, "admins": [4], "teachers": [], "students": [167, 169, 172, 205, 208, 214, 247, 248, 249, 250, 251, 252, 253, 254, 255, 256, 257, 258, 259, 260, 261, 262, 263, 264, 265, 266, 267, 268, 269, 270, 271, 272, 273, 274, 275, 276, 277, 278, 279, 280, 281, 282, 283, 284, 285, 286, 287, 288, 289, 290, 291, 292, 293, 294, 295, 296, 297, 298, 299]}}, {"model": "Manage.branch", "pk": 5, "fields": {"branch_name": "TEST_BRANCH_FOR_CORE_TEAM", "branch_code": "69", "slug": "118438_1709302902", "college": 1, "admins": [5], "teachers": [9], "students": [198, 199, 201, 202, 175, 186, 188, 190, 183, 204, 180]}}, {"model": "Manage.term", "pk": 1, "fields": {"start_year": 2024, "end_year": 2025, "slug": "128047_1708928677", "branch": 1, "status": true}}, {"model": "Manage.term", "pk": 2, "fields": {"start_year": 2023, "end_year": 2024, "slug": "734979_1708936518", "branch": 2, "status": true}}, {"model": "Manage.term", "pk": 3, "fields": {"start_year": 2023, "end_year": 2024, "slug": "274821_1709145587", "branch": 3, "status": true}}, {"model": "Manage.term", "pk": 4, "fields": {"start_year": 2023, "end_year": 2024, "slug": "317761_1709224797", "branch": 4, "status": true}}, {"model": "Manage.term", "pk": 5, "fields": {"start_year": 2023, "end_year": 2024, "slug": "984682_1709303217", "branch": 5, "status": true}}, {"model": "Manage.semester", "pk": 1, "fields": {"no": 4, "status": true, "slug": "449836_1708928686", "term": 1}}, {"model": "Manage.semester", "pk": 2, "fields": {"no": 6, "status": true, "slug": "337247_1708936525", "term": 2}}, {"model": "Manage.semester", "pk": 3, "fields": {"no": 2, "status": true, "slug": "280464_1709145685", "term": 3}}, {"model": "Manage.semester", "pk": 4, "fields": {"no": 6, "status": true, "slug": "220767_1709224859", "term": 4}}, {"model": "Manage.semester", "pk": 5, "fields": {"no": 6, "status": true, "slug": "744780_1709303587", "term": 5}}, {"model": "Manage.subject", "pk": 1, "fields": {"subject_name": "Microprocessor & Microcontroller", "code": "3141008", "credit": 5, "slug": "339316_1708928853", "semester": 1}}, {"model": "Manage.subject", "pk": 3, "fields": {"subject_name": "Internet Of Things", "code": "3160716", "credit": 3, "slug": "222542_1709058019", "semester": 2}}, {"model": "Manage.subject", "pk": 4, "fields": {"subject_name": "Soft Computing", "code": "3720217", "credit": 4, "slug": "283088_1709146023", "semester": 3}}, {"model": "Manage.subject", "pk": 5, "fields": {"subject_name": "Deep Learning and Neural Network", "code": "116AG01", "credit": 4, "slug": "309966_1709224920", "semester": 4}}, {"model": "Manage.subject", "pk": 6, "fields": {"subject_name": "TEST_SUBJECT", "code": "69", "credit": 69, "slug": "445594_1709304525", "semester": 5}}, {"model": "Manage.division", "pk": 1, "fields": {"division_name": "A", "slug": "252849_1708928696", "semester": 1}}, {"model": "Manage.division", "pk": 2, "fields": {"division_name": "B", "slug": "994624_1708928700", "semester": 1}}, {"model": "Manage.division", "pk": 3, "fields": {"division_name": "A", "slug": "222925_1708936540", "semester": 2}}, {"model": "Manage.division", "pk": 4, "fields": {"division_name": "B", "slug": "124282_1708936544", "semester": 2}}, {"model": "Manage.division", "pk": 5, "fields": {"division_name": "C", "slug": "281492_1708936549", "semester": 2}}, {"model": "Manage.division", "pk": 6, "fields": {"division_name": "A", "slug": "856506_1709145688", "semester": 3}}, {"model": "Manage.division", "pk": 7, "fields": {"division_name": "A", "slug": "202607_1709224862", "semester": 4}}, {"model": "Manage.division", "pk": 8, "fields": {"division_name": "B", "slug": "282865_1709303596", "semester": 5}}, {"model": "Manage.batch", "pk": 1, "fields": {"batch_name": "A1", "slug": "335122_1708928708", "division": 1, "students": [1, 2, 3, 4, 5, 6, 7, 8, 9, 10, 11, 12, 13, 14, 15, 16, 17, 18, 19, 20, 21, 22, 23, 24, 25, 26, 27]}}, {"model": "Manage.batch", "pk": 2, "fields": {"batch_name": "A2", "slug": "199958_1708928712", "division": 1, "students": [28, 29, 30, 31, 32, 33, 34, 35, 36, 37, 38, 39, 40, 41, 42, 43, 44, 45, 46, 47, 48, 49, 50, 51, 52, 53, 54]}}, {"model": "Manage.batch", "pk": 3, "fields": {"batch_name": "A3", "slug": "638410_1708928715", "division": 1, "students": [55, 56, 57, 58, 59, 60, 61, 62, 63, 64, 65, 66, 67, 68, 69, 70, 71, 72, 73, 74, 75, 76, 77, 78, 79, 80, 81]}}, {"model": "Manage.batch", "pk": 4, "fields": {"batch_name": "B1", "slug": "263987_1708928725", "division": 2, "students": [82, 83, 84, 85, 86, 87, 88, 89, 90, 91, 92, 93, 94, 95, 96, 97, 98, 99, 100, 101, 102, 103, 104, 105, 106, 107, 108]}}, {"model": "Manage.batch", "pk": 5, "fields": {"batch_name": "B2", "slug": "576893_1708928728", "division": 2, "students": [109, 110, 111, 112, 113, 114, 115, 116, 117, 118, 119, 120, 121, 122, 123, 124, 125, 126, 127, 128, 129, 130, 131, 132, 133, 134, 135]}}, {"model": "Manage.batch", "pk": 6, "fields": {"batch_name": "B3", "slug": "662227_1708928731", "division": 2, "students": [136, 137, 138, 139, 140, 141, 142, 143, 144, 145, 146, 147, 148, 149, 150, 151, 152, 153, 154, 155, 156, 157, 158, 159, 160, 161, 162, 163]}}, {"model": "Manage.batch", "pk": 7, "fields": {"batch_name": "B1", "slug": "139194_1708936622", "division": 4, "students": [164, 165, 166, 167, 168, 169, 170, 171, 172, 173, 174, 175, 176, 177, 178]}}, {"model": "Manage.batch", "pk": 8, "fields": {"batch_name": "B2", "slug": "202700_1708936624", "division": 4, "students": [179, 180, 181, 182, 183, 184, 185, 186, 187, 188, 189, 190, 191, 192, 193]}}, {"model": "Manage.batch", "pk": 9, "fields": {"batch_name": "B3", "slug": "434667_1708936628", "division": 4, "students": [194, 195, 196, 197, 198, 199, 200, 201, 202, 203, 204, 205, 206, 207, 208, 209]}}, {"model": "Manage.batch", "pk": 10, "fields": {"batch_name": "B4", "slug": "270281_1708936634", "division": 4, "students": [210, 211, 212, 213, 214, 215, 216, 217, 218, 219, 220, 221, 222, 223, 224, 225, 226, 227, 228, 229, 230]}}, {"model": "Manage.batch", "pk": 11, "fields": {"batch_name": "A1", "slug": "275913_1709145693", "division": 6, "students": [231, 232, 233, 234, 235, 236, 237, 238, 239, 240, 241, 242, 243, 244, 245, 246]}}, {"model": "Manage.batch", "pk": 12, "fields": {"batch_name": "M1", "slug": "655037_1709224867", "division": 7, "students": [167, 169, 205, 214, 247, 248, 249, 250, 251, 252, 253, 254, 255, 256, 257, 258, 259, 260, 261, 262]}}, {"model": "Manage.batch", "pk": 13, "fields": {"batch_name": "M2", "slug": "256593_1709224871", "division": 7, "students": [172, 208, 263, 264, 265, 266, 267, 268, 269, 270, 271, 272, 273, 274, 275, 276, 277, 278, 279]}}, {"model": "Manage.batch", "pk": 14, "fields": {"batch_name": "M3", "slug": "942196_1709224874", "division": 7, "students": [280, 281, 282, 283, 284, 285, 286, 287, 288, 289, 290, 291, 292, 293, 294, 295, 296, 297, 298, 299]}}, {"model": "Manage.batch", "pk": 15, "fields": {"batch_name": "B1", "slug": "305594_1709303606", "division": 8, "students": [175]}}, {"model": "Manage.batch", "pk": 16, "fields": {"batch_name": "B2", "slug": "248435_1709303609", "division": 8, "students": [180, 183, 186, 188, 190]}}, {"model": "Manage.batch", "pk": 17, "fields": {"batch_name": "B3", "slug": "814661_1709303611", "division": 8, "students": [201, 202, 198, 199, 204]}}, {"model": "Manage.batch", "pk": 18, "fields": {"batch_name": "B4", "slug": "283524_1709303613", "division": 8, "students": []}}, {"model": "Manage.timetable", "pk": 1, "fields": {"division": 1, "slug": "211517_1708928696"}}, {"model": "Manage.timetable", "pk": 2, "fields": {"division": 2, "slug": "510592_1708928700"}}, {"model": "Manage.timetable", "pk": 3, "fields": {"division": 3, "slug": "241486_1708936540"}}, {"model": "Manage.timetable", "pk": 4, "fields": {"division": 4, "slug": "280687_1708936544"}}, {"model": "Manage.timetable", "pk": 5, "fields": {"division": 5, "slug": "273919_1708936550"}}, {"model": "Manage.timetable", "pk": 6, "fields": {"division": 6, "slug": "325733_1709145688"}}, {"model": "Manage.timetable", "pk": 7, "fields": {"division": 7, "slug": "800041_1709224862"}}, {"model": "Manage.timetable", "pk": 8, "fields": {"division": 8, "slug": "323222_1709303596"}}, {"model": "Manage.gpscoordinates", "pk": 9, "fields": {"title": "E.C Dept", "long": "72.5446218", "latt": "23.032198"}}, {"model": "Manage.gpscoordinates", "pk": 24, "fields": {"title": "CE", "long": "72.548366", "latt": "23.033532"}}, {"model": "Manage.gpscoordinates", "pk": 25, "fields": {"title": "TEST_AASHRAY", "long": "72.5722555", "latt": "23.0501395"}}, {"model": "Manage.gpscoordinates", "pk": 33, "fields": {"title": "student_338898_1708935417", "long": "23.0323284", "latt": "72.5445183"}}, {"model": "Manage.gpscoordinates", "pk": 34, "fields": {"title": "student_305454_1708935417", "long": "23.0323227", "latt": "72.5445107"}}, {"model": "Manage.gpscoordinates", "pk": 35, "fields": {"title": "student_276851_1708935418", "long": "23.0323368", "latt": "72.5445259"}}, {"model": "Manage.gpscoordinates", "pk": 36, "fields": {"title": "student_170130_1708935417", "long": "23.0323229", "latt": "72.5445189"}}, {"model": "Manage.gpscoordinates", "pk": 37, "fields": {"title": "student_109105_1708935418", "long": "23.0323412", "latt": "72.5445191"}}, {"model": "Manage.gpscoordinates", "pk": 38, "fields": {"title": "student_305826_1708935418", "long": "23.0323326", "latt": "72.5445228"}}, {"model": "Manage.gpscoordinates", "pk": 39, "fields": {"title": "student_323128_1708935417", "long": "23.0323431", "latt": "72.5445177"}}, {"model": "Manage.gpscoordinates", "pk": 40, "fields": {"title": "student_399388_1708935417", "long": "23.0323204", "latt": "72.5445241"}}, {"model": "Manage.gpscoordinates", "pk": 41, "fields": {"title": "student_145530_1708935417", "long": "23.0323231", "latt": "72.5445193"}}, {"model": "Manage.gpscoordinates", "pk": 42, "fields": {"title": "student_609954_1708935417", "long": "23.0322809", "latt": "72.5444384"}}, {"model": "Manage.gpscoordinates", "pk": 43, "fields": {"title": "student_357634_1708935417", "long": "23.0323331", "latt": "72.5445234"}}, {"model": "Manage.gpscoordinates", "pk": 44, "fields": {"title": "student_283492_1708935417", "long": "23.0323285", "latt": "72.5445148"}}, {"model": "Manage.gpscoordinates", "pk": 45, "fields": {"title": "student_428568_1708935417", "long": "23.0323215", "latt": "72.5445187"}}, {"model": "Manage.gpscoordinates", "pk": 46, "fields": {"title": "student_226515_1708935417", "long": "23.0323243", "latt": "72.5445225"}}, {"model": "Manage.gpscoordinates", "pk": 47, "fields": {"title": "student_238226_1708935418", "long": "23.0323308", "latt": "72.5445263"}}, {"model": "Manage.gpscoordinates", "pk": 48, "fields": {"title": "student_118461_1708935417", "long": "23.0327798", "latt": "72.5446183"}}, {"model": "Manage.gpscoordinates", "pk": 49, "fields": {"title": "student_129553_1708935418", "long": "23.0323368", "latt": "72.5445259"}}, {"model": "Manage.gpscoordinates", "pk": 50, "fields": {"title": "student_895172_1708935417", "long": "23.0320216", "latt": "72.5443395"}}, {"model": "Manage.gpscoordinates", "pk": 51, "fields": {"title": "student_168393_1708935417", "long": "23.0323169", "latt": "72.5445241"}}, {"model": "Manage.classroom", "pk": 5, "fields": {"class_name": "953 - EC", "slug": "149677_1709523907", "branch": 1, "gps_coordinates": 9}}, {"model": "Manage.classroom", "pk": 6, "fields": {"class_name": "969 - EC", "slug": "216970_1709524417", "branch": 1, "gps_coordinates": 9}}, {"model": "Manage.classroom", "pk": 7, "fields": {"class_name": "970 - EC", "slug": "515314_1709524638", "branch": 1, "gps_coordinates": 9}}, {"model": "Manage.classroom", "pk": 8, "fields": {"class_name": "959 - EC", "slug": "862089_1709524772", "branch": 1, "gps_coordinates": 9}}, {"model": "Manage.classroom", "pk": 9, "fields": {"class_name": "TEST", "slug": "265201_1709576133", "branch": 5, "gps_coordinates": 25}}, {"model": "Manage.schedule", "pk": 1, "fields": {"day": "monday", "slug": "708432_1708928696", "timetable": 1}}, {"model": "Manage.schedule", "pk": 2, "fields": {"day": "tuesday", "slug": "285451_1708928696", "timetable": 1}}, {"model": "Manage.schedule", "pk": 3, "fields": {"day": "wednesday", "slug": "634435_1708928696", "timetable": 1}}, {"model": "Manage.schedule", "pk": 4, "fields": {"day": "thursday", "slug": "184600_1708928696", "timetable": 1}}, {"model": "Manage.schedule", "pk": 5, "fields": {"day": "friday", "slug": "285485_1708928696", "timetable": 1}}, {"model": "Manage.schedule", "pk": 6, "fields": {"day": "saturday", "slug": "188044_1708928696", "timetable": 1}}, {"model": "Manage.schedule", "pk": 7, "fields": {"day": "monday", "slug": "511285_1708928700", "timetable": 2}}, {"model": "Manage.schedule", "pk": 8, "fields": {"day": "tuesday", "slug": "851060_1708928700", "timetable": 2}}, {"model": "Manage.schedule", "pk": 9, "fields": {"day": "wednesday", "slug": "287237_1708928700", "timetable": 2}}, {"model": "Manage.schedule", "pk": 10, "fields": {"day": "thursday", "slug": "207457_1708928700", "timetable": 2}}, {"model": "Manage.schedule", "pk": 11, "fields": {"day": "friday", "slug": "260393_1708928700", "timetable": 2}}, {"model": "Manage.schedule", "pk": 12, "fields": {"day": "saturday", "slug": "287922_1708928700", "timetable": 2}}, {"model": "Manage.schedule", "pk": 13, "fields": {"day": "monday", "slug": "862456_1708936540", "timetable": 3}}, {"model": "Manage.schedule", "pk": 14, "fields": {"day": "tuesday", "slug": "254153_1708936540", "timetable": 3}}, {"model": "Manage.schedule", "pk": 15, "fields": {"day": "wednesday", "slug": "115938_1708936540", "timetable": 3}}, {"model": "Manage.schedule", "pk": 16, "fields": {"day": "thursday", "slug": "914045_1708936540", "timetable": 3}}, {"model": "Manage.schedule", "pk": 17, "fields": {"day": "friday", "slug": "761889_1708936540", "timetable": 3}}, {"model": "Manage.schedule", "pk": 18, "fields": {"day": "saturday", "slug": "176516_1708936540", "timetable": 3}}, {"model": "Manage.schedule", "pk": 19, "fields": {"day": "monday", "slug": "115692_1708936544", "timetable": 4}}, {"model": "Manage.schedule", "pk": 20, "fields": {"day": "tuesday", "slug": "266997_1708936544", "timetable": 4}}, {"model": "Manage.schedule", "pk": 21, "fields": {"day": "wednesday", "slug": "255474_1708936544", "timetable": 4}}, {"model": "Manage.schedule", "pk": 22, "fields": {"day": "thursday", "slug": "385834_1708936544", "timetable": 4}}, {"model": "Manage.schedule", "pk": 23, "fields": {"day": "friday", "slug": "130717_1708936544", "timetable": 4}}, {"model": "Manage.schedule", "pk": 24, "fields": {"day": "saturday", "slug": "230588_1708936544", "timetable": 4}}, {"model": "Manage.schedule", "pk": 25, "fields": {"day": "monday", "slug": "651526_1708936550", "timetable": 5}}, {"model": "Manage.schedule", "pk": 26, "fields": {"day": "tuesday", "slug": "975733_1708936550", "timetable": 5}}, {"model": "Manage.schedule", "pk": 27, "fields": {"day": "wednesday", "slug": "285115_1708936550", "timetable": 5}}, {"model": "Manage.schedule", "pk": 28, "fields": {"day": "thursday", "slug": "160151_1708936550", "timetable": 5}}, {"model": "Manage.schedule", "pk": 29, "fields": {"day": "friday", "slug": "255540_1708936550", "timetable": 5}}, {"model": "Manage.schedule", "pk": 30, "fields": {"day": "saturday", "slug": "233469_1708936550", "timetable": 5}}, {"model": "Manage.schedule", "pk": 31, "fields": {"day": "monday", "slug": "972364_1709145688", "timetable": 6}}, {"model": "Manage.schedule", "pk": 32, "fields": {"day": "tuesday", "slug": "921609_1709145688", "timetable": 6}}, {"model": "Manage.schedule", "pk": 33, "fields": {"day": "wednesday", "slug": "534910_1709145688", "timetable": 6}}, {"model": "Manage.schedule", "pk": 34, "fields": {"day": "thursday", "slug": "212639_1709145688", "timetable": 6}}, {"model": "Manage.schedule", "pk": 35, "fields": {"day": "friday", "slug": "319207_1709145688", "timetable": 6}}, {"model": "Manage.schedule", "pk": 36, "fields": {"day": "saturday", "slug": "624984_1709145688", "timetable": 6}}, {"model": "Manage.schedule", "pk": 37, "fields": {"day": "monday", "slug": "102892_1709224862", "timetable": 7}}, {"model": "Manage.schedule", "pk": 38, "fields": {"day": "tuesday", "slug": "130576_1709224862", "timetable": 7}}, {"model": "Manage.schedule", "pk": 39, "fields": {"day": "wednesday", "slug": "263179_1709224862", "timetable": 7}}, {"model": "Manage.schedule", "pk": 40, "fields": {"day": "thursday", "slug": "272212_1709224862", "timetable": 7}}, {"model": "Manage.schedule", "pk": 41, "fields": {"day": "friday", "slug": "219661_1709224862", "timetable": 7}}, {"model": "Manage.schedule", "pk": 42, "fields": {"day": "saturday", "slug": "106769_1709224862", "timetable": 7}}, {"model": "Manage.schedule", "pk": 43, "fields": {"day": "monday", "slug": "149805_1709303596", "timetable": 8}}, {"model": "Manage.schedule", "pk": 44, "fields": {"day": "tuesday", "slug": "169640_1709303596", "timetable": 8}}, {"model": "Manage.schedule", "pk": 45, "fields": {"day": "wednesday", "slug": "281932_1709303596", "timetable": 8}}, {"model": "Manage.schedule", "pk": 46, "fields": {"day": "thursday", "slug": "125409_1709303596", "timetable": 8}}, {"model": "Manage.schedule", "pk": 47, "fields": {"day": "friday", "slug": "297760_1709303596", "timetable": 8}}, {"model": "Manage.schedule", "pk": 48, "fields": {"day": "saturday", "slug": "311374_1709303596", "timetable": 8}}, {"model": "Manage.lecture", "pk": 8, "fields": {"start_time": "10:30:00", "end_time": "12:30:00", "type": "lab", "subject": 1, "teacher": 8, "classroom": 5, "schedule": 7, "slug": "290824_1709523985", "is_proxy": false, "is_active": false, "batches": [5]}}, {"model": "Manage.lecture", "pk": 9, "fields": {"start_time": "10:30:00", "end_time": "12:30:00", "type": "lab", "subject": 1, "teacher": 8, "classroom": 5, "schedule": 8, "slug": "134965_1709524333", "is_proxy": false, "is_active": true, "batches": [6]}}, {"model": "Manage.lecture", "pk": 10, "fields": {"start_time": "14:00:00", "end_time": "15:00:00", "type": "theory", "subject": 1, "teacher": 8, "classroom": 6, "schedule": 2, "slug": "203510_1709524567", "is_proxy": false, "is_active": true, "batches": [1, 2, 3]}}, {"model": "Manage.lecture", "pk": 11, "fields": {"start_time": "15:15:00", "end_time": "17:15:00", "type": "lab", "subject": 1, "teacher": 8, "classroom": 5, "schedule": 2, "slug": "978161_1709524610", "is_proxy": false, "is_active": true, "batches": [3]}}, {"model": "Manage.lecture", "pk": 12, "fields": {"start_time": "14:00:00", "end_time": "15:00:00", "type": "theory", "subject": 1, "teacher": 8, "classroom": 7, "schedule": 3, "slug": "327074_1709524690", "is_proxy": false, "is_active": true, "batches": [1, 2, 3]}}, {"model": "Manage.lecture", "pk": 13, "fields": {"start_time": "15:15:00", "end_time": "17:15:00", "type": "lab", "subject": 1, "teacher": 8, "classroom": 5, "schedule": 3, "slug": "158467_1709524730", "is_proxy": false, "is_active": true, "batches": [2]}}, {"model": "Manage.lecture", "pk": 14, "fields": {"start_time": "14:00:00", "end_time": "15:00:00", "type": "theory", "subject": 1, "teacher": 8, "classroom": 8, "schedule": 10, "slug": "527653_1709524811", "is_proxy": false, "is_active": true, "batches": [4, 5, 6]}}, {"model": "Manage.lecture", "pk": 15, "fields": {"start_time": "13:00:00", "end_time": "14:00:00", "type": "theory", "subject": 1, "teacher": 8, "classroom": 8, "schedule": 11, "slug": "541090_1709524884", "is_proxy": false, "is_active": true, "batches": [4, 5, 6]}}, {"model": "Manage.lecture", "pk": 16, "fields": {"start_time": "22:00:00", "end_time": "23:58:00", "type": "theory", "subject": 6, "teacher": 9, "classroom": 9, "schedule": 43, "slug": "786184_1709576175", "is_proxy": false, "is_active": true, "batches": [16, 17, 18, 15]}}, {"model": "Session.attendance", "pk": 323, "fields": {"student": 128, "is_present": false, "marking_time": null, "manual": false, "coordinates": null, "on_premises": false, "slug": "144446_1709523985"}}, {"model": "Session.attendance", "pk": 324, "fields": {"student": 129, "is_present": false, "marking_time": null, "manual": false, "coordinates": null, "on_premises": false, "slug": "155078_1709523985"}}, {"model": "Session.attendance", "pk": 325, "fields": {"student": 130, "is_present": false, "marking_time": null, "manual": false, "coordinates": null, "on_premises": false, "slug": "921411_1709523985"}}, {"model": "Session.attendance", "pk": 326, "fields": {"student": 131, "is_present": true, "marking_time": "2024-03-04T06:56:40.998Z", "manual": false, "coordinates": 38, "on_premises": true, "slug": "175275_1709523985"}}, {"model": "Session.attendance", "pk": 327, "fields": {"student": 132, "is_present": true, "marking_time": "2024-03-04T07:03:04.107Z", "manual": false, "coordinates": 49, "on_premises": true, "slug": "304410_1709523985"}}, {"model": "Session.attendance", "pk": 328, "fields": {"student": 133, "is_present": true, "marking_time": "2024-03-04T07:00:22.192Z", "manual": false, "coordinates": 47, "on_premises": true, "slug": "127968_1709523985"}}, {"model": "Session.attendance", "pk": 329, "fields": {"student": 134, "is_present": true, "marking_time": "2024-03-04T06:55:50.320Z", "manual": false, "coordinates": 35, "on_premises": true, "slug": "129564_1709523985"}}, {"model": "Session.attendance", "pk": 330, "fields": {"student": 135, "is_present": true, "marking_time": "2024-03-04T06:56:08.662Z", "manual": false, "coordinates": 37, "on_premises": true, "slug": "857834_1709523985"}}, {"model": "Session.attendance", "pk": 331, "fields": {"student": 109, "is_present": true, "marking_time": "2024-03-04T06:56:04.957Z", "manual": false, "coordinates": 36, "on_premises": true, "slug": "452126_1709523985"}}, {"model": "Session.attendance", "pk": 332, "fields": {"student": 110, "is_present": true, "marking_time": "2024-03-04T06:58:13.921Z", "manual": false, "coordinates": 45, "on_premises": true, "slug": "178133_1709523985"}}, {"model": "Session.attendance", "pk": 333, "fields": {"student": 111, "is_present": true, "marking_time": "2024-03-04T06:57:08.115Z", "manual": false, "coordinates": 42, "on_premises": true, "slug": "301920_1709523985"}}, {"model": "Session.attendance", "pk": 334, "fields": {"student": 112, "is_present": true, "marking_time": "2024-03-04T06:58:06.438Z", "manual": false, "coordinates": 44, "on_premises": true, "slug": "322036_1709523985"}}, {"model": "Session.attendance", "pk": 335, "fields": {"student": 113, "is_present": true, "marking_time": "2024-03-04T06:55:05.052Z", "manual": false, "coordinates": 33, "on_premises": true, "slug": "132701_1709523985"}}, {"model": "Session.attendance", "pk": 336, "fields": {"student": 114, "is_present": true, "marking_time": "2024-03-04T07:06:05.997Z", "manual": true, "coordinates": null, "on_premises": false, "slug": "182397_1709523985"}}, {"model": "Session.attendance", "pk": 337, "fields": {"student": 115, "is_present": true, "marking_time": "2024-03-04T06:56:49.563Z", "manual": false, "coordinates": 39, "on_premises": true, "slug": "261280_1709523985"}}, {"model": "Session.attendance", "pk": 338, "fields": {"student": 116, "is_present": false, "marking_time": null, "manual": false, "coordinates": null, "on_premises": false, "slug": "315445_1709523985"}}, {"model": "Session.attendance", "pk": 339, "fields": {"student": 117, "is_present": true, "marking_time": "2024-03-04T07:00:29.075Z", "manual": false, "coordinates": 48, "on_premises": true, "slug": "189958_1709523985"}}, {"model": "Session.attendance", "pk": 340, "fields": {"student": 118, "is_present": false, "marking_time": null, "manual": false, "coordinates": null, "on_premises": false, "slug": "120673_1709523985"}}, {"model": "Session.attendance", "pk": 341, "fields": {"student": 119, "is_present": true, "marking_time": "2024-03-04T06:55:34.377Z", "manual": false, "coordinates": 34, "on_premises": true, "slug": "261200_1709523985"}}, {"model": "Session.attendance", "pk": 342, "fields": {"student": 120, "is_present": true, "marking_time": "2024-03-04T07:06:47.977Z", "manual": true, "coordinates": null, "on_premises": false, "slug": "247129_1709523985"}}, {"model": "Session.attendance", "pk": 343, "fields": {"student": 121, "is_present": true, "marking_time": "2024-03-04T06:59:43.476Z", "manual": false, "coordinates": 46, "on_premises": true, "slug": "323607_1709523985"}}, {"model": "Session.attendance", "pk": 344, "fields": {"student": 122, "is_present": false, "marking_time": null, "manual": false, "coordinates": null, "on_premises": false, "slug": "228292_1709523985"}}, {"model": "Session.attendance", "pk": 345, "fields": {"student": 123, "is_present": true, "marking_time": "2024-03-04T06:57:02.104Z", "manual": false, "coordinates": 41, "on_premises": true, "slug": "319848_1709523985"}}, {"model": "Session.attendance", "pk": 346, "fields": {"student": 124, "is_present": true, "marking_time": "2024-03-04T07:05:23.324Z", "manual": false, "coordinates": 51, "on_premises": true, "slug": "171320_1709523985"}}, {"model": "Session.attendance", "pk": 347, "fields": {"student": 125, "is_present": true, "marking_time": "2024-03-04T06:56:54.204Z", "manual": false, "coordinates": 40, "on_premises": true, "slug": "329869_1709523985"}}, {"model": "Session.attendance", "pk": 348, "fields": {"student": 126, "is_present": true, "marking_time": "2024-03-04T07:04:14.510Z", "manual": false, "coordinates": 50, "on_premises": true, "slug": "252598_1709523985"}}, {"model": "Session.attendance", "pk": 349, "fields": {"student": 127, "is_present": true, "marking_time": "2024-03-04T06:57:18.057Z", "manual": false, "coordinates": 43, "on_premises": true, "slug": "326685_1709523985"}}, {"model": "Session.attendance", "pk": 350, "fields": {"student": 136, "is_present": false, "marking_time": null, "manual": false, "coordinates": null, "on_premises": false, "slug": "126069_1709524333"}}, {"model": "Session.attendance", "pk": 351, "fields": {"student": 137, "is_present": false, "marking_time": null, "manual": false, "coordinates": null, "on_premises": false, "slug": "701839_1709524333"}}, {"model": "Session.attendance", "pk": 352, "fields": {"student": 138, "is_present": false, "marking_time": null, "manual": false, "coordinates": null, "on_premises": false, "slug": "278541_1709524333"}}, {"model": "Session.attendance", "pk": 353, "fields": {"student": 139, "is_present": false, "marking_time": null, "manual": false, "coordinates": null, "on_premises": false, "slug": "182660_1709524333"}}, {"model": "Session.attendance", "pk": 354, "fields": {"student": 140, "is_present": false, "marking_time": null, "manual": false, "coordinates": null, "on_premises": false, "slug": "259542_1709524333"}}, {"model": "Session.attendance", "pk": 355, "fields": {"student": 141, "is_present": false, "marking_time": null, "manual": false, "coordinates": null, "on_premises": false, "slug": "288753_1709524333"}}, {"model": "Session.attendance", "pk": 356, "fields": {"student": 142, "is_present": false, "marking_time": null, "manual": false, "coordinates": null, "on_premises": false, "slug": "134393_1709524333"}}, {"model": "Session.attendance", "pk": 357, "fields": {"student": 143, "is_present": false, "marking_time": null, "manual": false, "coordinates": null, "on_premises": false, "slug": "229287_1709524333"}}, {"model": "Session.attendance", "pk": 358, "fields": {"student": 144, "is_present": false, "marking_time": null, "manual": false, "coordinates": null, "on_premises": false, "slug": "273817_1709524333"}}, {"model": "Session.attendance", "pk": 359, "fields": {"student": 145, "is_present": false, "marking_time": null, "manual": false, "coordinates": null, "on_premises": false, "slug": "604511_1709524333"}}, {"model": "Session.attendance", "pk": 360, "fields": {"student": 146, "is_present": false, "marking_time": null, "manual": false, "coordinates": null, "on_premises": false, "slug": "133111_1709524333"}}, {"model": "Session.attendance", "pk": 361, "fields": {"student": 147, "is_present": false, "marking_time": null, "manual": false, "coordinates": null, "on_premises": false, "slug": "316527_1709524333"}}, {"model": "Session.attendance", "pk": 362, "fields": {"student": 148, "is_present": false, "marking_time": null, "manual": false, "coordinates": null, "on_premises": false, "slug": "742505_1709524333"}}, {"model": "Session.attendance", "pk": 363, "fields": {"student": 149, "is_present": false, "marking_time": null, "manual": false, "coordinates": null, "on_premises": false, "slug": "361583_1709524333"}}, {"model": "Session.attendance", "pk": 364, "fields": {"student": 150, "is_present": false, "marking_time": null, "manual": false, "coordinates": null, "on_premises": false, "slug": "564613_1709524333"}}, {"model": "Session.attendance", "pk": 365, "fields": {"student": 151, "is_present": false, "marking_time": null, "manual": false, "coordinates": null, "on_premises": false, "slug": "308274_1709524333"}}, {"model": "Session.attendance", "pk": 366, "fields": {"student": 152, "is_present": false, "marking_time": null, "manual": false, "coordinates": null, "on_premises": false, "slug": "310962_1709524333"}}, {"model": "Session.attendance", "pk": 367, "fields": {"student": 153, "is_present": false, "marking_time": null, "manual": false, "coordinates": null, "on_premises": false, "slug": "213490_1709524333"}}, {"model": "Session.attendance", "pk": 368, "fields": {"student": 154, "is_present": false, "marking_time": null, "manual": false, "coordinates": null, "on_premises": false, "slug": "119894_1709524333"}}, {"model": "Session.attendance", "pk": 369, "fields": {"student": 155, "is_present": false, "marking_time": null, "manual": false, "coordinates": null, "on_premises": false, "slug": "233082_1709524333"}}, {"model": "Session.attendance", "pk": 370, "fields": {"student": 156, "is_present": false, "marking_time": null, "manual": false, "coordinates": null, "on_premises": false, "slug": "237322_1709524333"}}, {"model": "Session.attendance", "pk": 371, "fields": {"student": 157, "is_present": false, "marking_time": null, "manual": false, "coordinates": null, "on_premises": false, "slug": "120311_1709524333"}}, {"model": "Session.attendance", "pk": 372, "fields": {"student": 158, "is_present": false, "marking_time": null, "manual": false, "coordinates": null, "on_premises": false, "slug": "288832_1709524333"}}, {"model": "Session.attendance", "pk": 373, "fields": {"student": 159, "is_present": false, "marking_time": null, "manual": false, "coordinates": null, "on_premises": false, "slug": "234440_1709524333"}}, {"model": "Session.attendance", "pk": 374, "fields": {"student": 160, "is_present": false, "marking_time": null, "manual": false, "coordinates": null, "on_premises": false, "slug": "254190_1709524333"}}, {"model": "Session.attendance", "pk": 375, "fields": {"student": 161, "is_present": false, "marking_time": null, "manual": false, "coordinates": null, "on_premises": false, "slug": "843218_1709524333"}}, {"model": "Session.attendance", "pk": 376, "fields": {"student": 162, "is_present": false, "marking_time": null, "manual": false, "coordinates": null, "on_premises": false, "slug": "883644_1709524333"}}, {"model": "Session.attendance", "pk": 377, "fields": {"student": 163, "is_present": false, "marking_time": null, "manual": false, "coordinates": null, "on_premises": false, "slug": "848063_1709524333"}}, {"model": "Session.attendance", "pk": 378, "fields": {"student": 1, "is_present": false, "marking_time": null, "manual": false, "coordinates": null, "on_premises": false, "slug": "103546_1709524567"}}, {"model": "Session.attendance", "pk": 379, "fields": {"student": 2, "is_present": false, "marking_time": null, "manual": false, "coordinates": null, "on_premises": false, "slug": "172288_1709524567"}}, {"model": "Session.attendance", "pk": 380, "fields": {"student": 3, "is_present": false, "marking_time": null, "manual": false, "coordinates": null, "on_premises": false, "slug": "252032_1709524567"}}, {"model": "Session.attendance", "pk": 381, "fields": {"student": 4, "is_present": false, "marking_time": null, "manual": false, "coordinates": null, "on_premises": false, "slug": "100397_1709524567"}}, {"model": "Session.attendance", "pk": 382, "fields": {"student": 5, "is_present": false, "marking_time": null, "manual": false, "coordinates": null, "on_premises": false, "slug": "322757_1709524567"}}, {"model": "Session.attendance", "pk": 383, "fields": {"student": 6, "is_present": false, "marking_time": null, "manual": false, "coordinates": null, "on_premises": false, "slug": "902464_1709524567"}}, {"model": "Session.attendance", "pk": 384, "fields": {"student": 7, "is_present": false, "marking_time": null, "manual": false, "coordinates": null, "on_premises": false, "slug": "284443_1709524567"}}, {"model": "Session.attendance", "pk": 385, "fields": {"student": 8, "is_present": false, "marking_time": null, "manual": false, "coordinates": null, "on_premises": false, "slug": "141814_1709524567"}}, {"model": "Session.attendance", "pk": 386, "fields": {"student": 9, "is_present": false, "marking_time": null, "manual": false, "coordinates": null, "on_premises": false, "slug": "175278_1709524567"}}, {"model": "Session.attendance", "pk": 387, "fields": {"student": 10, "is_present": false, "marking_time": null, "manual": false, "coordinates": null, "on_premises": false, "slug": "220625_1709524567"}}, {"model": "Session.attendance", "pk": 388, "fields": {"student": 11, "is_present": false, "marking_time": null, "manual": false, "coordinates": null, "on_premises": false, "slug": "248358_1709524567"}}, {"model": "Session.attendance", "pk": 389, "fields": {"student": 12, "is_present": false, "marking_time": null, "manual": false, "coordinates": null, "on_premises": false, "slug": "155956_1709524567"}}, {"model": "Session.attendance", "pk": 390, "fields": {"student": 13, "is_present": false, "marking_time": null, "manual": false, "coordinates": null, "on_premises": false, "slug": "538636_1709524567"}}, {"model": "Session.attendance", "pk": 391, "fields": {"student": 14, "is_present": false, "marking_time": null, "manual": false, "coordinates": null, "on_premises": false, "slug": "320649_1709524567"}}, {"model": "Session.attendance", "pk": 392, "fields": {"student": 15, "is_present": false, "marking_time": null, "manual": false, "coordinates": null, "on_premises": false, "slug": "194078_1709524567"}}, {"model": "Session.attendance", "pk": 393, "fields": {"student": 16, "is_present": false, "marking_time": null, "manual": false, "coordinates": null, "on_premises": false, "slug": "150604_1709524567"}}, {"model": "Session.attendance", "pk": 394, "fields": {"student": 17, "is_present": false, "marking_time": null, "manual": false, "coordinates": null, "on_premises": false, "slug": "338179_1709524567"}}, {"model": "Session.attendance", "pk": 395, "fields": {"student": 18, "is_present": false, "marking_time": null, "manual": false, "coordinates": null, "on_premises": false, "slug": "263048_1709524567"}}, {"model": "Session.attendance", "pk": 396, "fields": {"student": 19, "is_present": false, "marking_time": null, "manual": false, "coordinates": null, "on_premises": false, "slug": "272147_1709524567"}}, {"model": "Session.attendance", "pk": 397, "fields": {"student": 20, "is_present": false, "marking_time": null, "manual": false, "coordinates": null, "on_premises": false, "slug": "156630_1709524567"}}, {"model": "Session.attendance", "pk": 398, "fields": {"student": 21, "is_present": false, "marking_time": null, "manual": false, "coordinates": null, "on_premises": false, "slug": "159111_1709524567"}}, {"model": "Session.attendance", "pk": 399, "fields": {"student": 22, "is_present": false, "marking_time": null, "manual": false, "coordinates": null, "on_premises": false, "slug": "222447_1709524567"}}, {"model": "Session.attendance", "pk": 400, "fields": {"student": 23, "is_present": false, "marking_time": null, "manual": false, "coordinates": null, "on_premises": false, "slug": "885202_1709524567"}}, {"model": "Session.attendance", "pk": 401, "fields": {"student": 24, "is_present": false, "marking_time": null, "manual": false, "coordinates": null, "on_premises": false, "slug": "212846_1709524567"}}, {"model": "Session.attendance", "pk": 402, "fields": {"student": 25, "is_present": false, "marking_time": null, "manual": false, "coordinates": null, "on_premises": false, "slug": "269433_1709524567"}}, {"model": "Session.attendance", "pk": 403, "fields": {"student": 26, "is_present": false, "marking_time": null, "manual": false, "coordinates": null, "on_premises": false, "slug": "629689_1709524567"}}, {"model": "Session.attendance", "pk": 404, "fields": {"student": 27, "is_present": false, "marking_time": null, "manual": false, "coordinates": null, "on_premises": false, "slug": "194954_1709524567"}}, {"model": "Session.attendance", "pk": 405, "fields": {"student": 55, "is_present": false, "marking_time": null, "manual": false, "coordinates": null, "on_premises": false, "slug": "180937_1709524567"}}, {"model": "Session.attendance", "pk": 406, "fields": {"student": 56, "is_present": false, "marking_time": null, "manual": false, "coordinates": null, "on_premises": false, "slug": "567797_1709524567"}}, {"model": "Session.attendance", "pk": 407, "fields": {"student": 57, "is_present": false, "marking_time": null, "manual": false, "coordinates": null, "on_premises": false, "slug": "208094_1709524567"}}, {"model": "Session.attendance", "pk": 408, "fields": {"student": 58, "is_present": false, "marking_time": null, "manual": false, "coordinates": null, "on_premises": false, "slug": "322892_1709524567"}}, {"model": "Session.attendance", "pk": 409, "fields": {"student": 59, "is_present": false, "marking_time": null, "manual": false, "coordinates": null, "on_premises": false, "slug": "112634_1709524567"}}, {"model": "Session.attendance", "pk": 410, "fields": {"student": 60, "is_present": false, "marking_time": null, "manual": false, "coordinates": null, "on_premises": false, "slug": "560015_1709524567"}}, {"model": "Session.attendance", "pk": 411, "fields": {"student": 61, "is_present": false, "marking_time": null, "manual": false, "coordinates": null, "on_premises": false, "slug": "340220_1709524567"}}, {"model": "Session.attendance", "pk": 412, "fields": {"student": 62, "is_present": false, "marking_time": null, "manual": false, "coordinates": null, "on_premises": false, "slug": "200551_1709524567"}}, {"model": "Session.attendance", "pk": 413, "fields": {"student": 63, "is_present": false, "marking_time": null, "manual": false, "coordinates": null, "on_premises": false, "slug": "180051_1709524567"}}, {"model": "Session.attendance", "pk": 414, "fields": {"student": 64, "is_present": false, "marking_time": null, "manual": false, "coordinates": null, "on_premises": false, "slug": "322873_1709524567"}}, {"model": "Session.attendance", "pk": 415, "fields": {"student": 65, "is_present": false, "marking_time": null, "manual": false, "coordinates": null, "on_premises": false, "slug": "126257_1709524567"}}, {"model": "Session.attendance", "pk": 416, "fields": {"student": 66, "is_present": false, "marking_time": null, "manual": false, "coordinates": null, "on_premises": false, "slug": "169405_1709524567"}}, {"model": "Session.attendance", "pk": 417, "fields": {"student": 67, "is_present": false, "marking_time": null, "manual": false, "coordinates": null, "on_premises": false, "slug": "280079_1709524567"}}, {"model": "Session.attendance", "pk": 418, "fields": {"student": 68, "is_present": false, "marking_time": null, "manual": false, "coordinates": null, "on_premises": false, "slug": "276658_1709524567"}}, {"model": "Session.attendance", "pk": 419, "fields": {"student": 69, "is_present": false, "marking_time": null, "manual": false, "coordinates": null, "on_premises": false, "slug": "109179_1709524567"}}, {"model": "Session.attendance", "pk": 420, "fields": {"student": 70, "is_present": false, "marking_time": null, "manual": false, "coordinates": null, "on_premises": false, "slug": "776320_1709524567"}}, {"model": "Session.attendance", "pk": 421, "fields": {"student": 71, "is_present": false, "marking_time": null, "manual": false, "coordinates": null, "on_premises": false, "slug": "135458_1709524567"}}, {"model": "Session.attendance", "pk": 422, "fields": {"student": 72, "is_present": false, "marking_time": null, "manual": false, "coordinates": null, "on_premises": false, "slug": "216832_1709524567"}}, {"model": "Session.attendance", "pk": 423, "fields": {"student": 73, "is_present": false, "marking_time": null, "manual": false, "coordinates": null, "on_premises": false, "slug": "458923_1709524567"}}, {"model": "Session.attendance", "pk": 424, "fields": {"student": 74, "is_present": false, "marking_time": null, "manual": false, "coordinates": null, "on_premises": false, "slug": "211059_1709524567"}}, {"model": "Session.attendance", "pk": 425, "fields": {"student": 75, "is_present": false, "marking_time": null, "manual": false, "coordinates": null, "on_premises": false, "slug": "228215_1709524567"}}, {"model": "Session.attendance", "pk": 426, "fields": {"student": 76, "is_present": false, "marking_time": null, "manual": false, "coordinates": null, "on_premises": false, "slug": "205030_1709524567"}}, {"model": "Session.attendance", "pk": 427, "fields": {"student": 77, "is_present": false, "marking_time": null, "manual": false, "coordinates": null, "on_premises": false, "slug": "274649_1709524567"}}, {"model": "Session.attendance", "pk": 428, "fields": {"student": 78, "is_present": false, "marking_time": null, "manual": false, "coordinates": null, "on_premises": false, "slug": "118043_1709524567"}}, {"model": "Session.attendance", "pk": 429, "fields": {"student": 79, "is_present": false, "marking_time": null, "manual": false, "coordinates": null, "on_premises": false, "slug": "339203_1709524567"}}, {"model": "Session.attendance", "pk": 430, "fields": {"student": 80, "is_present": false, "marking_time": null, "manual": false, "coordinates": null, "on_premises": false, "slug": "393106_1709524567"}}, {"model": "Session.attendance", "pk": 431, "fields": {"student": 81, "is_present": false, "marking_time": null, "manual": false, "coordinates": null, "on_premises": false, "slug": "100413_1709524567"}}, {"model": "Session.attendance", "pk": 432, "fields": {"student": 28, "is_present": false, "marking_time": null, "manual": false, "coordinates": null, "on_premises": false, "slug": "302931_1709524567"}}, {"model": "Session.attendance", "pk": 433, "fields": {"student": 29, "is_present": false, "marking_time": null, "manual": false, "coordinates": null, "on_premises": false, "slug": "269529_1709524567"}}, {"model": "Session.attendance", "pk": 434, "fields": {"student": 30, "is_present": false, "marking_time": null, "manual": false, "coordinates": null, "on_premises": false, "slug": "270706_1709524567"}}, {"model": "Session.attendance", "pk": 435, "fields": {"student": 31, "is_present": false, "marking_time": null, "manual": false, "coordinates": null, "on_premises": false, "slug": "629644_1709524567"}}, {"model": "Session.attendance", "pk": 436, "fields": {"student": 32, "is_present": false, "marking_time": null, "manual": false, "coordinates": null, "on_premises": false, "slug": "284138_1709524567"}}, {"model": "Session.attendance", "pk": 437, "fields": {"student": 33, "is_present": false, "marking_time": null, "manual": false, "coordinates": null, "on_premises": false, "slug": "170799_1709524567"}}, {"model": "Session.attendance", "pk": 438, "fields": {"student": 34, "is_present": false, "marking_time": null, "manual": false, "coordinates": null, "on_premises": false, "slug": "111918_1709524567"}}, {"model": "Session.attendance", "pk": 439, "fields": {"student": 35, "is_present": false, "marking_time": null, "manual": false, "coordinates": null, "on_premises": false, "slug": "438364_1709524567"}}, {"model": "Session.attendance", "pk": 440, "fields": {"student": 36, "is_present": false, "marking_time": null, "manual": false, "coordinates": null, "on_premises": false, "slug": "120318_1709524567"}}, {"model": "Session.attendance", "pk": 441, "fields": {"student": 37, "is_present": false, "marking_time": null, "manual": false, "coordinates": null, "on_premises": false, "slug": "119389_1709524567"}}, {"model": "Session.attendance", "pk": 442, "fields": {"student": 38, "is_present": false, "marking_time": null, "manual": false, "coordinates": null, "on_premises": false, "slug": "167910_1709524567"}}, {"model": "Session.attendance", "pk": 443, "fields": {"student": 39, "is_present": false, "marking_time": null, "manual": false, "coordinates": null, "on_premises": false, "slug": "760492_1709524567"}}, {"model": "Session.attendance", "pk": 444, "fields": {"student": 40, "is_present": false, "marking_time": null, "manual": false, "coordinates": null, "on_premises": false, "slug": "705979_1709524567"}}, {"model": "Session.attendance", "pk": 445, "fields": {"student": 41, "is_present": false, "marking_time": null, "manual": false, "coordinates": null, "on_premises": false, "slug": "705367_1709524567"}}, {"model": "Session.attendance", "pk": 446, "fields": {"student": 42, "is_present": false, "marking_time": null, "manual": false, "coordinates": null, "on_premises": false, "slug": "306579_1709524567"}}, {"model": "Session.attendance", "pk": 447, "fields": {"student": 43, "is_present": false, "marking_time": null, "manual": false, "coordinates": null, "on_premises": false, "slug": "716400_1709524567"}}, {"model": "Session.attendance", "pk": 448, "fields": {"student": 44, "is_present": false, "marking_time": null, "manual": false, "coordinates": null, "on_premises": false, "slug": "176464_1709524567"}}, {"model": "Session.attendance", "pk": 449, "fields": {"student": 45, "is_present": false, "marking_time": null, "manual": false, "coordinates": null, "on_premises": false, "slug": "148017_1709524567"}}, {"model": "Session.attendance", "pk": 450, "fields": {"student": 46, "is_present": false, "marking_time": null, "manual": false, "coordinates": null, "on_premises": false, "slug": "952385_1709524567"}}, {"model": "Session.attendance", "pk": 451, "fields": {"student": 47, "is_present": false, "marking_time": null, "manual": false, "coordinates": null, "on_premises": false, "slug": "318850_1709524567"}}, {"model": "Session.attendance", "pk": 452, "fields": {"student": 48, "is_present": false, "marking_time": null, "manual": false, "coordinates": null, "on_premises": false, "slug": "484043_1709524567"}}, {"model": "Session.attendance", "pk": 453, "fields": {"student": 49, "is_present": false, "marking_time": null, "manual": false, "coordinates": null, "on_premises": false, "slug": "822775_1709524567"}}, {"model": "Session.attendance", "pk": 454, "fields": {"student": 50, "is_present": false, "marking_time": null, "manual": false, "coordinates": null, "on_premises": false, "slug": "117882_1709524567"}}, {"model": "Session.attendance", "pk": 455, "fields": {"student": 51, "is_present": false, "marking_time": null, "manual": false, "coordinates": null, "on_premises": false, "slug": "236325_1709524567"}}, {"model": "Session.attendance", "pk": 456, "fields": {"student": 52, "is_present": false, "marking_time": null, "manual": false, "coordinates": null, "on_premises": false, "slug": "201111_1709524567"}}, {"model": "Session.attendance", "pk": 457, "fields": {"student": 53, "is_present": false, "marking_time": null, "manual": false, "coordinates": null, "on_premises": false, "slug": "147500_1709524567"}}, {"model": "Session.attendance", "pk": 458, "fields": {"student": 54, "is_present": false, "marking_time": null, "manual": false, "coordinates": null, "on_premises": false, "slug": "391158_1709524567"}}, {"model": "Session.attendance", "pk": 459, "fields": {"student": 55, "is_present": false, "marking_time": null, "manual": false, "coordinates": null, "on_premises": false, "slug": "186949_1709524610"}}, {"model": "Session.attendance", "pk": 460, "fields": {"student": 56, "is_present": false, "marking_time": null, "manual": false, "coordinates": null, "on_premises": false, "slug": "249142_1709524610"}}, {"model": "Session.attendance", "pk": 461, "fields": {"student": 57, "is_present": false, "marking_time": null, "manual": false, "coordinates": null, "on_premises": false, "slug": "336363_1709524610"}}, {"model": "Session.attendance", "pk": 462, "fields": {"student": 58, "is_present": false, "marking_time": null, "manual": false, "coordinates": null, "on_premises": false, "slug": "693009_1709524610"}}, {"model": "Session.attendance", "pk": 463, "fields": {"student": 59, "is_present": false, "marking_time": null, "manual": false, "coordinates": null, "on_premises": false, "slug": "269543_1709524610"}}, {"model": "Session.attendance", "pk": 464, "fields": {"student": 60, "is_present": false, "marking_time": null, "manual": false, "coordinates": null, "on_premises": false, "slug": "336819_1709524610"}}, {"model": "Session.attendance", "pk": 465, "fields": {"student": 61, "is_present": false, "marking_time": null, "manual": false, "coordinates": null, "on_premises": false, "slug": "681381_1709524610"}}, {"model": "Session.attendance", "pk": 466, "fields": {"student": 62, "is_present": false, "marking_time": null, "manual": false, "coordinates": null, "on_premises": false, "slug": "469687_1709524610"}}, {"model": "Session.attendance", "pk": 467, "fields": {"student": 63, "is_present": false, "marking_time": null, "manual": false, "coordinates": null, "on_premises": false, "slug": "136397_1709524610"}}, {"model": "Session.attendance", "pk": 468, "fields": {"student": 64, "is_present": false, "marking_time": null, "manual": false, "coordinates": null, "on_premises": false, "slug": "269398_1709524610"}}, {"model": "Session.attendance", "pk": 469, "fields": {"student": 65, "is_present": false, "marking_time": null, "manual": false, "coordinates": null, "on_premises": false, "slug": "310694_1709524610"}}, {"model": "Session.attendance", "pk": 470, "fields": {"student": 66, "is_present": false, "marking_time": null, "manual": false, "coordinates": null, "on_premises": false, "slug": "108280_1709524610"}}, {"model": "Session.attendance", "pk": 471, "fields": {"student": 67, "is_present": false, "marking_time": null, "manual": false, "coordinates": null, "on_premises": false, "slug": "298568_1709524610"}}, {"model": "Session.attendance", "pk": 472, "fields": {"student": 68, "is_present": false, "marking_time": null, "manual": false, "coordinates": null, "on_premises": false, "slug": "265332_1709524610"}}, {"model": "Session.attendance", "pk": 473, "fields": {"student": 69, "is_present": false, "marking_time": null, "manual": false, "coordinates": null, "on_premises": false, "slug": "202019_1709524610"}}, {"model": "Session.attendance", "pk": 474, "fields": {"student": 70, "is_present": false, "marking_time": null, "manual": false, "coordinates": null, "on_premises": false, "slug": "187980_1709524610"}}, {"model": "Session.attendance", "pk": 475, "fields": {"student": 71, "is_present": false, "marking_time": null, "manual": false, "coordinates": null, "on_premises": false, "slug": "704656_1709524610"}}, {"model": "Session.attendance", "pk": 476, "fields": {"student": 72, "is_present": false, "marking_time": null, "manual": false, "coordinates": null, "on_premises": false, "slug": "190088_1709524610"}}, {"model": "Session.attendance", "pk": 477, "fields": {"student": 73, "is_present": false, "marking_time": null, "manual": false, "coordinates": null, "on_premises": false, "slug": "240313_1709524610"}}, {"model": "Session.attendance", "pk": 478, "fields": {"student": 74, "is_present": false, "marking_time": null, "manual": false, "coordinates": null, "on_premises": false, "slug": "232387_1709524610"}}, {"model": "Session.attendance", "pk": 479, "fields": {"student": 75, "is_present": false, "marking_time": null, "manual": false, "coordinates": null, "on_premises": false, "slug": "107112_1709524610"}}, {"model": "Session.attendance", "pk": 480, "fields": {"student": 76, "is_present": false, "marking_time": null, "manual": false, "coordinates": null, "on_premises": false, "slug": "172391_1709524610"}}, {"model": "Session.attendance", "pk": 481, "fields": {"student": 77, "is_present": false, "marking_time": null, "manual": false, "coordinates": null, "on_premises": false, "slug": "123336_1709524610"}}, {"model": "Session.attendance", "pk": 482, "fields": {"student": 78, "is_present": false, "marking_time": null, "manual": false, "coordinates": null, "on_premises": false, "slug": "318158_1709524610"}}, {"model": "Session.attendance", "pk": 483, "fields": {"student": 79, "is_present": false, "marking_time": null, "manual": false, "coordinates": null, "on_premises": false, "slug": "512149_1709524610"}}, {"model": "Session.attendance", "pk": 484, "fields": {"student": 80, "is_present": false, "marking_time": null, "manual": false, "coordinates": null, "on_premises": false, "slug": "306313_1709524610"}}, {"model": "Session.attendance", "pk": 485, "fields": {"student": 81, "is_present": false, "marking_time": null, "manual": false, "coordinates": null, "on_premises": false, "slug": "166869_1709524610"}}, {"model": "Session.attendance", "pk": 486, "fields": {"student": 1, "is_present": false, "marking_time": null, "manual": false, "coordinates": null, "on_premises": false, "slug": "316352_1709524690"}}, {"model": "Session.attendance", "pk": 487, "fields": {"student": 2, "is_present": false, "marking_time": null, "manual": false, "coordinates": null, "on_premises": false, "slug": "171151_1709524690"}}, {"model": "Session.attendance", "pk": 488, "fields": {"student": 3, "is_present": false, "marking_time": null, "manual": false, "coordinates": null, "on_premises": false, "slug": "119631_1709524690"}}, {"model": "Session.attendance", "pk": 489, "fields": {"student": 4, "is_present": false, "marking_time": null, "manual": false, "coordinates": null, "on_premises": false, "slug": "223258_1709524690"}}, {"model": "Session.attendance", "pk": 490, "fields": {"student": 5, "is_present": false, "marking_time": null, "manual": false, "coordinates": null, "on_premises": false, "slug": "960542_1709524690"}}, {"model": "Session.attendance", "pk": 491, "fields": {"student": 6, "is_present": false, "marking_time": null, "manual": false, "coordinates": null, "on_premises": false, "slug": "196853_1709524690"}}, {"model": "Session.attendance", "pk": 492, "fields": {"student": 7, "is_present": false, "marking_time": null, "manual": false, "coordinates": null, "on_premises": false, "slug": "161232_1709524690"}}, {"model": "Session.attendance", "pk": 493, "fields": {"student": 8, "is_present": false, "marking_time": null, "manual": false, "coordinates": null, "on_premises": false, "slug": "218491_1709524690"}}, {"model": "Session.attendance", "pk": 494, "fields": {"student": 9, "is_present": false, "marking_time": null, "manual": false, "coordinates": null, "on_premises": false, "slug": "764194_1709524690"}}, {"model": "Session.attendance", "pk": 495, "fields": {"student": 10, "is_present": false, "marking_time": null, "manual": false, "coordinates": null, "on_premises": false, "slug": "238682_1709524690"}}, {"model": "Session.attendance", "pk": 496, "fields": {"student": 11, "is_present": false, "marking_time": null, "manual": false, "coordinates": null, "on_premises": false, "slug": "306234_1709524690"}}, {"model": "Session.attendance", "pk": 497, "fields": {"student": 12, "is_present": false, "marking_time": null, "manual": false, "coordinates": null, "on_premises": false, "slug": "105231_1709524690"}}, {"model": "Session.attendance", "pk": 498, "fields": {"student": 13, "is_present": false, "marking_time": null, "manual": false, "coordinates": null, "on_premises": false, "slug": "161112_1709524690"}}, {"model": "Session.attendance", "pk": 499, "fields": {"student": 14, "is_present": false, "marking_time": null, "manual": false, "coordinates": null, "on_premises": false, "slug": "374098_1709524690"}}, {"model": "Session.attendance", "pk": 500, "fields": {"student": 15, "is_present": false, "marking_time": null, "manual": false, "coordinates": null, "on_premises": false, "slug": "277411_1709524690"}}, {"model": "Session.attendance", "pk": 501, "fields": {"student": 16, "is_present": false, "marking_time": null, "manual": false, "coordinates": null, "on_premises": false, "slug": "253433_1709524690"}}, {"model": "Session.attendance", "pk": 502, "fields": {"student": 17, "is_present": false, "marking_time": null, "manual": false, "coordinates": null, "on_premises": false, "slug": "279986_1709524690"}}, {"model": "Session.attendance", "pk": 503, "fields": {"student": 18, "is_present": false, "marking_time": null, "manual": false, "coordinates": null, "on_premises": false, "slug": "247508_1709524690"}}, {"model": "Session.attendance", "pk": 504, "fields": {"student": 19, "is_present": false, "marking_time": null, "manual": false, "coordinates": null, "on_premises": false, "slug": "210231_1709524690"}}, {"model": "Session.attendance", "pk": 505, "fields": {"student": 20, "is_present": false, "marking_time": null, "manual": false, "coordinates": null, "on_premises": false, "slug": "854748_1709524690"}}, {"model": "Session.attendance", "pk": 506, "fields": {"student": 21, "is_present": false, "marking_time": null, "manual": false, "coordinates": null, "on_premises": false, "slug": "144378_1709524690"}}, {"model": "Session.attendance", "pk": 507, "fields": {"student": 22, "is_present": false, "marking_time": null, "manual": false, "coordinates": null, "on_premises": false, "slug": "253586_1709524690"}}, {"model": "Session.attendance", "pk": 508, "fields": {"student": 23, "is_present": false, "marking_time": null, "manual": false, "coordinates": null, "on_premises": false, "slug": "187408_1709524690"}}, {"model": "Session.attendance", "pk": 509, "fields": {"student": 24, "is_present": false, "marking_time": null, "manual": false, "coordinates": null, "on_premises": false, "slug": "256809_1709524690"}}, {"model": "Session.attendance", "pk": 510, "fields": {"student": 25, "is_present": false, "marking_time": null, "manual": false, "coordinates": null, "on_premises": false, "slug": "185592_1709524690"}}, {"model": "Session.attendance", "pk": 511, "fields": {"student": 26, "is_present": false, "marking_time": null, "manual": false, "coordinates": null, "on_premises": false, "slug": "688030_1709524690"}}, {"model": "Session.attendance", "pk": 512, "fields": {"student": 27, "is_present": false, "marking_time": null, "manual": false, "coordinates": null, "on_premises": false, "slug": "129205_1709524690"}}, {"model": "Session.attendance", "pk": 513, "fields": {"student": 55, "is_present": false, "marking_time": null, "manual": false, "coordinates": null, "on_premises": false, "slug": "513672_1709524690"}}, {"model": "Session.attendance", "pk": 514, "fields": {"student": 56, "is_present": false, "marking_time": null, "manual": false, "coordinates": null, "on_premises": false, "slug": "151865_1709524690"}}, {"model": "Session.attendance", "pk": 515, "fields": {"student": 57, "is_present": false, "marking_time": null, "manual": false, "coordinates": null, "on_premises": false, "slug": "249329_1709524690"}}, {"model": "Session.attendance", "pk": 516, "fields": {"student": 58, "is_present": false, "marking_time": null, "manual": false, "coordinates": null, "on_premises": false, "slug": "298955_1709524690"}}, {"model": "Session.attendance", "pk": 517, "fields": {"student": 59, "is_present": false, "marking_time": null, "manual": false, "coordinates": null, "on_premises": false, "slug": "301178_1709524690"}}, {"model": "Session.attendance", "pk": 518, "fields": {"student": 60, "is_present": false, "marking_time": null, "manual": false, "coordinates": null, "on_premises": false, "slug": "157144_1709524690"}}, {"model": "Session.attendance", "pk": 519, "fields": {"student": 61, "is_present": false, "marking_time": null, "manual": false, "coordinates": null, "on_premises": false, "slug": "201322_1709524690"}}, {"model": "Session.attendance", "pk": 520, "fields": {"student": 62, "is_present": false, "marking_time": null, "manual": false, "coordinates": null, "on_premises": false, "slug": "367279_1709524690"}}, {"model": "Session.attendance", "pk": 521, "fields": {"student": 63, "is_present": false, "marking_time": null, "manual": false, "coordinates": null, "on_premises": false, "slug": "843570_1709524690"}}, {"model": "Session.attendance", "pk": 522, "fields": {"student": 64, "is_present": false, "marking_time": null, "manual": false, "coordinates": null, "on_premises": false, "slug": "286375_1709524690"}}, {"model": "Session.attendance", "pk": 523, "fields": {"student": 65, "is_present": false, "marking_time": null, "manual": false, "coordinates": null, "on_premises": false, "slug": "270113_1709524690"}}, {"model": "Session.attendance", "pk": 524, "fields": {"student": 66, "is_present": false, "marking_time": null, "manual": false, "coordinates": null, "on_premises": false, "slug": "230922_1709524690"}}, {"model": "Session.attendance", "pk": 525, "fields": {"student": 67, "is_present": false, "marking_time": null, "manual": false, "coordinates": null, "on_premises": false, "slug": "159239_1709524690"}}, {"model": "Session.attendance", "pk": 526, "fields": {"student": 68, "is_present": false, "marking_time": null, "manual": false, "coordinates": null, "on_premises": false, "slug": "179861_1709524690"}}, {"model": "Session.attendance", "pk": 527, "fields": {"student": 69, "is_present": false, "marking_time": null, "manual": false, "coordinates": null, "on_premises": false, "slug": "138889_1709524690"}}, {"model": "Session.attendance", "pk": 528, "fields": {"student": 70, "is_present": false, "marking_time": null, "manual": false, "coordinates": null, "on_premises": false, "slug": "760761_1709524690"}}, {"model": "Session.attendance", "pk": 529, "fields": {"student": 71, "is_present": false, "marking_time": null, "manual": false, "coordinates": null, "on_premises": false, "slug": "104390_1709524690"}}, {"model": "Session.attendance", "pk": 530, "fields": {"student": 72, "is_present": false, "marking_time": null, "manual": false, "coordinates": null, "on_premises": false, "slug": "111524_1709524690"}}, {"model": "Session.attendance", "pk": 531, "fields": {"student": 73, "is_present": false, "marking_time": null, "manual": false, "coordinates": null, "on_premises": false, "slug": "273441_1709524690"}}, {"model": "Session.attendance", "pk": 532, "fields": {"student": 74, "is_present": false, "marking_time": null, "manual": false, "coordinates": null, "on_premises": false, "slug": "241017_1709524690"}}, {"model": "Session.attendance", "pk": 533, "fields": {"student": 75, "is_present": false, "marking_time": null, "manual": false, "coordinates": null, "on_premises": false, "slug": "303001_1709524690"}}, {"model": "Session.attendance", "pk": 534, "fields": {"student": 76, "is_present": false, "marking_time": null, "manual": false, "coordinates": null, "on_premises": false, "slug": "282860_1709524690"}}, {"model": "Session.attendance", "pk": 535, "fields": {"student": 77, "is_present": false, "marking_time": null, "manual": false, "coordinates": null, "on_premises": false, "slug": "397369_1709524690"}}, {"model": "Session.attendance", "pk": 536, "fields": {"student": 78, "is_present": false, "marking_time": null, "manual": false, "coordinates": null, "on_premises": false, "slug": "275835_1709524690"}}, {"model": "Session.attendance", "pk": 537, "fields": {"student": 79, "is_present": false, "marking_time": null, "manual": false, "coordinates": null, "on_premises": false, "slug": "169137_1709524690"}}, {"model": "Session.attendance", "pk": 538, "fields": {"student": 80, "is_present": false, "marking_time": null, "manual": false, "coordinates": null, "on_premises": false, "slug": "219341_1709524690"}}, {"model": "Session.attendance", "pk": 539, "fields": {"student": 81, "is_present": false, "marking_time": null, "manual": false, "coordinates": null, "on_premises": false, "slug": "185092_1709524690"}}, {"model": "Session.attendance", "pk": 540, "fields": {"student": 28, "is_present": false, "marking_time": null, "manual": false, "coordinates": null, "on_premises": false, "slug": "719387_1709524690"}}, {"model": "Session.attendance", "pk": 541, "fields": {"student": 29, "is_present": false, "marking_time": null, "manual": false, "coordinates": null, "on_premises": false, "slug": "158692_1709524690"}}, {"model": "Session.attendance", "pk": 542, "fields": {"student": 30, "is_present": false, "marking_time": null, "manual": false, "coordinates": null, "on_premises": false, "slug": "178551_1709524690"}}, {"model": "Session.attendance", "pk": 543, "fields": {"student": 31, "is_present": false, "marking_time": null, "manual": false, "coordinates": null, "on_premises": false, "slug": "135205_1709524690"}}, {"model": "Session.attendance", "pk": 544, "fields": {"student": 32, "is_present": false, "marking_time": null, "manual": false, "coordinates": null, "on_premises": false, "slug": "110701_1709524690"}}, {"model": "Session.attendance", "pk": 545, "fields": {"student": 33, "is_present": false, "marking_time": null, "manual": false, "coordinates": null, "on_premises": false, "slug": "153742_1709524690"}}, {"model": "Session.attendance", "pk": 546, "fields": {"student": 34, "is_present": false, "marking_time": null, "manual": false, "coordinates": null, "on_premises": false, "slug": "192751_1709524690"}}, {"model": "Session.attendance", "pk": 547, "fields": {"student": 35, "is_present": false, "marking_time": null, "manual": false, "coordinates": null, "on_premises": false, "slug": "239844_1709524690"}}, {"model": "Session.attendance", "pk": 548, "fields": {"student": 36, "is_present": false, "marking_time": null, "manual": false, "coordinates": null, "on_premises": false, "slug": "191607_1709524690"}}, {"model": "Session.attendance", "pk": 549, "fields": {"student": 37, "is_present": false, "marking_time": null, "manual": false, "coordinates": null, "on_premises": false, "slug": "221186_1709524690"}}, {"model": "Session.attendance", "pk": 550, "fields": {"student": 38, "is_present": false, "marking_time": null, "manual": false, "coordinates": null, "on_premises": false, "slug": "421949_1709524690"}}, {"model": "Session.attendance", "pk": 551, "fields": {"student": 39, "is_present": false, "marking_time": null, "manual": false, "coordinates": null, "on_premises": false, "slug": "769144_1709524690"}}, {"model": "Session.attendance", "pk": 552, "fields": {"student": 40, "is_present": false, "marking_time": null, "manual": false, "coordinates": null, "on_premises": false, "slug": "111903_1709524690"}}, {"model": "Session.attendance", "pk": 553, "fields": {"student": 41, "is_present": false, "marking_time": null, "manual": false, "coordinates": null, "on_premises": false, "slug": "320176_1709524690"}}, {"model": "Session.attendance", "pk": 554, "fields": {"student": 42, "is_present": false, "marking_time": null, "manual": false, "coordinates": null, "on_premises": false, "slug": "119653_1709524690"}}, {"model": "Session.attendance", "pk": 555, "fields": {"student": 43, "is_present": false, "marking_time": null, "manual": false, "coordinates": null, "on_premises": false, "slug": "245016_1709524690"}}, {"model": "Session.attendance", "pk": 556, "fields": {"student": 44, "is_present": false, "marking_time": null, "manual": false, "coordinates": null, "on_premises": false, "slug": "236148_1709524690"}}, {"model": "Session.attendance", "pk": 557, "fields": {"student": 45, "is_present": false, "marking_time": null, "manual": false, "coordinates": null, "on_premises": false, "slug": "297424_1709524690"}}, {"model": "Session.attendance", "pk": 558, "fields": {"student": 46, "is_present": false, "marking_time": null, "manual": false, "coordinates": null, "on_premises": false, "slug": "287550_1709524690"}}, {"model": "Session.attendance", "pk": 559, "fields": {"student": 47, "is_present": false, "marking_time": null, "manual": false, "coordinates": null, "on_premises": false, "slug": "242721_1709524690"}}, {"model": "Session.attendance", "pk": 560, "fields": {"student": 48, "is_present": false, "marking_time": null, "manual": false, "coordinates": null, "on_premises": false, "slug": "248135_1709524690"}}, {"model": "Session.attendance", "pk": 561, "fields": {"student": 49, "is_present": false, "marking_time": null, "manual": false, "coordinates": null, "on_premises": false, "slug": "260495_1709524690"}}, {"model": "Session.attendance", "pk": 562, "fields": {"student": 50, "is_present": false, "marking_time": null, "manual": false, "coordinates": null, "on_premises": false, "slug": "314122_1709524690"}}, {"model": "Session.attendance", "pk": 563, "fields": {"student": 51, "is_present": false, "marking_time": null, "manual": false, "coordinates": null, "on_premises": false, "slug": "360642_1709524690"}}, {"model": "Session.attendance", "pk": 564, "fields": {"student": 52, "is_present": false, "marking_time": null, "manual": false, "coordinates": null, "on_premises": false, "slug": "107247_1709524690"}}, {"model": "Session.attendance", "pk": 565, "fields": {"student": 53, "is_present": false, "marking_time": null, "manual": false, "coordinates": null, "on_premises": false, "slug": "337223_1709524690"}}, {"model": "Session.attendance", "pk": 566, "fields": {"student": 54, "is_present": false, "marking_time": null, "manual": false, "coordinates": null, "on_premises": false, "slug": "328980_1709524690"}}, {"model": "Session.attendance", "pk": 567, "fields": {"student": 28, "is_present": false, "marking_time": null, "manual": false, "coordinates": null, "on_premises": false, "slug": "264680_1709524730"}}, {"model": "Session.attendance", "pk": 568, "fields": {"student": 29, "is_present": false, "marking_time": null, "manual": false, "coordinates": null, "on_premises": false, "slug": "632918_1709524730"}}, {"model": "Session.attendance", "pk": 569, "fields": {"student": 30, "is_present": false, "marking_time": null, "manual": false, "coordinates": null, "on_premises": false, "slug": "184145_1709524730"}}, {"model": "Session.attendance", "pk": 570, "fields": {"student": 31, "is_present": false, "marking_time": null, "manual": false, "coordinates": null, "on_premises": false, "slug": "120937_1709524730"}}, {"model": "Session.attendance", "pk": 571, "fields": {"student": 32, "is_present": false, "marking_time": null, "manual": false, "coordinates": null, "on_premises": false, "slug": "153714_1709524730"}}, {"model": "Session.attendance", "pk": 572, "fields": {"student": 33, "is_present": false, "marking_time": null, "manual": false, "coordinates": null, "on_premises": false, "slug": "138680_1709524730"}}, {"model": "Session.attendance", "pk": 573, "fields": {"student": 34, "is_present": false, "marking_time": null, "manual": false, "coordinates": null, "on_premises": false, "slug": "637005_1709524730"}}, {"model": "Session.attendance", "pk": 574, "fields": {"student": 35, "is_present": false, "marking_time": null, "manual": false, "coordinates": null, "on_premises": false, "slug": "140499_1709524730"}}, {"model": "Session.attendance", "pk": 575, "fields": {"student": 36, "is_present": false, "marking_time": null, "manual": false, "coordinates": null, "on_premises": false, "slug": "213499_1709524730"}}, {"model": "Session.attendance", "pk": 576, "fields": {"student": 37, "is_present": false, "marking_time": null, "manual": false, "coordinates": null, "on_premises": false, "slug": "261713_1709524730"}}, {"model": "Session.attendance", "pk": 577, "fields": {"student": 38, "is_present": false, "marking_time": null, "manual": false, "coordinates": null, "on_premises": false, "slug": "297945_1709524730"}}, {"model": "Session.attendance", "pk": 578, "fields": {"student": 39, "is_present": false, "marking_time": null, "manual": false, "coordinates": null, "on_premises": false, "slug": "211218_1709524730"}}, {"model": "Session.attendance", "pk": 579, "fields": {"student": 40, "is_present": false, "marking_time": null, "manual": false, "coordinates": null, "on_premises": false, "slug": "214177_1709524730"}}, {"model": "Session.attendance", "pk": 580, "fields": {"student": 41, "is_present": false, "marking_time": null, "manual": false, "coordinates": null, "on_premises": false, "slug": "720224_1709524730"}}, {"model": "Session.attendance", "pk": 581, "fields": {"student": 42, "is_present": false, "marking_time": null, "manual": false, "coordinates": null, "on_premises": false, "slug": "277570_1709524730"}}, {"model": "Session.attendance", "pk": 582, "fields": {"student": 43, "is_present": false, "marking_time": null, "manual": false, "coordinates": null, "on_premises": false, "slug": "339473_1709524730"}}, {"model": "Session.attendance", "pk": 583, "fields": {"student": 44, "is_present": false, "marking_time": null, "manual": false, "coordinates": null, "on_premises": false, "slug": "112656_1709524730"}}, {"model": "Session.attendance", "pk": 584, "fields": {"student": 45, "is_present": false, "marking_time": null, "manual": false, "coordinates": null, "on_premises": false, "slug": "618758_1709524730"}}, {"model": "Session.attendance", "pk": 585, "fields": {"student": 46, "is_present": false, "marking_time": null, "manual": false, "coordinates": null, "on_premises": false, "slug": "784861_1709524730"}}, {"model": "Session.attendance", "pk": 586, "fields": {"student": 47, "is_present": false, "marking_time": null, "manual": false, "coordinates": null, "on_premises": false, "slug": "770543_1709524730"}}, {"model": "Session.attendance", "pk": 587, "fields": {"student": 48, "is_present": false, "marking_time": null, "manual": false, "coordinates": null, "on_premises": false, "slug": "114587_1709524730"}}, {"model": "Session.attendance", "pk": 588, "fields": {"student": 49, "is_present": false, "marking_time": null, "manual": false, "coordinates": null, "on_premises": false, "slug": "939760_1709524730"}}, {"model": "Session.attendance", "pk": 589, "fields": {"student": 50, "is_present": false, "marking_time": null, "manual": false, "coordinates": null, "on_premises": false, "slug": "804114_1709524730"}}, {"model": "Session.attendance", "pk": 590, "fields": {"student": 51, "is_present": false, "marking_time": null, "manual": false, "coordinates": null, "on_premises": false, "slug": "249361_1709524730"}}, {"model": "Session.attendance", "pk": 591, "fields": {"student": 52, "is_present": false, "marking_time": null, "manual": false, "coordinates": null, "on_premises": false, "slug": "328298_1709524730"}}, {"model": "Session.attendance", "pk": 592, "fields": {"student": 53, "is_present": false, "marking_time": null, "manual": false, "coordinates": null, "on_premises": false, "slug": "142397_1709524730"}}, {"model": "Session.attendance", "pk": 593, "fields": {"student": 54, "is_present": false, "marking_time": null, "manual": false, "coordinates": null, "on_premises": false, "slug": "253801_1709524730"}}, {"model": "Session.attendance", "pk": 594, "fields": {"student": 136, "is_present": false, "marking_time": null, "manual": false, "coordinates": null, "on_premises": false, "slug": "204260_1709524811"}}, {"model": "Session.attendance", "pk": 595, "fields": {"student": 137, "is_present": false, "marking_time": null, "manual": false, "coordinates": null, "on_premises": false, "slug": "241775_1709524811"}}, {"model": "Session.attendance", "pk": 596, "fields": {"student": 138, "is_present": false, "marking_time": null, "manual": false, "coordinates": null, "on_premises": false, "slug": "174790_1709524811"}}, {"model": "Session.attendance", "pk": 597, "fields": {"student": 139, "is_present": false, "marking_time": null, "manual": false, "coordinates": null, "on_premises": false, "slug": "604217_1709524811"}}, {"model": "Session.attendance", "pk": 598, "fields": {"student": 140, "is_present": false, "marking_time": null, "manual": false, "coordinates": null, "on_premises": false, "slug": "255637_1709524811"}}, {"model": "Session.attendance", "pk": 599, "fields": {"student": 141, "is_present": false, "marking_time": null, "manual": false, "coordinates": null, "on_premises": false, "slug": "274454_1709524811"}}, {"model": "Session.attendance", "pk": 600, "fields": {"student": 142, "is_present": false, "marking_time": null, "manual": false, "coordinates": null, "on_premises": false, "slug": "878712_1709524811"}}, {"model": "Session.attendance", "pk": 601, "fields": {"student": 143, "is_present": false, "marking_time": null, "manual": false, "coordinates": null, "on_premises": false, "slug": "920450_1709524811"}}, {"model": "Session.attendance", "pk": 602, "fields": {"student": 144, "is_present": false, "marking_time": null, "manual": false, "coordinates": null, "on_premises": false, "slug": "594201_1709524811"}}, {"model": "Session.attendance", "pk": 603, "fields": {"student": 145, "is_present": false, "marking_time": null, "manual": false, "coordinates": null, "on_premises": false, "slug": "213014_1709524811"}}, {"model": "Session.attendance", "pk": 604, "fields": {"student": 146, "is_present": false, "marking_time": null, "manual": false, "coordinates": null, "on_premises": false, "slug": "202601_1709524811"}}, {"model": "Session.attendance", "pk": 605, "fields": {"student": 147, "is_present": false, "marking_time": null, "manual": false, "coordinates": null, "on_premises": false, "slug": "309622_1709524811"}}, {"model": "Session.attendance", "pk": 606, "fields": {"student": 148, "is_present": false, "marking_time": null, "manual": false, "coordinates": null, "on_premises": false, "slug": "149102_1709524811"}}, {"model": "Session.attendance", "pk": 607, "fields": {"student": 149, "is_present": false, "marking_time": null, "manual": false, "coordinates": null, "on_premises": false, "slug": "123749_1709524811"}}, {"model": "Session.attendance", "pk": 608, "fields": {"student": 150, "is_present": false, "marking_time": null, "manual": false, "coordinates": null, "on_premises": false, "slug": "145730_1709524811"}}, {"model": "Session.attendance", "pk": 609, "fields": {"student": 151, "is_present": false, "marking_time": null, "manual": false, "coordinates": null, "on_premises": false, "slug": "179515_1709524811"}}, {"model": "Session.attendance", "pk": 610, "fields": {"student": 152, "is_present": false, "marking_time": null, "manual": false, "coordinates": null, "on_premises": false, "slug": "235366_1709524811"}}, {"model": "Session.attendance", "pk": 611, "fields": {"student": 153, "is_present": false, "marking_time": null, "manual": false, "coordinates": null, "on_premises": false, "slug": "171161_1709524811"}}, {"model": "Session.attendance", "pk": 612, "fields": {"student": 154, "is_present": false, "marking_time": null, "manual": false, "coordinates": null, "on_premises": false, "slug": "128395_1709524811"}}, {"model": "Session.attendance", "pk": 613, "fields": {"student": 155, "is_present": false, "marking_time": null, "manual": false, "coordinates": null, "on_premises": false, "slug": "195330_1709524811"}}, {"model": "Session.attendance", "pk": 614, "fields": {"student": 156, "is_present": false, "marking_time": null, "manual": false, "coordinates": null, "on_premises": false, "slug": "750685_1709524811"}}, {"model": "Session.attendance", "pk": 615, "fields": {"student": 157, "is_present": false, "marking_time": null, "manual": false, "coordinates": null, "on_premises": false, "slug": "208387_1709524811"}}, {"model": "Session.attendance", "pk": 616, "fields": {"student": 158, "is_present": false, "marking_time": null, "manual": false, "coordinates": null, "on_premises": false, "slug": "265258_1709524811"}}, {"model": "Session.attendance", "pk": 617, "fields": {"student": 159, "is_present": false, "marking_time": null, "manual": false, "coordinates": null, "on_premises": false, "slug": "304242_1709524811"}}, {"model": "Session.attendance", "pk": 618, "fields": {"student": 160, "is_present": false, "marking_time": null, "manual": false, "coordinates": null, "on_premises": false, "slug": "917746_1709524811"}}, {"model": "Session.attendance", "pk": 619, "fields": {"student": 161, "is_present": false, "marking_time": null, "manual": false, "coordinates": null, "on_premises": false, "slug": "560206_1709524811"}}, {"model": "Session.attendance", "pk": 620, "fields": {"student": 162, "is_present": false, "marking_time": null, "manual": false, "coordinates": null, "on_premises": false, "slug": "104162_1709524811"}}, {"model": "Session.attendance", "pk": 621, "fields": {"student": 163, "is_present": false, "marking_time": null, "manual": false, "coordinates": null, "on_premises": false, "slug": "179012_1709524811"}}, {"model": "Session.attendance", "pk": 622, "fields": {"student": 128, "is_present": false, "marking_time": null, "manual": false, "coordinates": null, "on_premises": false, "slug": "233334_1709524811"}}, {"model": "Session.attendance", "pk": 623, "fields": {"student": 129, "is_present": false, "marking_time": null, "manual": false, "coordinates": null, "on_premises": false, "slug": "238731_1709524811"}}, {"model": "Session.attendance", "pk": 624, "fields": {"student": 130, "is_present": false, "marking_time": null, "manual": false, "coordinates": null, "on_premises": false, "slug": "811423_1709524811"}}, {"model": "Session.attendance", "pk": 625, "fields": {"student": 131, "is_present": false, "marking_time": null, "manual": false, "coordinates": null, "on_premises": false, "slug": "264664_1709524811"}}, {"model": "Session.attendance", "pk": 626, "fields": {"student": 132, "is_present": false, "marking_time": null, "manual": false, "coordinates": null, "on_premises": false, "slug": "166567_1709524811"}}, {"model": "Session.attendance", "pk": 627, "fields": {"student": 133, "is_present": false, "marking_time": null, "manual": false, "coordinates": null, "on_premises": false, "slug": "647892_1709524811"}}, {"model": "Session.attendance", "pk": 628, "fields": {"student": 134, "is_present": false, "marking_time": null, "manual": false, "coordinates": null, "on_premises": false, "slug": "116937_1709524811"}}, {"model": "Session.attendance", "pk": 629, "fields": {"student": 135, "is_present": false, "marking_time": null, "manual": false, "coordinates": null, "on_premises": false, "slug": "337204_1709524811"}}, {"model": "Session.attendance", "pk": 630, "fields": {"student": 109, "is_present": false, "marking_time": null, "manual": false, "coordinates": null, "on_premises": false, "slug": "658641_1709524811"}}, {"model": "Session.attendance", "pk": 631, "fields": {"student": 110, "is_present": false, "marking_time": null, "manual": false, "coordinates": null, "on_premises": false, "slug": "232945_1709524811"}}, {"model": "Session.attendance", "pk": 632, "fields": {"student": 111, "is_present": false, "marking_time": null, "manual": false, "coordinates": null, "on_premises": false, "slug": "144210_1709524811"}}, {"model": "Session.attendance", "pk": 633, "fields": {"student": 112, "is_present": false, "marking_time": null, "manual": false, "coordinates": null, "on_premises": false, "slug": "315982_1709524811"}}, {"model": "Session.attendance", "pk": 634, "fields": {"student": 113, "is_present": false, "marking_time": null, "manual": false, "coordinates": null, "on_premises": false, "slug": "178208_1709524811"}}, {"model": "Session.attendance", "pk": 635, "fields": {"student": 114, "is_present": false, "marking_time": null, "manual": false, "coordinates": null, "on_premises": false, "slug": "165308_1709524811"}}, {"model": "Session.attendance", "pk": 636, "fields": {"student": 115, "is_present": false, "marking_time": null, "manual": false, "coordinates": null, "on_premises": false, "slug": "201299_1709524811"}}, {"model": "Session.attendance", "pk": 637, "fields": {"student": 116, "is_present": false, "marking_time": null, "manual": false, "coordinates": null, "on_premises": false, "slug": "305687_1709524811"}}, {"model": "Session.attendance", "pk": 638, "fields": {"student": 117, "is_present": false, "marking_time": null, "manual": false, "coordinates": null, "on_premises": false, "slug": "331084_1709524811"}}, {"model": "Session.attendance", "pk": 639, "fields": {"student": 118, "is_present": false, "marking_time": null, "manual": false, "coordinates": null, "on_premises": false, "slug": "309252_1709524811"}}, {"model": "Session.attendance", "pk": 640, "fields": {"student": 119, "is_present": false, "marking_time": null, "manual": false, "coordinates": null, "on_premises": false, "slug": "109472_1709524811"}}, {"model": "Session.attendance", "pk": 641, "fields": {"student": 120, "is_present": false, "marking_time": null, "manual": false, "coordinates": null, "on_premises": false, "slug": "277954_1709524811"}}, {"model": "Session.attendance", "pk": 642, "fields": {"student": 121, "is_present": false, "marking_time": null, "manual": false, "coordinates": null, "on_premises": false, "slug": "266719_1709524811"}}, {"model": "Session.attendance", "pk": 643, "fields": {"student": 122, "is_present": false, "marking_time": null, "manual": false, "coordinates": null, "on_premises": false, "slug": "125460_1709524811"}}, {"model": "Session.attendance", "pk": 644, "fields": {"student": 123, "is_present": false, "marking_time": null, "manual": false, "coordinates": null, "on_premises": false, "slug": "297337_1709524811"}}, {"model": "Session.attendance", "pk": 645, "fields": {"student": 124, "is_present": false, "marking_time": null, "manual": false, "coordinates": null, "on_premises": false, "slug": "202721_1709524811"}}, {"model": "Session.attendance", "pk": 646, "fields": {"student": 125, "is_present": false, "marking_time": null, "manual": false, "coordinates": null, "on_premises": false, "slug": "113138_1709524811"}}, {"model": "Session.attendance", "pk": 647, "fields": {"student": 126, "is_present": false, "marking_time": null, "manual": false, "coordinates": null, "on_premises": false, "slug": "333374_1709524811"}}, {"model": "Session.attendance", "pk": 648, "fields": {"student": 127, "is_present": false, "marking_time": null, "manual": false, "coordinates": null, "on_premises": false, "slug": "192073_1709524811"}}, {"model": "Session.attendance", "pk": 649, "fields": {"student": 82, "is_present": false, "marking_time": null, "manual": false, "coordinates": null, "on_premises": false, "slug": "199077_1709524811"}}, {"model": "Session.attendance", "pk": 650, "fields": {"student": 83, "is_present": false, "marking_time": null, "manual": false, "coordinates": null, "on_premises": false, "slug": "970065_1709524811"}}, {"model": "Session.attendance", "pk": 651, "fields": {"student": 84, "is_present": false, "marking_time": null, "manual": false, "coordinates": null, "on_premises": false, "slug": "203477_1709524811"}}, {"model": "Session.attendance", "pk": 652, "fields": {"student": 85, "is_present": false, "marking_time": null, "manual": false, "coordinates": null, "on_premises": false, "slug": "203587_1709524811"}}, {"model": "Session.attendance", "pk": 653, "fields": {"student": 86, "is_present": false, "marking_time": null, "manual": false, "coordinates": null, "on_premises": false, "slug": "157754_1709524811"}}, {"model": "Session.attendance", "pk": 654, "fields": {"student": 87, "is_present": false, "marking_time": null, "manual": false, "coordinates": null, "on_premises": false, "slug": "504591_1709524811"}}, {"model": "Session.attendance", "pk": 655, "fields": {"student": 88, "is_present": false, "marking_time": null, "manual": false, "coordinates": null, "on_premises": false, "slug": "380277_1709524811"}}, {"model": "Session.attendance", "pk": 656, "fields": {"student": 89, "is_present": false, "marking_time": null, "manual": false, "coordinates": null, "on_premises": false, "slug": "294826_1709524811"}}, {"model": "Session.attendance", "pk": 657, "fields": {"student": 90, "is_present": false, "marking_time": null, "manual": false, "coordinates": null, "on_premises": false, "slug": "214515_1709524811"}}, {"model": "Session.attendance", "pk": 658, "fields": {"student": 91, "is_present": false, "marking_time": null, "manual": false, "coordinates": null, "on_premises": false, "slug": "209608_1709524811"}}, {"model": "Session.attendance", "pk": 659, "fields": {"student": 92, "is_present": false, "marking_time": null, "manual": false, "coordinates": null, "on_premises": false, "slug": "265485_1709524811"}}, {"model": "Session.attendance", "pk": 660, "fields": {"student": 93, "is_present": false, "marking_time": null, "manual": false, "coordinates": null, "on_premises": false, "slug": "317668_1709524811"}}, {"model": "Session.attendance", "pk": 661, "fields": {"student": 94, "is_present": false, "marking_time": null, "manual": false, "coordinates": null, "on_premises": false, "slug": "132050_1709524811"}}, {"model": "Session.attendance", "pk": 662, "fields": {"student": 95, "is_present": false, "marking_time": null, "manual": false, "coordinates": null, "on_premises": false, "slug": "150625_1709524811"}}, {"model": "Session.attendance", "pk": 663, "fields": {"student": 96, "is_present": false, "marking_time": null, "manual": false, "coordinates": null, "on_premises": false, "slug": "188791_1709524811"}}, {"model": "Session.attendance", "pk": 664, "fields": {"student": 97, "is_present": false, "marking_time": null, "manual": false, "coordinates": null, "on_premises": false, "slug": "210062_1709524811"}}, {"model": "Session.attendance", "pk": 665, "fields": {"student": 98, "is_present": false, "marking_time": null, "manual": false, "coordinates": null, "on_premises": false, "slug": "193891_1709524811"}}, {"model": "Session.attendance", "pk": 666, "fields": {"student": 99, "is_present": false, "marking_time": null, "manual": false, "coordinates": null, "on_premises": false, "slug": "258081_1709524811"}}, {"model": "Session.attendance", "pk": 667, "fields": {"student": 100, "is_present": false, "marking_time": null, "manual": false, "coordinates": null, "on_premises": false, "slug": "158150_1709524811"}}, {"model": "Session.attendance", "pk": 668, "fields": {"student": 101, "is_present": false, "marking_time": null, "manual": false, "coordinates": null, "on_premises": false, "slug": "281123_1709524811"}}, {"model": "Session.attendance", "pk": 669, "fields": {"student": 102, "is_present": false, "marking_time": null, "manual": false, "coordinates": null, "on_premises": false, "slug": "366492_1709524811"}}, {"model": "Session.attendance", "pk": 670, "fields": {"student": 103, "is_present": false, "marking_time": null, "manual": false, "coordinates": null, "on_premises": false, "slug": "154722_1709524811"}}, {"model": "Session.attendance", "pk": 671, "fields": {"student": 104, "is_present": false, "marking_time": null, "manual": false, "coordinates": null, "on_premises": false, "slug": "306972_1709524811"}}, {"model": "Session.attendance", "pk": 672, "fields": {"student": 105, "is_present": false, "marking_time": null, "manual": false, "coordinates": null, "on_premises": false, "slug": "329671_1709524811"}}, {"model": "Session.attendance", "pk": 673, "fields": {"student": 106, "is_present": false, "marking_time": null, "manual": false, "coordinates": null, "on_premises": false, "slug": "177526_1709524811"}}, {"model": "Session.attendance", "pk": 674, "fields": {"student": 107, "is_present": false, "marking_time": null, "manual": false, "coordinates": null, "on_premises": false, "slug": "902830_1709524811"}}, {"model": "Session.attendance", "pk": 675, "fields": {"student": 108, "is_present": false, "marking_time": null, "manual": false, "coordinates": null, "on_premises": false, "slug": "250069_1709524811"}}, {"model": "Session.attendance", "pk": 676, "fields": {"student": 136, "is_present": false, "marking_time": null, "manual": false, "coordinates": null, "on_premises": false, "slug": "407004_1709524884"}}, {"model": "Session.attendance", "pk": 677, "fields": {"student": 137, "is_present": false, "marking_time": null, "manual": false, "coordinates": null, "on_premises": false, "slug": "302913_1709524884"}}, {"model": "Session.attendance", "pk": 678, "fields": {"student": 138, "is_present": false, "marking_time": null, "manual": false, "coordinates": null, "on_premises": false, "slug": "289126_1709524884"}}, {"model": "Session.attendance", "pk": 679, "fields": {"student": 139, "is_present": false, "marking_time": null, "manual": false, "coordinates": null, "on_premises": false, "slug": "193910_1709524884"}}, {"model": "Session.attendance", "pk": 680, "fields": {"student": 140, "is_present": false, "marking_time": null, "manual": false, "coordinates": null, "on_premises": false, "slug": "915590_1709524884"}}, {"model": "Session.attendance", "pk": 681, "fields": {"student": 141, "is_present": false, "marking_time": null, "manual": false, "coordinates": null, "on_premises": false, "slug": "517514_1709524884"}}, {"model": "Session.attendance", "pk": 682, "fields": {"student": 142, "is_present": false, "marking_time": null, "manual": false, "coordinates": null, "on_premises": false, "slug": "326238_1709524884"}}, {"model": "Session.attendance", "pk": 683, "fields": {"student": 143, "is_present": false, "marking_time": null, "manual": false, "coordinates": null, "on_premises": false, "slug": "247449_1709524884"}}, {"model": "Session.attendance", "pk": 684, "fields": {"student": 144, "is_present": false, "marking_time": null, "manual": false, "coordinates": null, "on_premises": false, "slug": "254347_1709524884"}}, {"model": "Session.attendance", "pk": 685, "fields": {"student": 145, "is_present": false, "marking_time": null, "manual": false, "coordinates": null, "on_premises": false, "slug": "114193_1709524884"}}, {"model": "Session.attendance", "pk": 686, "fields": {"student": 146, "is_present": false, "marking_time": null, "manual": false, "coordinates": null, "on_premises": false, "slug": "595111_1709524884"}}, {"model": "Session.attendance", "pk": 687, "fields": {"student": 147, "is_present": false, "marking_time": null, "manual": false, "coordinates": null, "on_premises": false, "slug": "530519_1709524884"}}, {"model": "Session.attendance", "pk": 688, "fields": {"student": 148, "is_present": false, "marking_time": null, "manual": false, "coordinates": null, "on_premises": false, "slug": "306120_1709524884"}}, {"model": "Session.attendance", "pk": 689, "fields": {"student": 149, "is_present": false, "marking_time": null, "manual": false, "coordinates": null, "on_premises": false, "slug": "218821_1709524884"}}, {"model": "Session.attendance", "pk": 690, "fields": {"student": 150, "is_present": false, "marking_time": null, "manual": false, "coordinates": null, "on_premises": false, "slug": "183831_1709524884"}}, {"model": "Session.attendance", "pk": 691, "fields": {"student": 151, "is_present": false, "marking_time": null, "manual": false, "coordinates": null, "on_premises": false, "slug": "107498_1709524884"}}, {"model": "Session.attendance", "pk": 692, "fields": {"student": 152, "is_present": false, "marking_time": null, "manual": false, "coordinates": null, "on_premises": false, "slug": "894184_1709524884"}}, {"model": "Session.attendance", "pk": 693, "fields": {"student": 153, "is_present": false, "marking_time": null, "manual": false, "coordinates": null, "on_premises": false, "slug": "320656_1709524884"}}, {"model": "Session.attendance", "pk": 694, "fields": {"student": 154, "is_present": false, "marking_time": null, "manual": false, "coordinates": null, "on_premises": false, "slug": "196730_1709524884"}}, {"model": "Session.attendance", "pk": 695, "fields": {"student": 155, "is_present": false, "marking_time": null, "manual": false, "coordinates": null, "on_premises": false, "slug": "192622_1709524884"}}, {"model": "Session.attendance", "pk": 696, "fields": {"student": 156, "is_present": false, "marking_time": null, "manual": false, "coordinates": null, "on_premises": false, "slug": "228526_1709524884"}}, {"model": "Session.attendance", "pk": 697, "fields": {"student": 157, "is_present": false, "marking_time": null, "manual": false, "coordinates": null, "on_premises": false, "slug": "175508_1709524884"}}, {"model": "Session.attendance", "pk": 698, "fields": {"student": 158, "is_present": false, "marking_time": null, "manual": false, "coordinates": null, "on_premises": false, "slug": "431575_1709524884"}}, {"model": "Session.attendance", "pk": 699, "fields": {"student": 159, "is_present": false, "marking_time": null, "manual": false, "coordinates": null, "on_premises": false, "slug": "290115_1709524884"}}, {"model": "Session.attendance", "pk": 700, "fields": {"student": 160, "is_present": false, "marking_time": null, "manual": false, "coordinates": null, "on_premises": false, "slug": "824755_1709524884"}}, {"model": "Session.attendance", "pk": 701, "fields": {"student": 161, "is_present": false, "marking_time": null, "manual": false, "coordinates": null, "on_premises": false, "slug": "121709_1709524884"}}, {"model": "Session.attendance", "pk": 702, "fields": {"student": 162, "is_present": false, "marking_time": null, "manual": false, "coordinates": null, "on_premises": false, "slug": "637192_1709524884"}}, {"model": "Session.attendance", "pk": 703, "fields": {"student": 163, "is_present": false, "marking_time": null, "manual": false, "coordinates": null, "on_premises": false, "slug": "268236_1709524884"}}, {"model": "Session.attendance", "pk": 704, "fields": {"student": 128, "is_present": false, "marking_time": null, "manual": false, "coordinates": null, "on_premises": false, "slug": "162125_1709524884"}}, {"model": "Session.attendance", "pk": 705, "fields": {"student": 129, "is_present": false, "marking_time": null, "manual": false, "coordinates": null, "on_premises": false, "slug": "518807_1709524884"}}, {"model": "Session.attendance", "pk": 706, "fields": {"student": 130, "is_present": false, "marking_time": null, "manual": false, "coordinates": null, "on_premises": false, "slug": "177704_1709524884"}}, {"model": "Session.attendance", "pk": 707, "fields": {"student": 131, "is_present": false, "marking_time": null, "manual": false, "coordinates": null, "on_premises": false, "slug": "307387_1709524884"}}, {"model": "Session.attendance", "pk": 708, "fields": {"student": 132, "is_present": false, "marking_time": null, "manual": false, "coordinates": null, "on_premises": false, "slug": "541308_1709524884"}}, {"model": "Session.attendance", "pk": 709, "fields": {"student": 133, "is_present": false, "marking_time": null, "manual": false, "coordinates": null, "on_premises": false, "slug": "261736_1709524884"}}, {"model": "Session.attendance", "pk": 710, "fields": {"student": 134, "is_present": false, "marking_time": null, "manual": false, "coordinates": null, "on_premises": false, "slug": "879214_1709524884"}}, {"model": "Session.attendance", "pk": 711, "fields": {"student": 135, "is_present": false, "marking_time": null, "manual": false, "coordinates": null, "on_premises": false, "slug": "179326_1709524884"}}, {"model": "Session.attendance", "pk": 712, "fields": {"student": 109, "is_present": false, "marking_time": null, "manual": false, "coordinates": null, "on_premises": false, "slug": "201269_1709524884"}}, {"model": "Session.attendance", "pk": 713, "fields": {"student": 110, "is_present": false, "marking_time": null, "manual": false, "coordinates": null, "on_premises": false, "slug": "318840_1709524884"}}, {"model": "Session.attendance", "pk": 714, "fields": {"student": 111, "is_present": false, "marking_time": null, "manual": false, "coordinates": null, "on_premises": false, "slug": "240656_1709524884"}}, {"model": "Session.attendance", "pk": 715, "fields": {"student": 112, "is_present": false, "marking_time": null, "manual": false, "coordinates": null, "on_premises": false, "slug": "200000_1709524884"}}, {"model": "Session.attendance", "pk": 716, "fields": {"student": 113, "is_present": false, "marking_time": null, "manual": false, "coordinates": null, "on_premises": false, "slug": "164454_1709524884"}}, {"model": "Session.attendance", "pk": 717, "fields": {"student": 114, "is_present": false, "marking_time": null, "manual": false, "coordinates": null, "on_premises": false, "slug": "192183_1709524884"}}, {"model": "Session.attendance", "pk": 718, "fields": {"student": 115, "is_present": false, "marking_time": null, "manual": false, "coordinates": null, "on_premises": false, "slug": "302898_1709524884"}}, {"model": "Session.attendance", "pk": 719, "fields": {"student": 116, "is_present": false, "marking_time": null, "manual": false, "coordinates": null, "on_premises": false, "slug": "634949_1709524884"}}, {"model": "Session.attendance", "pk": 720, "fields": {"student": 117, "is_present": false, "marking_time": null, "manual": false, "coordinates": null, "on_premises": false, "slug": "209193_1709524884"}}, {"model": "Session.attendance", "pk": 721, "fields": {"student": 118, "is_present": false, "marking_time": null, "manual": false, "coordinates": null, "on_premises": false, "slug": "337070_1709524884"}}, {"model": "Session.attendance", "pk": 722, "fields": {"student": 119, "is_present": false, "marking_time": null, "manual": false, "coordinates": null, "on_premises": false, "slug": "316610_1709524884"}}, {"model": "Session.attendance", "pk": 723, "fields": {"student": 120, "is_present": false, "marking_time": null, "manual": false, "coordinates": null, "on_premises": false, "slug": "274791_1709524884"}}, {"model": "Session.attendance", "pk": 724, "fields": {"student": 121, "is_present": false, "marking_time": null, "manual": false, "coordinates": null, "on_premises": false, "slug": "110260_1709524884"}}, {"model": "Session.attendance", "pk": 725, "fields": {"student": 122, "is_present": false, "marking_time": null, "manual": false, "coordinates": null, "on_premises": false, "slug": "156399_1709524884"}}, {"model": "Session.attendance", "pk": 726, "fields": {"student": 123, "is_present": false, "marking_time": null, "manual": false, "coordinates": null, "on_premises": false, "slug": "969289_1709524884"}}, {"model": "Session.attendance", "pk": 727, "fields": {"student": 124, "is_present": false, "marking_time": null, "manual": false, "coordinates": null, "on_premises": false, "slug": "209909_1709524884"}}, {"model": "Session.attendance", "pk": 728, "fields": {"student": 125, "is_present": false, "marking_time": null, "manual": false, "coordinates": null, "on_premises": false, "slug": "658951_1709524884"}}, {"model": "Session.attendance", "pk": 729, "fields": {"student": 126, "is_present": false, "marking_time": null, "manual": false, "coordinates": null, "on_premises": false, "slug": "111477_1709524884"}}, {"model": "Session.attendance", "pk": 730, "fields": {"student": 127, "is_present": false, "marking_time": null, "manual": false, "coordinates": null, "on_premises": false, "slug": "968105_1709524884"}}, {"model": "Session.attendance", "pk": 731, "fields": {"student": 82, "is_present": false, "marking_time": null, "manual": false, "coordinates": null, "on_premises": false, "slug": "217324_1709524884"}}, {"model": "Session.attendance", "pk": 732, "fields": {"student": 83, "is_present": false, "marking_time": null, "manual": false, "coordinates": null, "on_premises": false, "slug": "935149_1709524884"}}, {"model": "Session.attendance", "pk": 733, "fields": {"student": 84, "is_present": false, "marking_time": null, "manual": false, "coordinates": null, "on_premises": false, "slug": "672130_1709524884"}}, {"model": "Session.attendance", "pk": 734, "fields": {"student": 85, "is_present": false, "marking_time": null, "manual": false, "coordinates": null, "on_premises": false, "slug": "227912_1709524884"}}, {"model": "Session.attendance", "pk": 735, "fields": {"student": 86, "is_present": false, "marking_time": null, "manual": false, "coordinates": null, "on_premises": false, "slug": "274072_1709524884"}}, {"model": "Session.attendance", "pk": 736, "fields": {"student": 87, "is_present": false, "marking_time": null, "manual": false, "coordinates": null, "on_premises": false, "slug": "216606_1709524884"}}, {"model": "Session.attendance", "pk": 737, "fields": {"student": 88, "is_present": false, "marking_time": null, "manual": false, "coordinates": null, "on_premises": false, "slug": "538511_1709524884"}}, {"model": "Session.attendance", "pk": 738, "fields": {"student": 89, "is_present": false, "marking_time": null, "manual": false, "coordinates": null, "on_premises": false, "slug": "885553_1709524884"}}, {"model": "Session.attendance", "pk": 739, "fields": {"student": 90, "is_present": false, "marking_time": null, "manual": false, "coordinates": null, "on_premises": false, "slug": "159598_1709524884"}}, {"model": "Session.attendance", "pk": 740, "fields": {"student": 91, "is_present": false, "marking_time": null, "manual": false, "coordinates": null, "on_premises": false, "slug": "277036_1709524884"}}, {"model": "Session.attendance", "pk": 741, "fields": {"student": 92, "is_present": false, "marking_time": null, "manual": false, "coordinates": null, "on_premises": false, "slug": "300084_1709524884"}}, {"model": "Session.attendance", "pk": 742, "fields": {"student": 93, "is_present": false, "marking_time": null, "manual": false, "coordinates": null, "on_premises": false, "slug": "685261_1709524884"}}, {"model": "Session.attendance", "pk": 743, "fields": {"student": 94, "is_present": false, "marking_time": null, "manual": false, "coordinates": null, "on_premises": false, "slug": "199511_1709524884"}}, {"model": "Session.attendance", "pk": 744, "fields": {"student": 95, "is_present": false, "marking_time": null, "manual": false, "coordinates": null, "on_premises": false, "slug": "918032_1709524884"}}, {"model": "Session.attendance", "pk": 745, "fields": {"student": 96, "is_present": false, "marking_time": null, "manual": false, "coordinates": null, "on_premises": false, "slug": "548215_1709524884"}}, {"model": "Session.attendance", "pk": 746, "fields": {"student": 97, "is_present": false, "marking_time": null, "manual": false, "coordinates": null, "on_premises": false, "slug": "168014_1709524884"}}, {"model": "Session.attendance", "pk": 747, "fields": {"student": 98, "is_present": false, "marking_time": null, "manual": false, "coordinates": null, "on_premises": false, "slug": "225126_1709524884"}}, {"model": "Session.attendance", "pk": 748, "fields": {"student": 99, "is_present": false, "marking_time": null, "manual": false, "coordinates": null, "on_premises": false, "slug": "462120_1709524884"}}, {"model": "Session.attendance", "pk": 749, "fields": {"student": 100, "is_present": false, "marking_time": null, "manual": false, "coordinates": null, "on_premises": false, "slug": "191747_1709524884"}}, {"model": "Session.attendance", "pk": 750, "fields": {"student": 101, "is_present": false, "marking_time": null, "manual": false, "coordinates": null, "on_premises": false, "slug": "225016_1709524884"}}, {"model": "Session.attendance", "pk": 751, "fields": {"student": 102, "is_present": false, "marking_time": null, "manual": false, "coordinates": null, "on_premises": false, "slug": "241324_1709524884"}}, {"model": "Session.attendance", "pk": 752, "fields": {"student": 103, "is_present": false, "marking_time": null, "manual": false, "coordinates": null, "on_premises": false, "slug": "298268_1709524884"}}, {"model": "Session.attendance", "pk": 753, "fields": {"student": 104, "is_present": false, "marking_time": null, "manual": false, "coordinates": null, "on_premises": false, "slug": "230404_1709524884"}}, {"model": "Session.attendance", "pk": 754, "fields": {"student": 105, "is_present": false, "marking_time": null, "manual": false, "coordinates": null, "on_premises": false, "slug": "239605_1709524884"}}, {"model": "Session.attendance", "pk": 755, "fields": {"student": 106, "is_present": false, "marking_time": null, "manual": false, "coordinates": null, "on_premises": false, "slug": "238255_1709524884"}}, {"model": "Session.attendance", "pk": 756, "fields": {"student": 107, "is_present": false, "marking_time": null, "manual": false, "coordinates": null, "on_premises": false, "slug": "177836_1709524884"}}, {"model": "Session.attendance", "pk": 757, "fields": {"student": 108, "is_present": false, "marking_time": null, "manual": false, "coordinates": null, "on_premises": false, "slug": "423854_1709524884"}}, {"model": "Session.attendance", "pk": 758, "fields": {"student": 201, "is_present": false, "marking_time": null, "manual": false, "coordinates": null, "on_premises": false, "slug": "130426_1709576175"}}, {"model": "Session.attendance", "pk": 759, "fields": {"student": 202, "is_present": false, "marking_time": null, "manual": false, "coordinates": null, "on_premises": false, "slug": "269056_1709576175"}}, {"model": "Session.attendance", "pk": 760, "fields": {"student": 198, "is_present": false, "marking_time": null, "manual": false, "coordinates": null, "on_premises": false, "slug": "332277_1709576175"}}, {"model": "Session.attendance", "pk": 761, "fields": {"student": 199, "is_present": false, "marking_time": null, "manual": false, "coordinates": null, "on_premises": false, "slug": "260193_1709576175"}}, {"model": "Session.attendance", "pk": 762, "fields": {"student": 204, "is_present": false, "marking_time": null, "manual": false, "coordinates": null, "on_premises": false, "slug": "331916_1709576175"}}, {"model": "Session.attendance", "pk": 763, "fields": {"student": 175, "is_present": false, "marking_time": null, "manual": false, "coordinates": null, "on_premises": false, "slug": "615691_1709576175"}}, {"model": "Session.attendance", "pk": 764, "fields": {"student": 180, "is_present": false, "marking_time": null, "manual": false, "coordinates": null, "on_premises": false, "slug": "147380_1709576175"}}, {"model": "Session.attendance", "pk": 765, "fields": {"student": 183, "is_present": false, "marking_time": null, "manual": false, "coordinates": null, "on_premises": false, "slug": "160565_1709576175"}}, {"model": "Session.attendance", "pk": 766, "fields": {"student": 186, "is_present": false, "marking_time": null, "manual": false, "coordinates": null, "on_premises": false, "slug": "237602_1709576175"}}, {"model": "Session.attendance", "pk": 767, "fields": {"student": 188, "is_present": false, "marking_time": null, "manual": false, "coordinates": null, "on_premises": false, "slug": "220314_1709576175"}}, {"model": "Session.attendance", "pk": 768, "fields": {"student": 190, "is_present": false, "marking_time": null, "manual": false, "coordinates": null, "on_premises": false, "slug": "905950_1709576175"}}, {"model": "Session.session", "pk": 8, "fields": {"day": "2024-03-04", "session_id": "62719a2a1abb4058d8324a5b5721e2f366895142aa1c3dff7bdb1601e4184647", "lecture": 8, "created_at": "2024-03-04T03:46:25.897Z", "active": "post", "attendances": [323, 324, 325, 326, 327, 328, 329, 330, 331, 332, 333, 334, 335, 336, 337, 338, 339, 340, 341, 342, 343, 344, 345, 346, 347, 348, 349]}}, {"model": "Session.session", "pk": 9, "fields": {"day": "2024-03-04", "session_id": "3807fd11d33f4ea2ac8e61520df2846bf9423cf9685595628f1b95c2a4fbf43c", "lecture": 9, "created_at": "2024-03-04T03:52:13.033Z", "active": "pre", "attendances": [350, 351, 352, 353, 354, 355, 356, 357, 358, 359, 360, 361, 362, 363, 364, 365, 366, 367, 368, 369, 370, 371, 372, 373, 374, 375, 376, 377]}}, {"model": "Session.session", "pk": 10, "fields": {"day": "2024-03-04", "session_id": "4562645b96f0bb5cbb552f0a74ca7f8377bb08e74067d6f1fe11047f052cd041", "lecture": 10, "created_at": "2024-03-04T03:56:07.548Z", "active": "pre", "attendances": [378, 379, 380, 381, 382, 383, 384, 385, 386, 387, 388, 389, 390, 391, 392, 393, 394, 395, 396, 397, 398, 399, 400, 401, 402, 403, 404, 405, 406, 407, 408, 409, 410, 411, 412, 413, 414, 415, 416, 417, 418, 419, 420, 421, 422, 423, 424, 425, 426, 427, 428, 429, 430, 431, 432, 433, 434, 435, 436, 437, 438, 439, 440, 441, 442, 443, 444, 445, 446, 447, 448, 449, 450, 451, 452, 453, 454, 455, 456, 457, 458]}}, {"model": "Session.session", "pk": 11, "fields": {"day": "2024-03-04", "session_id": "25884c385e1fc0064fe15ef2827d3a0da2661f348a4ab2f6736641e66dce79e2", "lecture": 11, "created_at": "2024-03-04T03:56:50.136Z", "active": "pre", "attendances": [459, 460, 461, 462, 463, 464, 465, 466, 467, 468, 469, 470, 471, 472, 473, 474, 475, 476, 477, 478, 479, 480, 481, 482, 483, 484, 485]}}, {"model": "Session.session", "pk": 12, "fields": {"day": "2024-03-04", "session_id": "0591b4f5179f717619d833906f588d18b91ac30434a65b5359b4a04dc30b6ed2", "lecture": 12, "created_at": "2024-03-04T03:58:10.629Z", "active": "pre", "attendances": [486, 487, 488, 489, 490, 491, 492, 493, 494, 495, 496, 497, 498, 499, 500, 501, 502, 503, 504, 505, 506, 507, 508, 509, 510, 511, 512, 513, 514, 515, 516, 517, 518, 519, 520, 521, 522, 523, 524, 525, 526, 527, 528, 529, 530, 531, 532, 533, 534, 535, 536, 537, 538, 539, 540, 541, 542, 543, 544, 545, 546, 547, 548, 549, 550, 551, 552, 553, 554, 555, 556, 557, 558, 559, 560, 561, 562, 563, 564, 565, 566]}}, {"model": "Session.session", "pk": 13, "fields": {"day": "2024-03-04", "session_id": "cf655846928aae90754f04e56d517e07fbbeb6862b1a3cf41dfb750427a11906", "lecture": 13, "created_at": "2024-03-04T03:58:50.147Z", "active": "pre", "attendances": [567, 568, 569, 570, 571, 572, 573, 574, 575, 576, 577, 578, 579, 580, 581, 582, 583, 584, 585, 586, 587, 588, 589, 590, 591, 592, 593]}}, {"model": "Session.session", "pk": 14, "fields": {"day": "2024-03-04", "session_id": "d5871727b01503775e7c7b14ad2d6b5c1d0555d5f49e4ec6f7326e45e5bfb65d", "lecture": 14, "created_at": "2024-03-04T04:00:11.060Z", "active": "pre", "attendances": [594, 595, 596, 597, 598, 599, 600, 601, 602, 603, 604, 605, 606, 607, 608, 609, 610, 611, 612, 613, 614, 615, 616, 617, 618, 619, 620, 621, 622, 623, 624, 625, 626, 627, 628, 629, 630, 631, 632, 633, 634, 635, 636, 637, 638, 639, 640, 641, 642, 643, 644, 645, 646, 647, 648, 649, 650, 651, 652, 653, 654, 655, 656, 657, 658, 659, 660, 661, 662, 663, 664, 665, 666, 667, 668, 669, 670, 671, 672, 673, 674, 675]}}, {"model": "Session.session", "pk": 15, "fields": {"day": "2024-03-04", "session_id": "54d47bcb044491b7bcaee148d2ad7dbf61f0a65fe20ae5aa6c8793c80259c774", "lecture": 15, "created_at": "2024-03-04T04:01:24.380Z", "active": "pre", "attendances": [676, 677, 678, 679, 680, 681, 682, 683, 684, 685, 686, 687, 688, 689, 690, 691, 692, 693, 694, 695, 696, 697, 698, 699, 700, 701, 702, 703, 704, 705, 706, 707, 708, 709, 710, 711, 712, 713, 714, 715, 716, 717, 718, 719, 720, 721, 722, 723, 724, 725, 726, 727, 728, 729, 730, 731, 732, 733, 734, 735, 736, 737, 738, 739, 740, 741, 742, 743, 744, 745, 746, 747, 748, 749, 750, 751, 752, 753, 754, 755, 756, 757]}}, {"model": "Session.session", "pk": 16, "fields": {"day": "2024-03-04", "session_id": "b128b22ed2dd9a1c6f64ab413b4617b1506ae76b0e3208200286e6cdb287a148", "lecture": 16, "created_at": "2024-03-04T18:16:15.024Z", "active": "pre", "attendances": [758, 759, 760, 761, 762, 763, 764, 765, 766, 767, 768]}}]