

INSERT INTO "Batch" (id, batch_name, slug, division_id) VALUES (1, 'A1', '335122_1708928708', 1);
INSERT INTO "Batch" (id, batch_name, slug, division_id) VALUES (2, 'A2', '199958_1708928712', 1);
INSERT INTO "Batch" (id, batch_name, slug, division_id) VALUES (3, 'A3', '638410_1708928715', 1);
INSERT INTO "Batch" (id, batch_name, slug, division_id) VALUES (4, 'B1', '263987_1708928725', 2);
INSERT INTO "Batch" (id, batch_name, slug, division_id) VALUES (5, 'B2', '576893_1708928728', 2);
INSERT INTO "Batch" (id, batch_name, slug, division_id) VALUES (6, 'B3', '662227_1708928731', 2);
INSERT INTO "Batch" (id, batch_name, slug, division_id) VALUES (7, 'B1', '139194_1708936622', 4);
INSERT INTO "Batch" (id, batch_name, slug, division_id) VALUES (8, 'B2', '202700_1708936624', 4);
INSERT INTO "Batch" (id, batch_name, slug, division_id) VALUES (9, 'B3', '434667_1708936628', 4);
INSERT INTO "Batch" (id, batch_name, slug, division_id) VALUES (10, 'B4', '270281_1708936634', 4);
INSERT INTO "Batch" (id, batch_name, slug, division_id) VALUES (11, 'A1', '275913_1709145693', 6);
INSERT INTO "Batch" (id, batch_name, slug, division_id) VALUES (12, 'M1', '655037_1709224867', 7);
INSERT INTO "Batch" (id, batch_name, slug, division_id) VALUES (13, 'M2', '256593_1709224871', 7);
INSERT INTO "Batch" (id, batch_name, slug, division_id) VALUES (14, 'M3', '942196_1709224874', 7);
INSERT INTO "Batch" (id, batch_name, slug, division_id) VALUES (15, 'B1', '305594_1709303606', 8);
INSERT INTO "Batch" (id, batch_name, slug, division_id) VALUES (16, 'B2', '248435_1709303609', 8);
INSERT INTO "Batch" (id, batch_name, slug, division_id) VALUES (17, 'B3', '814661_1709303611', 8);
INSERT INTO "Batch" (id, batch_name, slug, division_id) VALUES (18, 'B4', '283524_1709303613', 8);


--
-- Data for Name: Manage_batch_students; Type: TABLE DATA; Schema: public; Owner: manav1011
--

INSERT INTO public."Manage_batch_students" (id, batch_id, student_id) VALUES (1, 1, 1);
INSERT INTO public."Manage_batch_students" (id, batch_id, student_id) VALUES (2, 1, 2);
INSERT INTO public."Manage_batch_students" (id, batch_id, student_id) VALUES (3, 1, 3);
INSERT INTO public."Manage_batch_students" (id, batch_id, student_id) VALUES (4, 1, 4);
INSERT INTO public."Manage_batch_students" (id, batch_id, student_id) VALUES (5, 1, 5);
INSERT INTO public."Manage_batch_students" (id, batch_id, student_id) VALUES (6, 1, 6);
INSERT INTO public."Manage_batch_students" (id, batch_id, student_id) VALUES (7, 1, 7);
INSERT INTO public."Manage_batch_students" (id, batch_id, student_id) VALUES (8, 1, 8);
INSERT INTO public."Manage_batch_students" (id, batch_id, student_id) VALUES (9, 1, 9);
INSERT INTO public."Manage_batch_students" (id, batch_id, student_id) VALUES (10, 1, 10);
INSERT INTO public."Manage_batch_students" (id, batch_id, student_id) VALUES (11, 1, 11);
INSERT INTO public."Manage_batch_students" (id, batch_id, student_id) VALUES (12, 1, 12);
INSERT INTO public."Manage_batch_students" (id, batch_id, student_id) VALUES (13, 1, 13);
INSERT INTO public."Manage_batch_students" (id, batch_id, student_id) VALUES (14, 1, 14);
INSERT INTO public."Manage_batch_students" (id, batch_id, student_id) VALUES (15, 1, 15);
INSERT INTO public."Manage_batch_students" (id, batch_id, student_id) VALUES (16, 1, 16);
INSERT INTO public."Manage_batch_students" (id, batch_id, student_id) VALUES (17, 1, 17);
INSERT INTO public."Manage_batch_students" (id, batch_id, student_id) VALUES (18, 1, 18);
INSERT INTO public."Manage_batch_students" (id, batch_id, student_id) VALUES (19, 1, 19);
INSERT INTO public."Manage_batch_students" (id, batch_id, student_id) VALUES (20, 1, 20);
INSERT INTO public."Manage_batch_students" (id, batch_id, student_id) VALUES (21, 1, 21);
INSERT INTO public."Manage_batch_students" (id, batch_id, student_id) VALUES (22, 1, 22);
INSERT INTO public."Manage_batch_students" (id, batch_id, student_id) VALUES (23, 1, 23);
INSERT INTO public."Manage_batch_students" (id, batch_id, student_id) VALUES (24, 1, 24);
INSERT INTO public."Manage_batch_students" (id, batch_id, student_id) VALUES (25, 1, 25);
INSERT INTO public."Manage_batch_students" (id, batch_id, student_id) VALUES (26, 1, 26);
INSERT INTO public."Manage_batch_students" (id, batch_id, student_id) VALUES (27, 1, 27);
INSERT INTO public."Manage_batch_students" (id, batch_id, student_id) VALUES (28, 2, 28);
INSERT INTO public."Manage_batch_students" (id, batch_id, student_id) VALUES (29, 2, 29);
INSERT INTO public."Manage_batch_students" (id, batch_id, student_id) VALUES (30, 2, 30);
INSERT INTO public."Manage_batch_students" (id, batch_id, student_id) VALUES (31, 2, 31);
INSERT INTO public."Manage_batch_students" (id, batch_id, student_id) VALUES (32, 2, 32);
INSERT INTO public."Manage_batch_students" (id, batch_id, student_id) VALUES (33, 2, 33);
INSERT INTO public."Manage_batch_students" (id, batch_id, student_id) VALUES (34, 2, 34);
INSERT INTO public."Manage_batch_students" (id, batch_id, student_id) VALUES (35, 2, 35);
INSERT INTO public."Manage_batch_students" (id, batch_id, student_id) VALUES (36, 2, 36);
INSERT INTO public."Manage_batch_students" (id, batch_id, student_id) VALUES (37, 2, 37);
INSERT INTO public."Manage_batch_students" (id, batch_id, student_id) VALUES (38, 2, 38);
INSERT INTO public."Manage_batch_students" (id, batch_id, student_id) VALUES (39, 2, 39);
INSERT INTO public."Manage_batch_students" (id, batch_id, student_id) VALUES (40, 2, 40);
INSERT INTO public."Manage_batch_students" (id, batch_id, student_id) VALUES (41, 2, 41);
INSERT INTO public."Manage_batch_students" (id, batch_id, student_id) VALUES (42, 2, 42);
INSERT INTO public."Manage_batch_students" (id, batch_id, student_id) VALUES (43, 2, 43);
INSERT INTO public."Manage_batch_students" (id, batch_id, student_id) VALUES (44, 2, 44);
INSERT INTO public."Manage_batch_students" (id, batch_id, student_id) VALUES (45, 2, 45);
INSERT INTO public."Manage_batch_students" (id, batch_id, student_id) VALUES (46, 2, 46);
INSERT INTO public."Manage_batch_students" (id, batch_id, student_id) VALUES (47, 2, 47);
INSERT INTO public."Manage_batch_students" (id, batch_id, student_id) VALUES (48, 2, 48);
INSERT INTO public."Manage_batch_students" (id, batch_id, student_id) VALUES (49, 2, 49);
INSERT INTO public."Manage_batch_students" (id, batch_id, student_id) VALUES (50, 2, 50);
INSERT INTO public."Manage_batch_students" (id, batch_id, student_id) VALUES (51, 2, 51);
INSERT INTO public."Manage_batch_students" (id, batch_id, student_id) VALUES (52, 2, 52);
INSERT INTO public."Manage_batch_students" (id, batch_id, student_id) VALUES (53, 2, 53);
INSERT INTO public."Manage_batch_students" (id, batch_id, student_id) VALUES (54, 2, 54);
INSERT INTO public."Manage_batch_students" (id, batch_id, student_id) VALUES (55, 3, 55);
INSERT INTO public."Manage_batch_students" (id, batch_id, student_id) VALUES (56, 3, 56);
INSERT INTO public."Manage_batch_students" (id, batch_id, student_id) VALUES (57, 3, 57);
INSERT INTO public."Manage_batch_students" (id, batch_id, student_id) VALUES (58, 3, 58);
INSERT INTO public."Manage_batch_students" (id, batch_id, student_id) VALUES (59, 3, 59);
INSERT INTO public."Manage_batch_students" (id, batch_id, student_id) VALUES (60, 3, 60);
INSERT INTO public."Manage_batch_students" (id, batch_id, student_id) VALUES (61, 3, 61);
INSERT INTO public."Manage_batch_students" (id, batch_id, student_id) VALUES (62, 3, 62);
INSERT INTO public."Manage_batch_students" (id, batch_id, student_id) VALUES (63, 3, 63);
INSERT INTO public."Manage_batch_students" (id, batch_id, student_id) VALUES (64, 3, 64);
INSERT INTO public."Manage_batch_students" (id, batch_id, student_id) VALUES (65, 3, 65);
INSERT INTO public."Manage_batch_students" (id, batch_id, student_id) VALUES (66, 3, 66);
INSERT INTO public."Manage_batch_students" (id, batch_id, student_id) VALUES (67, 3, 67);
INSERT INTO public."Manage_batch_students" (id, batch_id, student_id) VALUES (68, 3, 68);
INSERT INTO public."Manage_batch_students" (id, batch_id, student_id) VALUES (69, 3, 69);
INSERT INTO public."Manage_batch_students" (id, batch_id, student_id) VALUES (70, 3, 70);
INSERT INTO public."Manage_batch_students" (id, batch_id, student_id) VALUES (71, 3, 71);
INSERT INTO public."Manage_batch_students" (id, batch_id, student_id) VALUES (72, 3, 72);
INSERT INTO public."Manage_batch_students" (id, batch_id, student_id) VALUES (73, 3, 73);
INSERT INTO public."Manage_batch_students" (id, batch_id, student_id) VALUES (74, 3, 74);
INSERT INTO public."Manage_batch_students" (id, batch_id, student_id) VALUES (75, 3, 75);
INSERT INTO public."Manage_batch_students" (id, batch_id, student_id) VALUES (76, 3, 76);
INSERT INTO public."Manage_batch_students" (id, batch_id, student_id) VALUES (77, 3, 77);
INSERT INTO public."Manage_batch_students" (id, batch_id, student_id) VALUES (78, 3, 78);
INSERT INTO public."Manage_batch_students" (id, batch_id, student_id) VALUES (79, 3, 79);
INSERT INTO public."Manage_batch_students" (id, batch_id, student_id) VALUES (80, 3, 80);
INSERT INTO public."Manage_batch_students" (id, batch_id, student_id) VALUES (81, 3, 81);
INSERT INTO public."Manage_batch_students" (id, batch_id, student_id) VALUES (82, 4, 82);
INSERT INTO public."Manage_batch_students" (id, batch_id, student_id) VALUES (83, 4, 83);
INSERT INTO public."Manage_batch_students" (id, batch_id, student_id) VALUES (84, 4, 84);
INSERT INTO public."Manage_batch_students" (id, batch_id, student_id) VALUES (85, 4, 85);
INSERT INTO public."Manage_batch_students" (id, batch_id, student_id) VALUES (86, 4, 86);
INSERT INTO public."Manage_batch_students" (id, batch_id, student_id) VALUES (87, 4, 87);
INSERT INTO public."Manage_batch_students" (id, batch_id, student_id) VALUES (88, 4, 88);
INSERT INTO public."Manage_batch_students" (id, batch_id, student_id) VALUES (89, 4, 89);
INSERT INTO public."Manage_batch_students" (id, batch_id, student_id) VALUES (90, 4, 90);
INSERT INTO public."Manage_batch_students" (id, batch_id, student_id) VALUES (91, 4, 91);
INSERT INTO public."Manage_batch_students" (id, batch_id, student_id) VALUES (92, 4, 92);
INSERT INTO public."Manage_batch_students" (id, batch_id, student_id) VALUES (93, 4, 93);
INSERT INTO public."Manage_batch_students" (id, batch_id, student_id) VALUES (94, 4, 94);
INSERT INTO public."Manage_batch_students" (id, batch_id, student_id) VALUES (95, 4, 95);
INSERT INTO public."Manage_batch_students" (id, batch_id, student_id) VALUES (96, 4, 96);
INSERT INTO public."Manage_batch_students" (id, batch_id, student_id) VALUES (97, 4, 97);
INSERT INTO public."Manage_batch_students" (id, batch_id, student_id) VALUES (98, 4, 98);
INSERT INTO public."Manage_batch_students" (id, batch_id, student_id) VALUES (99, 4, 99);
INSERT INTO public."Manage_batch_students" (id, batch_id, student_id) VALUES (100, 4, 100);
INSERT INTO public."Manage_batch_students" (id, batch_id, student_id) VALUES (101, 4, 101);
INSERT INTO public."Manage_batch_students" (id, batch_id, student_id) VALUES (102, 4, 102);
INSERT INTO public."Manage_batch_students" (id, batch_id, student_id) VALUES (103, 4, 103);
INSERT INTO public."Manage_batch_students" (id, batch_id, student_id) VALUES (104, 4, 104);
INSERT INTO public."Manage_batch_students" (id, batch_id, student_id) VALUES (105, 4, 105);
INSERT INTO public."Manage_batch_students" (id, batch_id, student_id) VALUES (106, 4, 106);
INSERT INTO public."Manage_batch_students" (id, batch_id, student_id) VALUES (107, 4, 107);
INSERT INTO public."Manage_batch_students" (id, batch_id, student_id) VALUES (108, 4, 108);
INSERT INTO public."Manage_batch_students" (id, batch_id, student_id) VALUES (109, 5, 128);
INSERT INTO public."Manage_batch_students" (id, batch_id, student_id) VALUES (110, 5, 129);
INSERT INTO public."Manage_batch_students" (id, batch_id, student_id) VALUES (111, 5, 130);
INSERT INTO public."Manage_batch_students" (id, batch_id, student_id) VALUES (112, 5, 131);
INSERT INTO public."Manage_batch_students" (id, batch_id, student_id) VALUES (113, 5, 132);
INSERT INTO public."Manage_batch_students" (id, batch_id, student_id) VALUES (114, 5, 133);
INSERT INTO public."Manage_batch_students" (id, batch_id, student_id) VALUES (115, 5, 134);
INSERT INTO public."Manage_batch_students" (id, batch_id, student_id) VALUES (116, 5, 135);
INSERT INTO public."Manage_batch_students" (id, batch_id, student_id) VALUES (117, 5, 109);
INSERT INTO public."Manage_batch_students" (id, batch_id, student_id) VALUES (118, 5, 110);
INSERT INTO public."Manage_batch_students" (id, batch_id, student_id) VALUES (119, 5, 111);
INSERT INTO public."Manage_batch_students" (id, batch_id, student_id) VALUES (120, 5, 112);
INSERT INTO public."Manage_batch_students" (id, batch_id, student_id) VALUES (121, 5, 113);
INSERT INTO public."Manage_batch_students" (id, batch_id, student_id) VALUES (122, 5, 114);
INSERT INTO public."Manage_batch_students" (id, batch_id, student_id) VALUES (123, 5, 115);
INSERT INTO public."Manage_batch_students" (id, batch_id, student_id) VALUES (124, 5, 116);
INSERT INTO public."Manage_batch_students" (id, batch_id, student_id) VALUES (125, 5, 117);
INSERT INTO public."Manage_batch_students" (id, batch_id, student_id) VALUES (126, 5, 118);
INSERT INTO public."Manage_batch_students" (id, batch_id, student_id) VALUES (127, 5, 119);
INSERT INTO public."Manage_batch_students" (id, batch_id, student_id) VALUES (128, 5, 120);
INSERT INTO public."Manage_batch_students" (id, batch_id, student_id) VALUES (129, 5, 121);
INSERT INTO public."Manage_batch_students" (id, batch_id, student_id) VALUES (130, 5, 122);
INSERT INTO public."Manage_batch_students" (id, batch_id, student_id) VALUES (131, 5, 123);
INSERT INTO public."Manage_batch_students" (id, batch_id, student_id) VALUES (132, 5, 124);
INSERT INTO public."Manage_batch_students" (id, batch_id, student_id) VALUES (133, 5, 125);
INSERT INTO public."Manage_batch_students" (id, batch_id, student_id) VALUES (134, 5, 126);
INSERT INTO public."Manage_batch_students" (id, batch_id, student_id) VALUES (135, 5, 127);
INSERT INTO public."Manage_batch_students" (id, batch_id, student_id) VALUES (136, 6, 136);
INSERT INTO public."Manage_batch_students" (id, batch_id, student_id) VALUES (137, 6, 137);
INSERT INTO public."Manage_batch_students" (id, batch_id, student_id) VALUES (138, 6, 138);
INSERT INTO public."Manage_batch_students" (id, batch_id, student_id) VALUES (139, 6, 139);
INSERT INTO public."Manage_batch_students" (id, batch_id, student_id) VALUES (140, 6, 140);
INSERT INTO public."Manage_batch_students" (id, batch_id, student_id) VALUES (141, 6, 141);
INSERT INTO public."Manage_batch_students" (id, batch_id, student_id) VALUES (142, 6, 142);
INSERT INTO public."Manage_batch_students" (id, batch_id, student_id) VALUES (143, 6, 143);
INSERT INTO public."Manage_batch_students" (id, batch_id, student_id) VALUES (144, 6, 144);
INSERT INTO public."Manage_batch_students" (id, batch_id, student_id) VALUES (145, 6, 145);
INSERT INTO public."Manage_batch_students" (id, batch_id, student_id) VALUES (146, 6, 146);
INSERT INTO public."Manage_batch_students" (id, batch_id, student_id) VALUES (147, 6, 147);
INSERT INTO public."Manage_batch_students" (id, batch_id, student_id) VALUES (148, 6, 148);
INSERT INTO public."Manage_batch_students" (id, batch_id, student_id) VALUES (149, 6, 149);
INSERT INTO public."Manage_batch_students" (id, batch_id, student_id) VALUES (150, 6, 150);
INSERT INTO public."Manage_batch_students" (id, batch_id, student_id) VALUES (151, 6, 151);
INSERT INTO public."Manage_batch_students" (id, batch_id, student_id) VALUES (152, 6, 152);
INSERT INTO public."Manage_batch_students" (id, batch_id, student_id) VALUES (153, 6, 153);
INSERT INTO public."Manage_batch_students" (id, batch_id, student_id) VALUES (154, 6, 154);
INSERT INTO public."Manage_batch_students" (id, batch_id, student_id) VALUES (155, 6, 155);
INSERT INTO public."Manage_batch_students" (id, batch_id, student_id) VALUES (156, 6, 156);
INSERT INTO public."Manage_batch_students" (id, batch_id, student_id) VALUES (157, 6, 157);
INSERT INTO public."Manage_batch_students" (id, batch_id, student_id) VALUES (158, 6, 158);
INSERT INTO public."Manage_batch_students" (id, batch_id, student_id) VALUES (159, 6, 159);
INSERT INTO public."Manage_batch_students" (id, batch_id, student_id) VALUES (160, 6, 160);
INSERT INTO public."Manage_batch_students" (id, batch_id, student_id) VALUES (161, 6, 161);
INSERT INTO public."Manage_batch_students" (id, batch_id, student_id) VALUES (162, 6, 162);
INSERT INTO public."Manage_batch_students" (id, batch_id, student_id) VALUES (163, 6, 163);
INSERT INTO public."Manage_batch_students" (id, batch_id, student_id) VALUES (164, 7, 164);
INSERT INTO public."Manage_batch_students" (id, batch_id, student_id) VALUES (165, 7, 165);
INSERT INTO public."Manage_batch_students" (id, batch_id, student_id) VALUES (166, 7, 166);
INSERT INTO public."Manage_batch_students" (id, batch_id, student_id) VALUES (167, 7, 167);
INSERT INTO public."Manage_batch_students" (id, batch_id, student_id) VALUES (168, 7, 168);
INSERT INTO public."Manage_batch_students" (id, batch_id, student_id) VALUES (169, 7, 169);
INSERT INTO public."Manage_batch_students" (id, batch_id, student_id) VALUES (170, 7, 170);
INSERT INTO public."Manage_batch_students" (id, batch_id, student_id) VALUES (171, 7, 171);
INSERT INTO public."Manage_batch_students" (id, batch_id, student_id) VALUES (172, 7, 172);
INSERT INTO public."Manage_batch_students" (id, batch_id, student_id) VALUES (173, 7, 173);
INSERT INTO public."Manage_batch_students" (id, batch_id, student_id) VALUES (174, 7, 174);
INSERT INTO public."Manage_batch_students" (id, batch_id, student_id) VALUES (175, 7, 175);
INSERT INTO public."Manage_batch_students" (id, batch_id, student_id) VALUES (176, 7, 176);
INSERT INTO public."Manage_batch_students" (id, batch_id, student_id) VALUES (177, 7, 177);
INSERT INTO public."Manage_batch_students" (id, batch_id, student_id) VALUES (178, 7, 178);
INSERT INTO public."Manage_batch_students" (id, batch_id, student_id) VALUES (179, 8, 192);
INSERT INTO public."Manage_batch_students" (id, batch_id, student_id) VALUES (180, 8, 193);
INSERT INTO public."Manage_batch_students" (id, batch_id, student_id) VALUES (181, 8, 179);
INSERT INTO public."Manage_batch_students" (id, batch_id, student_id) VALUES (182, 8, 180);
INSERT INTO public."Manage_batch_students" (id, batch_id, student_id) VALUES (183, 8, 181);
INSERT INTO public."Manage_batch_students" (id, batch_id, student_id) VALUES (184, 8, 182);
INSERT INTO public."Manage_batch_students" (id, batch_id, student_id) VALUES (185, 8, 183);
INSERT INTO public."Manage_batch_students" (id, batch_id, student_id) VALUES (186, 8, 184);
INSERT INTO public."Manage_batch_students" (id, batch_id, student_id) VALUES (187, 8, 185);
INSERT INTO public."Manage_batch_students" (id, batch_id, student_id) VALUES (188, 8, 186);
INSERT INTO public."Manage_batch_students" (id, batch_id, student_id) VALUES (189, 8, 187);
INSERT INTO public."Manage_batch_students" (id, batch_id, student_id) VALUES (190, 8, 188);
INSERT INTO public."Manage_batch_students" (id, batch_id, student_id) VALUES (191, 8, 189);
INSERT INTO public."Manage_batch_students" (id, batch_id, student_id) VALUES (192, 8, 190);
INSERT INTO public."Manage_batch_students" (id, batch_id, student_id) VALUES (193, 8, 191);
INSERT INTO public."Manage_batch_students" (id, batch_id, student_id) VALUES (194, 9, 194);
INSERT INTO public."Manage_batch_students" (id, batch_id, student_id) VALUES (195, 9, 195);
INSERT INTO public."Manage_batch_students" (id, batch_id, student_id) VALUES (196, 9, 196);
INSERT INTO public."Manage_batch_students" (id, batch_id, student_id) VALUES (197, 9, 197);
INSERT INTO public."Manage_batch_students" (id, batch_id, student_id) VALUES (198, 9, 198);
INSERT INTO public."Manage_batch_students" (id, batch_id, student_id) VALUES (199, 9, 199);
INSERT INTO public."Manage_batch_students" (id, batch_id, student_id) VALUES (200, 9, 200);
INSERT INTO public."Manage_batch_students" (id, batch_id, student_id) VALUES (201, 9, 201);
INSERT INTO public."Manage_batch_students" (id, batch_id, student_id) VALUES (202, 9, 202);
INSERT INTO public."Manage_batch_students" (id, batch_id, student_id) VALUES (203, 9, 203);
INSERT INTO public."Manage_batch_students" (id, batch_id, student_id) VALUES (204, 9, 204);
INSERT INTO public."Manage_batch_students" (id, batch_id, student_id) VALUES (205, 9, 205);
INSERT INTO public."Manage_batch_students" (id, batch_id, student_id) VALUES (206, 9, 206);
INSERT INTO public."Manage_batch_students" (id, batch_id, student_id) VALUES (207, 9, 207);
INSERT INTO public."Manage_batch_students" (id, batch_id, student_id) VALUES (208, 9, 208);
INSERT INTO public."Manage_batch_students" (id, batch_id, student_id) VALUES (209, 9, 209);
INSERT INTO public."Manage_batch_students" (id, batch_id, student_id) VALUES (210, 10, 210);
INSERT INTO public."Manage_batch_students" (id, batch_id, student_id) VALUES (211, 10, 211);
INSERT INTO public."Manage_batch_students" (id, batch_id, student_id) VALUES (212, 10, 212);
INSERT INTO public."Manage_batch_students" (id, batch_id, student_id) VALUES (213, 10, 213);
INSERT INTO public."Manage_batch_students" (id, batch_id, student_id) VALUES (214, 10, 214);
INSERT INTO public."Manage_batch_students" (id, batch_id, student_id) VALUES (215, 10, 215);
INSERT INTO public."Manage_batch_students" (id, batch_id, student_id) VALUES (216, 10, 216);
INSERT INTO public."Manage_batch_students" (id, batch_id, student_id) VALUES (217, 10, 217);
INSERT INTO public."Manage_batch_students" (id, batch_id, student_id) VALUES (218, 10, 218);
INSERT INTO public."Manage_batch_students" (id, batch_id, student_id) VALUES (219, 10, 219);
INSERT INTO public."Manage_batch_students" (id, batch_id, student_id) VALUES (220, 10, 220);
INSERT INTO public."Manage_batch_students" (id, batch_id, student_id) VALUES (221, 10, 221);
INSERT INTO public."Manage_batch_students" (id, batch_id, student_id) VALUES (222, 10, 222);
INSERT INTO public."Manage_batch_students" (id, batch_id, student_id) VALUES (223, 10, 223);
INSERT INTO public."Manage_batch_students" (id, batch_id, student_id) VALUES (224, 10, 224);
INSERT INTO public."Manage_batch_students" (id, batch_id, student_id) VALUES (225, 10, 225);
INSERT INTO public."Manage_batch_students" (id, batch_id, student_id) VALUES (226, 10, 226);
INSERT INTO public."Manage_batch_students" (id, batch_id, student_id) VALUES (227, 10, 227);
INSERT INTO public."Manage_batch_students" (id, batch_id, student_id) VALUES (228, 10, 228);
INSERT INTO public."Manage_batch_students" (id, batch_id, student_id) VALUES (229, 10, 229);
INSERT INTO public."Manage_batch_students" (id, batch_id, student_id) VALUES (230, 10, 230);
INSERT INTO public."Manage_batch_students" (id, batch_id, student_id) VALUES (231, 11, 231);
INSERT INTO public."Manage_batch_students" (id, batch_id, student_id) VALUES (232, 11, 232);
INSERT INTO public."Manage_batch_students" (id, batch_id, student_id) VALUES (233, 11, 233);
INSERT INTO public."Manage_batch_students" (id, batch_id, student_id) VALUES (234, 11, 234);
INSERT INTO public."Manage_batch_students" (id, batch_id, student_id) VALUES (235, 11, 235);
INSERT INTO public."Manage_batch_students" (id, batch_id, student_id) VALUES (236, 11, 236);
INSERT INTO public."Manage_batch_students" (id, batch_id, student_id) VALUES (237, 11, 237);
INSERT INTO public."Manage_batch_students" (id, batch_id, student_id) VALUES (238, 11, 238);
INSERT INTO public."Manage_batch_students" (id, batch_id, student_id) VALUES (239, 11, 239);
INSERT INTO public."Manage_batch_students" (id, batch_id, student_id) VALUES (240, 11, 240);
INSERT INTO public."Manage_batch_students" (id, batch_id, student_id) VALUES (241, 11, 241);
INSERT INTO public."Manage_batch_students" (id, batch_id, student_id) VALUES (242, 11, 242);
INSERT INTO public."Manage_batch_students" (id, batch_id, student_id) VALUES (243, 11, 243);
INSERT INTO public."Manage_batch_students" (id, batch_id, student_id) VALUES (244, 11, 244);
INSERT INTO public."Manage_batch_students" (id, batch_id, student_id) VALUES (245, 11, 245);
INSERT INTO public."Manage_batch_students" (id, batch_id, student_id) VALUES (246, 11, 246);
INSERT INTO public."Manage_batch_students" (id, batch_id, student_id) VALUES (247, 12, 256);
INSERT INTO public."Manage_batch_students" (id, batch_id, student_id) VALUES (248, 12, 257);
INSERT INTO public."Manage_batch_students" (id, batch_id, student_id) VALUES (249, 12, 258);
INSERT INTO public."Manage_batch_students" (id, batch_id, student_id) VALUES (250, 12, 259);
INSERT INTO public."Manage_batch_students" (id, batch_id, student_id) VALUES (251, 12, 260);
INSERT INTO public."Manage_batch_students" (id, batch_id, student_id) VALUES (252, 12, 261);
INSERT INTO public."Manage_batch_students" (id, batch_id, student_id) VALUES (253, 12, 262);
INSERT INTO public."Manage_batch_students" (id, batch_id, student_id) VALUES (254, 12, 167);
INSERT INTO public."Manage_batch_students" (id, batch_id, student_id) VALUES (255, 12, 169);
INSERT INTO public."Manage_batch_students" (id, batch_id, student_id) VALUES (256, 12, 205);
INSERT INTO public."Manage_batch_students" (id, batch_id, student_id) VALUES (257, 12, 214);
INSERT INTO public."Manage_batch_students" (id, batch_id, student_id) VALUES (258, 12, 247);
INSERT INTO public."Manage_batch_students" (id, batch_id, student_id) VALUES (259, 12, 248);
INSERT INTO public."Manage_batch_students" (id, batch_id, student_id) VALUES (260, 12, 249);
INSERT INTO public."Manage_batch_students" (id, batch_id, student_id) VALUES (261, 12, 250);
INSERT INTO public."Manage_batch_students" (id, batch_id, student_id) VALUES (262, 12, 251);
INSERT INTO public."Manage_batch_students" (id, batch_id, student_id) VALUES (263, 12, 252);
INSERT INTO public."Manage_batch_students" (id, batch_id, student_id) VALUES (264, 12, 253);
INSERT INTO public."Manage_batch_students" (id, batch_id, student_id) VALUES (265, 12, 254);
INSERT INTO public."Manage_batch_students" (id, batch_id, student_id) VALUES (266, 12, 255);
INSERT INTO public."Manage_batch_students" (id, batch_id, student_id) VALUES (267, 13, 263);
INSERT INTO public."Manage_batch_students" (id, batch_id, student_id) VALUES (268, 13, 264);
INSERT INTO public."Manage_batch_students" (id, batch_id, student_id) VALUES (269, 13, 265);
INSERT INTO public."Manage_batch_students" (id, batch_id, student_id) VALUES (270, 13, 266);
INSERT INTO public."Manage_batch_students" (id, batch_id, student_id) VALUES (271, 13, 267);
INSERT INTO public."Manage_batch_students" (id, batch_id, student_id) VALUES (272, 13, 268);
INSERT INTO public."Manage_batch_students" (id, batch_id, student_id) VALUES (273, 13, 269);
INSERT INTO public."Manage_batch_students" (id, batch_id, student_id) VALUES (274, 13, 270);
INSERT INTO public."Manage_batch_students" (id, batch_id, student_id) VALUES (275, 13, 271);
INSERT INTO public."Manage_batch_students" (id, batch_id, student_id) VALUES (276, 13, 272);
INSERT INTO public."Manage_batch_students" (id, batch_id, student_id) VALUES (277, 13, 273);
INSERT INTO public."Manage_batch_students" (id, batch_id, student_id) VALUES (278, 13, 274);
INSERT INTO public."Manage_batch_students" (id, batch_id, student_id) VALUES (279, 13, 275);
INSERT INTO public."Manage_batch_students" (id, batch_id, student_id) VALUES (280, 13, 276);
INSERT INTO public."Manage_batch_students" (id, batch_id, student_id) VALUES (281, 13, 277);
INSERT INTO public."Manage_batch_students" (id, batch_id, student_id) VALUES (282, 13, 278);
INSERT INTO public."Manage_batch_students" (id, batch_id, student_id) VALUES (283, 13, 279);
INSERT INTO public."Manage_batch_students" (id, batch_id, student_id) VALUES (284, 13, 172);
INSERT INTO public."Manage_batch_students" (id, batch_id, student_id) VALUES (285, 13, 208);
INSERT INTO public."Manage_batch_students" (id, batch_id, student_id) VALUES (286, 14, 280);
INSERT INTO public."Manage_batch_students" (id, batch_id, student_id) VALUES (287, 14, 281);
INSERT INTO public."Manage_batch_students" (id, batch_id, student_id) VALUES (288, 14, 282);
INSERT INTO public."Manage_batch_students" (id, batch_id, student_id) VALUES (289, 14, 283);
INSERT INTO public."Manage_batch_students" (id, batch_id, student_id) VALUES (290, 14, 284);
INSERT INTO public."Manage_batch_students" (id, batch_id, student_id) VALUES (291, 14, 285);
INSERT INTO public."Manage_batch_students" (id, batch_id, student_id) VALUES (292, 14, 286);
INSERT INTO public."Manage_batch_students" (id, batch_id, student_id) VALUES (293, 14, 287);
INSERT INTO public."Manage_batch_students" (id, batch_id, student_id) VALUES (294, 14, 288);
INSERT INTO public."Manage_batch_students" (id, batch_id, student_id) VALUES (295, 14, 289);
INSERT INTO public."Manage_batch_students" (id, batch_id, student_id) VALUES (296, 14, 290);
INSERT INTO public."Manage_batch_students" (id, batch_id, student_id) VALUES (297, 14, 291);
INSERT INTO public."Manage_batch_students" (id, batch_id, student_id) VALUES (298, 14, 292);
INSERT INTO public."Manage_batch_students" (id, batch_id, student_id) VALUES (299, 14, 293);
INSERT INTO public."Manage_batch_students" (id, batch_id, student_id) VALUES (300, 14, 294);
INSERT INTO public."Manage_batch_students" (id, batch_id, student_id) VALUES (301, 14, 295);
INSERT INTO public."Manage_batch_students" (id, batch_id, student_id) VALUES (302, 14, 296);
INSERT INTO public."Manage_batch_students" (id, batch_id, student_id) VALUES (303, 14, 297);
INSERT INTO public."Manage_batch_students" (id, batch_id, student_id) VALUES (304, 14, 298);
INSERT INTO public."Manage_batch_students" (id, batch_id, student_id) VALUES (305, 14, 299);
INSERT INTO public."Manage_batch_students" (id, batch_id, student_id) VALUES (306, 15, 175);
INSERT INTO public."Manage_batch_students" (id, batch_id, student_id) VALUES (307, 16, 180);
INSERT INTO public."Manage_batch_students" (id, batch_id, student_id) VALUES (308, 16, 183);
INSERT INTO public."Manage_batch_students" (id, batch_id, student_id) VALUES (309, 16, 186);
INSERT INTO public."Manage_batch_students" (id, batch_id, student_id) VALUES (310, 16, 188);
INSERT INTO public."Manage_batch_students" (id, batch_id, student_id) VALUES (311, 16, 190);
INSERT INTO public."Manage_batch_students" (id, batch_id, student_id) VALUES (312, 17, 198);
INSERT INTO public."Manage_batch_students" (id, batch_id, student_id) VALUES (313, 17, 199);
INSERT INTO public."Manage_batch_students" (id, batch_id, student_id) VALUES (314, 17, 201);
INSERT INTO public."Manage_batch_students" (id, batch_id, student_id) VALUES (315, 17, 202);
INSERT INTO public."Manage_batch_students" (id, batch_id, student_id) VALUES (316, 17, 204);


--
-- Data for Name: Manage_branch; Type: TABLE DATA; Schema: public; Owner: manav1011
--

INSERT INTO public."Manage_branch" (id, branch_name, branch_code, slug, college_id) VALUES (1, 'Electronics And Communication - BE', '11', '106926_1708928401', 1);
INSERT INTO public."Manage_branch" (id, branch_name, branch_code, slug, college_id) VALUES (2, 'Computer Engineering - BE', '7', '119147_1708935897', 1);
INSERT INTO public."Manage_branch" (id, branch_name, branch_code, slug, college_id) VALUES (3, 'Computer Engineering - ME', '2', '279618_1709145570', 1);
INSERT INTO public."Manage_branch" (id, branch_name, branch_code, slug, college_id) VALUES (4, 'AI & ML Minor/Honours Degree Program', 'AG', '297440_1709224770', 1);
INSERT INTO public."Manage_branch" (id, branch_name, branch_code, slug, college_id) VALUES (5, 'TEST_BRANCH_FOR_CORE_TEAM', '69', '118438_1709302902', 1);


--
-- Data for Name: Manage_branch_admins; Type: TABLE DATA; Schema: public; Owner: manav1011
--

INSERT INTO public."Manage_branch_admins" (id, branch_id, admin_id) VALUES (1, 1, 1);
INSERT INTO public."Manage_branch_admins" (id, branch_id, admin_id) VALUES (2, 2, 2);
INSERT INTO public."Manage_branch_admins" (id, branch_id, admin_id) VALUES (3, 3, 3);
INSERT INTO public."Manage_branch_admins" (id, branch_id, admin_id) VALUES (4, 4, 4);
INSERT INTO public."Manage_branch_admins" (id, branch_id, admin_id) VALUES (5, 5, 5);


--
-- Data for Name: Manage_branch_students; Type: TABLE DATA; Schema: public; Owner: manav1011
--

INSERT INTO public."Manage_branch_students" (id, branch_id, student_id) VALUES (1, 1, 1);
INSERT INTO public."Manage_branch_students" (id, branch_id, student_id) VALUES (2, 1, 2);
INSERT INTO public."Manage_branch_students" (id, branch_id, student_id) VALUES (3, 1, 3);
INSERT INTO public."Manage_branch_students" (id, branch_id, student_id) VALUES (4, 1, 4);
INSERT INTO public."Manage_branch_students" (id, branch_id, student_id) VALUES (5, 1, 5);
INSERT INTO public."Manage_branch_students" (id, branch_id, student_id) VALUES (6, 1, 6);
INSERT INTO public."Manage_branch_students" (id, branch_id, student_id) VALUES (7, 1, 7);
INSERT INTO public."Manage_branch_students" (id, branch_id, student_id) VALUES (8, 1, 8);
INSERT INTO public."Manage_branch_students" (id, branch_id, student_id) VALUES (9, 1, 9);
INSERT INTO public."Manage_branch_students" (id, branch_id, student_id) VALUES (10, 1, 10);
INSERT INTO public."Manage_branch_students" (id, branch_id, student_id) VALUES (11, 1, 11);
INSERT INTO public."Manage_branch_students" (id, branch_id, student_id) VALUES (12, 1, 12);
INSERT INTO public."Manage_branch_students" (id, branch_id, student_id) VALUES (13, 1, 13);
INSERT INTO public."Manage_branch_students" (id, branch_id, student_id) VALUES (14, 1, 14);
INSERT INTO public."Manage_branch_students" (id, branch_id, student_id) VALUES (15, 1, 15);
INSERT INTO public."Manage_branch_students" (id, branch_id, student_id) VALUES (16, 1, 16);
INSERT INTO public."Manage_branch_students" (id, branch_id, student_id) VALUES (17, 1, 17);
INSERT INTO public."Manage_branch_students" (id, branch_id, student_id) VALUES (18, 1, 18);
INSERT INTO public."Manage_branch_students" (id, branch_id, student_id) VALUES (19, 1, 19);
INSERT INTO public."Manage_branch_students" (id, branch_id, student_id) VALUES (20, 1, 20);
INSERT INTO public."Manage_branch_students" (id, branch_id, student_id) VALUES (21, 1, 21);
INSERT INTO public."Manage_branch_students" (id, branch_id, student_id) VALUES (22, 1, 22);
INSERT INTO public."Manage_branch_students" (id, branch_id, student_id) VALUES (23, 1, 23);
INSERT INTO public."Manage_branch_students" (id, branch_id, student_id) VALUES (24, 1, 24);
INSERT INTO public."Manage_branch_students" (id, branch_id, student_id) VALUES (25, 1, 25);
INSERT INTO public."Manage_branch_students" (id, branch_id, student_id) VALUES (26, 1, 26);
INSERT INTO public."Manage_branch_students" (id, branch_id, student_id) VALUES (27, 1, 27);
INSERT INTO public."Manage_branch_students" (id, branch_id, student_id) VALUES (28, 1, 28);
INSERT INTO public."Manage_branch_students" (id, branch_id, student_id) VALUES (29, 1, 29);
INSERT INTO public."Manage_branch_students" (id, branch_id, student_id) VALUES (30, 1, 30);
INSERT INTO public."Manage_branch_students" (id, branch_id, student_id) VALUES (31, 1, 31);
INSERT INTO public."Manage_branch_students" (id, branch_id, student_id) VALUES (32, 1, 32);
INSERT INTO public."Manage_branch_students" (id, branch_id, student_id) VALUES (33, 1, 33);
INSERT INTO public."Manage_branch_students" (id, branch_id, student_id) VALUES (34, 1, 34);
INSERT INTO public."Manage_branch_students" (id, branch_id, student_id) VALUES (35, 1, 35);
INSERT INTO public."Manage_branch_students" (id, branch_id, student_id) VALUES (36, 1, 36);
INSERT INTO public."Manage_branch_students" (id, branch_id, student_id) VALUES (37, 1, 37);
INSERT INTO public."Manage_branch_students" (id, branch_id, student_id) VALUES (38, 1, 38);
INSERT INTO public."Manage_branch_students" (id, branch_id, student_id) VALUES (39, 1, 39);
INSERT INTO public."Manage_branch_students" (id, branch_id, student_id) VALUES (40, 1, 40);
INSERT INTO public."Manage_branch_students" (id, branch_id, student_id) VALUES (41, 1, 41);
INSERT INTO public."Manage_branch_students" (id, branch_id, student_id) VALUES (42, 1, 42);
INSERT INTO public."Manage_branch_students" (id, branch_id, student_id) VALUES (43, 1, 43);
INSERT INTO public."Manage_branch_students" (id, branch_id, student_id) VALUES (44, 1, 44);
INSERT INTO public."Manage_branch_students" (id, branch_id, student_id) VALUES (45, 1, 45);
INSERT INTO public."Manage_branch_students" (id, branch_id, student_id) VALUES (46, 1, 46);
INSERT INTO public."Manage_branch_students" (id, branch_id, student_id) VALUES (47, 1, 47);
INSERT INTO public."Manage_branch_students" (id, branch_id, student_id) VALUES (48, 1, 48);
INSERT INTO public."Manage_branch_students" (id, branch_id, student_id) VALUES (49, 1, 49);
INSERT INTO public."Manage_branch_students" (id, branch_id, student_id) VALUES (50, 1, 50);
INSERT INTO public."Manage_branch_students" (id, branch_id, student_id) VALUES (51, 1, 51);
INSERT INTO public."Manage_branch_students" (id, branch_id, student_id) VALUES (52, 1, 52);
INSERT INTO public."Manage_branch_students" (id, branch_id, student_id) VALUES (53, 1, 53);
INSERT INTO public."Manage_branch_students" (id, branch_id, student_id) VALUES (54, 1, 54);
INSERT INTO public."Manage_branch_students" (id, branch_id, student_id) VALUES (55, 1, 55);
INSERT INTO public."Manage_branch_students" (id, branch_id, student_id) VALUES (56, 1, 56);
INSERT INTO public."Manage_branch_students" (id, branch_id, student_id) VALUES (57, 1, 57);
INSERT INTO public."Manage_branch_students" (id, branch_id, student_id) VALUES (58, 1, 58);
INSERT INTO public."Manage_branch_students" (id, branch_id, student_id) VALUES (59, 1, 59);
INSERT INTO public."Manage_branch_students" (id, branch_id, student_id) VALUES (60, 1, 60);
INSERT INTO public."Manage_branch_students" (id, branch_id, student_id) VALUES (61, 1, 61);
INSERT INTO public."Manage_branch_students" (id, branch_id, student_id) VALUES (62, 1, 62);
INSERT INTO public."Manage_branch_students" (id, branch_id, student_id) VALUES (63, 1, 63);
INSERT INTO public."Manage_branch_students" (id, branch_id, student_id) VALUES (64, 1, 64);
INSERT INTO public."Manage_branch_students" (id, branch_id, student_id) VALUES (65, 1, 65);
INSERT INTO public."Manage_branch_students" (id, branch_id, student_id) VALUES (66, 1, 66);
INSERT INTO public."Manage_branch_students" (id, branch_id, student_id) VALUES (67, 1, 67);
INSERT INTO public."Manage_branch_students" (id, branch_id, student_id) VALUES (68, 1, 68);
INSERT INTO public."Manage_branch_students" (id, branch_id, student_id) VALUES (69, 1, 69);
INSERT INTO public."Manage_branch_students" (id, branch_id, student_id) VALUES (70, 1, 70);
INSERT INTO public."Manage_branch_students" (id, branch_id, student_id) VALUES (71, 1, 71);
INSERT INTO public."Manage_branch_students" (id, branch_id, student_id) VALUES (72, 1, 72);
INSERT INTO public."Manage_branch_students" (id, branch_id, student_id) VALUES (73, 1, 73);
INSERT INTO public."Manage_branch_students" (id, branch_id, student_id) VALUES (74, 1, 74);
INSERT INTO public."Manage_branch_students" (id, branch_id, student_id) VALUES (75, 1, 75);
INSERT INTO public."Manage_branch_students" (id, branch_id, student_id) VALUES (76, 1, 76);
INSERT INTO public."Manage_branch_students" (id, branch_id, student_id) VALUES (77, 1, 77);
INSERT INTO public."Manage_branch_students" (id, branch_id, student_id) VALUES (78, 1, 78);
INSERT INTO public."Manage_branch_students" (id, branch_id, student_id) VALUES (79, 1, 79);
INSERT INTO public."Manage_branch_students" (id, branch_id, student_id) VALUES (80, 1, 80);
INSERT INTO public."Manage_branch_students" (id, branch_id, student_id) VALUES (81, 1, 81);
INSERT INTO public."Manage_branch_students" (id, branch_id, student_id) VALUES (82, 1, 82);
INSERT INTO public."Manage_branch_students" (id, branch_id, student_id) VALUES (83, 1, 83);
INSERT INTO public."Manage_branch_students" (id, branch_id, student_id) VALUES (84, 1, 84);
INSERT INTO public."Manage_branch_students" (id, branch_id, student_id) VALUES (85, 1, 85);
INSERT INTO public."Manage_branch_students" (id, branch_id, student_id) VALUES (86, 1, 86);
INSERT INTO public."Manage_branch_students" (id, branch_id, student_id) VALUES (87, 1, 87);
INSERT INTO public."Manage_branch_students" (id, branch_id, student_id) VALUES (88, 1, 88);
INSERT INTO public."Manage_branch_students" (id, branch_id, student_id) VALUES (89, 1, 89);
INSERT INTO public."Manage_branch_students" (id, branch_id, student_id) VALUES (90, 1, 90);
INSERT INTO public."Manage_branch_students" (id, branch_id, student_id) VALUES (91, 1, 91);
INSERT INTO public."Manage_branch_students" (id, branch_id, student_id) VALUES (92, 1, 92);
INSERT INTO public."Manage_branch_students" (id, branch_id, student_id) VALUES (93, 1, 93);
INSERT INTO public."Manage_branch_students" (id, branch_id, student_id) VALUES (94, 1, 94);
INSERT INTO public."Manage_branch_students" (id, branch_id, student_id) VALUES (95, 1, 95);
INSERT INTO public."Manage_branch_students" (id, branch_id, student_id) VALUES (96, 1, 96);
INSERT INTO public."Manage_branch_students" (id, branch_id, student_id) VALUES (97, 1, 97);
INSERT INTO public."Manage_branch_students" (id, branch_id, student_id) VALUES (98, 1, 98);
INSERT INTO public."Manage_branch_students" (id, branch_id, student_id) VALUES (99, 1, 99);
INSERT INTO public."Manage_branch_students" (id, branch_id, student_id) VALUES (100, 1, 100);
INSERT INTO public."Manage_branch_students" (id, branch_id, student_id) VALUES (101, 1, 101);
INSERT INTO public."Manage_branch_students" (id, branch_id, student_id) VALUES (102, 1, 102);
INSERT INTO public."Manage_branch_students" (id, branch_id, student_id) VALUES (103, 1, 103);
INSERT INTO public."Manage_branch_students" (id, branch_id, student_id) VALUES (104, 1, 104);
INSERT INTO public."Manage_branch_students" (id, branch_id, student_id) VALUES (105, 1, 105);
INSERT INTO public."Manage_branch_students" (id, branch_id, student_id) VALUES (106, 1, 106);
INSERT INTO public."Manage_branch_students" (id, branch_id, student_id) VALUES (107, 1, 107);
INSERT INTO public."Manage_branch_students" (id, branch_id, student_id) VALUES (108, 1, 108);
INSERT INTO public."Manage_branch_students" (id, branch_id, student_id) VALUES (109, 1, 109);
INSERT INTO public."Manage_branch_students" (id, branch_id, student_id) VALUES (110, 1, 110);
INSERT INTO public."Manage_branch_students" (id, branch_id, student_id) VALUES (111, 1, 111);
INSERT INTO public."Manage_branch_students" (id, branch_id, student_id) VALUES (112, 1, 112);
INSERT INTO public."Manage_branch_students" (id, branch_id, student_id) VALUES (113, 1, 113);
INSERT INTO public."Manage_branch_students" (id, branch_id, student_id) VALUES (114, 1, 114);
INSERT INTO public."Manage_branch_students" (id, branch_id, student_id) VALUES (115, 1, 115);
INSERT INTO public."Manage_branch_students" (id, branch_id, student_id) VALUES (116, 1, 116);
INSERT INTO public."Manage_branch_students" (id, branch_id, student_id) VALUES (117, 1, 117);
INSERT INTO public."Manage_branch_students" (id, branch_id, student_id) VALUES (118, 1, 118);
INSERT INTO public."Manage_branch_students" (id, branch_id, student_id) VALUES (119, 1, 119);
INSERT INTO public."Manage_branch_students" (id, branch_id, student_id) VALUES (120, 1, 120);
INSERT INTO public."Manage_branch_students" (id, branch_id, student_id) VALUES (121, 1, 121);
INSERT INTO public."Manage_branch_students" (id, branch_id, student_id) VALUES (122, 1, 122);
INSERT INTO public."Manage_branch_students" (id, branch_id, student_id) VALUES (123, 1, 123);
INSERT INTO public."Manage_branch_students" (id, branch_id, student_id) VALUES (124, 1, 124);
INSERT INTO public."Manage_branch_students" (id, branch_id, student_id) VALUES (125, 1, 125);
INSERT INTO public."Manage_branch_students" (id, branch_id, student_id) VALUES (126, 1, 126);
INSERT INTO public."Manage_branch_students" (id, branch_id, student_id) VALUES (127, 1, 127);
INSERT INTO public."Manage_branch_students" (id, branch_id, student_id) VALUES (128, 1, 128);
INSERT INTO public."Manage_branch_students" (id, branch_id, student_id) VALUES (129, 1, 129);
INSERT INTO public."Manage_branch_students" (id, branch_id, student_id) VALUES (130, 1, 130);
INSERT INTO public."Manage_branch_students" (id, branch_id, student_id) VALUES (131, 1, 131);
INSERT INTO public."Manage_branch_students" (id, branch_id, student_id) VALUES (132, 1, 132);
INSERT INTO public."Manage_branch_students" (id, branch_id, student_id) VALUES (133, 1, 133);
INSERT INTO public."Manage_branch_students" (id, branch_id, student_id) VALUES (134, 1, 134);
INSERT INTO public."Manage_branch_students" (id, branch_id, student_id) VALUES (135, 1, 135);
INSERT INTO public."Manage_branch_students" (id, branch_id, student_id) VALUES (136, 1, 136);
INSERT INTO public."Manage_branch_students" (id, branch_id, student_id) VALUES (137, 1, 137);
INSERT INTO public."Manage_branch_students" (id, branch_id, student_id) VALUES (138, 1, 138);
INSERT INTO public."Manage_branch_students" (id, branch_id, student_id) VALUES (139, 1, 139);
INSERT INTO public."Manage_branch_students" (id, branch_id, student_id) VALUES (140, 1, 140);
INSERT INTO public."Manage_branch_students" (id, branch_id, student_id) VALUES (141, 1, 141);
INSERT INTO public."Manage_branch_students" (id, branch_id, student_id) VALUES (142, 1, 142);
INSERT INTO public."Manage_branch_students" (id, branch_id, student_id) VALUES (143, 1, 143);
INSERT INTO public."Manage_branch_students" (id, branch_id, student_id) VALUES (144, 1, 144);
INSERT INTO public."Manage_branch_students" (id, branch_id, student_id) VALUES (145, 1, 145);
INSERT INTO public."Manage_branch_students" (id, branch_id, student_id) VALUES (146, 1, 146);
INSERT INTO public."Manage_branch_students" (id, branch_id, student_id) VALUES (147, 1, 147);
INSERT INTO public."Manage_branch_students" (id, branch_id, student_id) VALUES (148, 1, 148);
INSERT INTO public."Manage_branch_students" (id, branch_id, student_id) VALUES (149, 1, 149);
INSERT INTO public."Manage_branch_students" (id, branch_id, student_id) VALUES (150, 1, 150);
INSERT INTO public."Manage_branch_students" (id, branch_id, student_id) VALUES (151, 1, 151);
INSERT INTO public."Manage_branch_students" (id, branch_id, student_id) VALUES (152, 1, 152);
INSERT INTO public."Manage_branch_students" (id, branch_id, student_id) VALUES (153, 1, 153);
INSERT INTO public."Manage_branch_students" (id, branch_id, student_id) VALUES (154, 1, 154);
INSERT INTO public."Manage_branch_students" (id, branch_id, student_id) VALUES (155, 1, 155);
INSERT INTO public."Manage_branch_students" (id, branch_id, student_id) VALUES (156, 1, 156);
INSERT INTO public."Manage_branch_students" (id, branch_id, student_id) VALUES (157, 1, 157);
INSERT INTO public."Manage_branch_students" (id, branch_id, student_id) VALUES (158, 1, 158);
INSERT INTO public."Manage_branch_students" (id, branch_id, student_id) VALUES (159, 1, 159);
INSERT INTO public."Manage_branch_students" (id, branch_id, student_id) VALUES (160, 1, 160);
INSERT INTO public."Manage_branch_students" (id, branch_id, student_id) VALUES (161, 1, 161);
INSERT INTO public."Manage_branch_students" (id, branch_id, student_id) VALUES (162, 1, 162);
INSERT INTO public."Manage_branch_students" (id, branch_id, student_id) VALUES (163, 1, 163);
INSERT INTO public."Manage_branch_students" (id, branch_id, student_id) VALUES (164, 2, 164);
INSERT INTO public."Manage_branch_students" (id, branch_id, student_id) VALUES (165, 2, 165);
INSERT INTO public."Manage_branch_students" (id, branch_id, student_id) VALUES (166, 2, 166);
INSERT INTO public."Manage_branch_students" (id, branch_id, student_id) VALUES (167, 2, 167);
INSERT INTO public."Manage_branch_students" (id, branch_id, student_id) VALUES (168, 2, 168);
INSERT INTO public."Manage_branch_students" (id, branch_id, student_id) VALUES (169, 2, 169);
INSERT INTO public."Manage_branch_students" (id, branch_id, student_id) VALUES (170, 2, 170);
INSERT INTO public."Manage_branch_students" (id, branch_id, student_id) VALUES (171, 2, 171);
INSERT INTO public."Manage_branch_students" (id, branch_id, student_id) VALUES (172, 2, 172);
INSERT INTO public."Manage_branch_students" (id, branch_id, student_id) VALUES (173, 2, 173);
INSERT INTO public."Manage_branch_students" (id, branch_id, student_id) VALUES (174, 2, 174);
INSERT INTO public."Manage_branch_students" (id, branch_id, student_id) VALUES (175, 2, 175);
INSERT INTO public."Manage_branch_students" (id, branch_id, student_id) VALUES (176, 2, 176);
INSERT INTO public."Manage_branch_students" (id, branch_id, student_id) VALUES (177, 2, 177);
INSERT INTO public."Manage_branch_students" (id, branch_id, student_id) VALUES (178, 2, 178);
INSERT INTO public."Manage_branch_students" (id, branch_id, student_id) VALUES (179, 2, 179);
INSERT INTO public."Manage_branch_students" (id, branch_id, student_id) VALUES (180, 2, 180);
INSERT INTO public."Manage_branch_students" (id, branch_id, student_id) VALUES (181, 2, 181);
INSERT INTO public."Manage_branch_students" (id, branch_id, student_id) VALUES (182, 2, 182);
INSERT INTO public."Manage_branch_students" (id, branch_id, student_id) VALUES (183, 2, 183);
INSERT INTO public."Manage_branch_students" (id, branch_id, student_id) VALUES (184, 2, 184);
INSERT INTO public."Manage_branch_students" (id, branch_id, student_id) VALUES (185, 2, 185);
INSERT INTO public."Manage_branch_students" (id, branch_id, student_id) VALUES (186, 2, 186);
INSERT INTO public."Manage_branch_students" (id, branch_id, student_id) VALUES (187, 2, 187);
INSERT INTO public."Manage_branch_students" (id, branch_id, student_id) VALUES (188, 2, 188);
INSERT INTO public."Manage_branch_students" (id, branch_id, student_id) VALUES (189, 2, 189);
INSERT INTO public."Manage_branch_students" (id, branch_id, student_id) VALUES (190, 2, 190);
INSERT INTO public."Manage_branch_students" (id, branch_id, student_id) VALUES (191, 2, 191);
INSERT INTO public."Manage_branch_students" (id, branch_id, student_id) VALUES (192, 2, 192);
INSERT INTO public."Manage_branch_students" (id, branch_id, student_id) VALUES (193, 2, 193);
INSERT INTO public."Manage_branch_students" (id, branch_id, student_id) VALUES (194, 2, 194);
INSERT INTO public."Manage_branch_students" (id, branch_id, student_id) VALUES (195, 2, 195);
INSERT INTO public."Manage_branch_students" (id, branch_id, student_id) VALUES (196, 2, 196);
INSERT INTO public."Manage_branch_students" (id, branch_id, student_id) VALUES (197, 2, 197);
INSERT INTO public."Manage_branch_students" (id, branch_id, student_id) VALUES (198, 2, 198);
INSERT INTO public."Manage_branch_students" (id, branch_id, student_id) VALUES (199, 2, 199);
INSERT INTO public."Manage_branch_students" (id, branch_id, student_id) VALUES (200, 2, 200);
INSERT INTO public."Manage_branch_students" (id, branch_id, student_id) VALUES (201, 2, 201);
INSERT INTO public."Manage_branch_students" (id, branch_id, student_id) VALUES (202, 2, 202);
INSERT INTO public."Manage_branch_students" (id, branch_id, student_id) VALUES (203, 2, 203);
INSERT INTO public."Manage_branch_students" (id, branch_id, student_id) VALUES (204, 2, 204);
INSERT INTO public."Manage_branch_students" (id, branch_id, student_id) VALUES (205, 2, 205);
INSERT INTO public."Manage_branch_students" (id, branch_id, student_id) VALUES (206, 2, 206);
INSERT INTO public."Manage_branch_students" (id, branch_id, student_id) VALUES (207, 2, 207);
INSERT INTO public."Manage_branch_students" (id, branch_id, student_id) VALUES (208, 2, 208);
INSERT INTO public."Manage_branch_students" (id, branch_id, student_id) VALUES (209, 2, 209);
INSERT INTO public."Manage_branch_students" (id, branch_id, student_id) VALUES (210, 2, 210);
INSERT INTO public."Manage_branch_students" (id, branch_id, student_id) VALUES (211, 2, 211);
INSERT INTO public."Manage_branch_students" (id, branch_id, student_id) VALUES (212, 2, 212);
INSERT INTO public."Manage_branch_students" (id, branch_id, student_id) VALUES (213, 2, 213);
INSERT INTO public."Manage_branch_students" (id, branch_id, student_id) VALUES (214, 2, 214);
INSERT INTO public."Manage_branch_students" (id, branch_id, student_id) VALUES (215, 2, 215);
INSERT INTO public."Manage_branch_students" (id, branch_id, student_id) VALUES (216, 2, 216);
INSERT INTO public."Manage_branch_students" (id, branch_id, student_id) VALUES (217, 2, 217);
INSERT INTO public."Manage_branch_students" (id, branch_id, student_id) VALUES (218, 2, 218);
INSERT INTO public."Manage_branch_students" (id, branch_id, student_id) VALUES (219, 2, 219);
INSERT INTO public."Manage_branch_students" (id, branch_id, student_id) VALUES (220, 2, 220);
INSERT INTO public."Manage_branch_students" (id, branch_id, student_id) VALUES (221, 2, 221);
INSERT INTO public."Manage_branch_students" (id, branch_id, student_id) VALUES (222, 2, 222);
INSERT INTO public."Manage_branch_students" (id, branch_id, student_id) VALUES (223, 2, 223);
INSERT INTO public."Manage_branch_students" (id, branch_id, student_id) VALUES (224, 2, 224);
INSERT INTO public."Manage_branch_students" (id, branch_id, student_id) VALUES (225, 2, 225);
INSERT INTO public."Manage_branch_students" (id, branch_id, student_id) VALUES (226, 2, 226);
INSERT INTO public."Manage_branch_students" (id, branch_id, student_id) VALUES (227, 2, 227);
INSERT INTO public."Manage_branch_students" (id, branch_id, student_id) VALUES (228, 2, 228);
INSERT INTO public."Manage_branch_students" (id, branch_id, student_id) VALUES (229, 2, 229);
INSERT INTO public."Manage_branch_students" (id, branch_id, student_id) VALUES (230, 2, 230);
INSERT INTO public."Manage_branch_students" (id, branch_id, student_id) VALUES (231, 3, 231);
INSERT INTO public."Manage_branch_students" (id, branch_id, student_id) VALUES (232, 3, 232);
INSERT INTO public."Manage_branch_students" (id, branch_id, student_id) VALUES (233, 3, 233);
INSERT INTO public."Manage_branch_students" (id, branch_id, student_id) VALUES (234, 3, 234);
INSERT INTO public."Manage_branch_students" (id, branch_id, student_id) VALUES (235, 3, 235);
INSERT INTO public."Manage_branch_students" (id, branch_id, student_id) VALUES (236, 3, 236);
INSERT INTO public."Manage_branch_students" (id, branch_id, student_id) VALUES (237, 3, 237);
INSERT INTO public."Manage_branch_students" (id, branch_id, student_id) VALUES (238, 3, 238);
INSERT INTO public."Manage_branch_students" (id, branch_id, student_id) VALUES (239, 3, 239);
INSERT INTO public."Manage_branch_students" (id, branch_id, student_id) VALUES (240, 3, 240);
INSERT INTO public."Manage_branch_students" (id, branch_id, student_id) VALUES (241, 3, 241);
INSERT INTO public."Manage_branch_students" (id, branch_id, student_id) VALUES (242, 3, 242);
INSERT INTO public."Manage_branch_students" (id, branch_id, student_id) VALUES (243, 3, 243);
INSERT INTO public."Manage_branch_students" (id, branch_id, student_id) VALUES (244, 3, 244);
INSERT INTO public."Manage_branch_students" (id, branch_id, student_id) VALUES (245, 3, 245);
INSERT INTO public."Manage_branch_students" (id, branch_id, student_id) VALUES (246, 3, 246);
INSERT INTO public."Manage_branch_students" (id, branch_id, student_id) VALUES (247, 4, 256);
INSERT INTO public."Manage_branch_students" (id, branch_id, student_id) VALUES (248, 4, 257);
INSERT INTO public."Manage_branch_students" (id, branch_id, student_id) VALUES (249, 4, 258);
INSERT INTO public."Manage_branch_students" (id, branch_id, student_id) VALUES (250, 4, 259);
INSERT INTO public."Manage_branch_students" (id, branch_id, student_id) VALUES (251, 4, 260);
INSERT INTO public."Manage_branch_students" (id, branch_id, student_id) VALUES (252, 4, 261);
INSERT INTO public."Manage_branch_students" (id, branch_id, student_id) VALUES (253, 4, 262);
INSERT INTO public."Manage_branch_students" (id, branch_id, student_id) VALUES (254, 4, 263);
INSERT INTO public."Manage_branch_students" (id, branch_id, student_id) VALUES (255, 4, 264);
INSERT INTO public."Manage_branch_students" (id, branch_id, student_id) VALUES (256, 4, 265);
INSERT INTO public."Manage_branch_students" (id, branch_id, student_id) VALUES (257, 4, 266);
INSERT INTO public."Manage_branch_students" (id, branch_id, student_id) VALUES (258, 4, 267);
INSERT INTO public."Manage_branch_students" (id, branch_id, student_id) VALUES (259, 4, 268);
INSERT INTO public."Manage_branch_students" (id, branch_id, student_id) VALUES (260, 4, 269);
INSERT INTO public."Manage_branch_students" (id, branch_id, student_id) VALUES (261, 4, 270);
INSERT INTO public."Manage_branch_students" (id, branch_id, student_id) VALUES (262, 4, 271);
INSERT INTO public."Manage_branch_students" (id, branch_id, student_id) VALUES (263, 4, 272);
INSERT INTO public."Manage_branch_students" (id, branch_id, student_id) VALUES (264, 4, 273);
INSERT INTO public."Manage_branch_students" (id, branch_id, student_id) VALUES (265, 4, 274);
INSERT INTO public."Manage_branch_students" (id, branch_id, student_id) VALUES (266, 4, 275);
INSERT INTO public."Manage_branch_students" (id, branch_id, student_id) VALUES (267, 4, 276);
INSERT INTO public."Manage_branch_students" (id, branch_id, student_id) VALUES (268, 4, 277);
INSERT INTO public."Manage_branch_students" (id, branch_id, student_id) VALUES (269, 4, 278);
INSERT INTO public."Manage_branch_students" (id, branch_id, student_id) VALUES (270, 4, 279);
INSERT INTO public."Manage_branch_students" (id, branch_id, student_id) VALUES (271, 4, 280);
INSERT INTO public."Manage_branch_students" (id, branch_id, student_id) VALUES (272, 4, 281);
INSERT INTO public."Manage_branch_students" (id, branch_id, student_id) VALUES (273, 4, 282);
INSERT INTO public."Manage_branch_students" (id, branch_id, student_id) VALUES (274, 4, 283);
INSERT INTO public."Manage_branch_students" (id, branch_id, student_id) VALUES (275, 4, 284);
INSERT INTO public."Manage_branch_students" (id, branch_id, student_id) VALUES (276, 4, 285);
INSERT INTO public."Manage_branch_students" (id, branch_id, student_id) VALUES (277, 4, 286);
INSERT INTO public."Manage_branch_students" (id, branch_id, student_id) VALUES (278, 4, 287);
INSERT INTO public."Manage_branch_students" (id, branch_id, student_id) VALUES (279, 4, 288);
INSERT INTO public."Manage_branch_students" (id, branch_id, student_id) VALUES (280, 4, 289);
INSERT INTO public."Manage_branch_students" (id, branch_id, student_id) VALUES (281, 4, 290);
INSERT INTO public."Manage_branch_students" (id, branch_id, student_id) VALUES (282, 4, 291);
INSERT INTO public."Manage_branch_students" (id, branch_id, student_id) VALUES (283, 4, 292);
INSERT INTO public."Manage_branch_students" (id, branch_id, student_id) VALUES (284, 4, 293);
INSERT INTO public."Manage_branch_students" (id, branch_id, student_id) VALUES (285, 4, 294);
INSERT INTO public."Manage_branch_students" (id, branch_id, student_id) VALUES (286, 4, 167);
INSERT INTO public."Manage_branch_students" (id, branch_id, student_id) VALUES (287, 4, 295);
INSERT INTO public."Manage_branch_students" (id, branch_id, student_id) VALUES (288, 4, 169);
INSERT INTO public."Manage_branch_students" (id, branch_id, student_id) VALUES (289, 4, 296);
INSERT INTO public."Manage_branch_students" (id, branch_id, student_id) VALUES (290, 4, 297);
INSERT INTO public."Manage_branch_students" (id, branch_id, student_id) VALUES (291, 4, 172);
INSERT INTO public."Manage_branch_students" (id, branch_id, student_id) VALUES (292, 4, 298);
INSERT INTO public."Manage_branch_students" (id, branch_id, student_id) VALUES (293, 4, 299);
INSERT INTO public."Manage_branch_students" (id, branch_id, student_id) VALUES (294, 4, 205);
INSERT INTO public."Manage_branch_students" (id, branch_id, student_id) VALUES (295, 4, 208);
INSERT INTO public."Manage_branch_students" (id, branch_id, student_id) VALUES (296, 4, 214);
INSERT INTO public."Manage_branch_students" (id, branch_id, student_id) VALUES (297, 4, 247);
INSERT INTO public."Manage_branch_students" (id, branch_id, student_id) VALUES (298, 4, 248);
INSERT INTO public."Manage_branch_students" (id, branch_id, student_id) VALUES (299, 4, 249);
INSERT INTO public."Manage_branch_students" (id, branch_id, student_id) VALUES (300, 4, 250);
INSERT INTO public."Manage_branch_students" (id, branch_id, student_id) VALUES (301, 4, 251);
INSERT INTO public."Manage_branch_students" (id, branch_id, student_id) VALUES (302, 4, 252);
INSERT INTO public."Manage_branch_students" (id, branch_id, student_id) VALUES (303, 4, 253);
INSERT INTO public."Manage_branch_students" (id, branch_id, student_id) VALUES (304, 4, 254);
INSERT INTO public."Manage_branch_students" (id, branch_id, student_id) VALUES (305, 4, 255);
INSERT INTO public."Manage_branch_students" (id, branch_id, student_id) VALUES (306, 5, 198);
INSERT INTO public."Manage_branch_students" (id, branch_id, student_id) VALUES (307, 5, 199);
INSERT INTO public."Manage_branch_students" (id, branch_id, student_id) VALUES (308, 5, 201);
INSERT INTO public."Manage_branch_students" (id, branch_id, student_id) VALUES (309, 5, 202);
INSERT INTO public."Manage_branch_students" (id, branch_id, student_id) VALUES (310, 5, 204);
INSERT INTO public."Manage_branch_students" (id, branch_id, student_id) VALUES (311, 5, 175);
INSERT INTO public."Manage_branch_students" (id, branch_id, student_id) VALUES (312, 5, 180);
INSERT INTO public."Manage_branch_students" (id, branch_id, student_id) VALUES (313, 5, 183);
INSERT INTO public."Manage_branch_students" (id, branch_id, student_id) VALUES (314, 5, 186);
INSERT INTO public."Manage_branch_students" (id, branch_id, student_id) VALUES (315, 5, 188);
INSERT INTO public."Manage_branch_students" (id, branch_id, student_id) VALUES (316, 5, 190);


--
-- Data for Name: Manage_branch_teachers; Type: TABLE DATA; Schema: public; Owner: manav1011
--

INSERT INTO public."Manage_branch_teachers" (id, branch_id, teacher_id) VALUES (1, 1, 8);
INSERT INTO public."Manage_branch_teachers" (id, branch_id, teacher_id) VALUES (2, 2, 9);
INSERT INTO public."Manage_branch_teachers" (id, branch_id, teacher_id) VALUES (3, 2, 10);
INSERT INTO public."Manage_branch_teachers" (id, branch_id, teacher_id) VALUES (4, 2, 11);
INSERT INTO public."Manage_branch_teachers" (id, branch_id, teacher_id) VALUES (5, 5, 9);


--
-- Data for Name: Manage_classroom; Type: TABLE DATA; Schema: public; Owner: manav1011
--

INSERT INTO public."Manage_classroom" (id, class_name, slug, branch_id, gps_coordinates_id) VALUES (5, '953 - EC', '149677_1709523907', 1, 9);
INSERT INTO public."Manage_classroom" (id, class_name, slug, branch_id, gps_coordinates_id) VALUES (6, '969 - EC', '216970_1709524417', 1, 9);
INSERT INTO public."Manage_classroom" (id, class_name, slug, branch_id, gps_coordinates_id) VALUES (7, '970 - EC', '515314_1709524638', 1, 9);
INSERT INTO public."Manage_classroom" (id, class_name, slug, branch_id, gps_coordinates_id) VALUES (8, '959 - EC', '862089_1709524772', 1, 9);
INSERT INTO public."Manage_classroom" (id, class_name, slug, branch_id, gps_coordinates_id) VALUES (9, 'TEST', '265201_1709576133', 5, 24);
INSERT INTO public."Manage_classroom" (id, class_name, slug, branch_id, gps_coordinates_id) VALUES (10, 'Upnishad Hall', '153491_1709701783', 2, 66);


--
-- Data for Name: Manage_college; Type: TABLE DATA; Schema: public; Owner: manav1011
--

INSERT INTO public."Manage_college" (id, college_name, slug) VALUES (1, 'L.D. college of engineering', '771886_1708928359');


--
-- Data for Name: Manage_division; Type: TABLE DATA; Schema: public; Owner: manav1011
--

INSERT INTO public."Manage_division" (id, division_name, slug, semester_id) VALUES (1, 'A', '252849_1708928696', 1);
INSERT INTO public."Manage_division" (id, division_name, slug, semester_id) VALUES (2, 'B', '994624_1708928700', 1);
INSERT INTO public."Manage_division" (id, division_name, slug, semester_id) VALUES (3, 'A', '222925_1708936540', 2);
INSERT INTO public."Manage_division" (id, division_name, slug, semester_id) VALUES (4, 'B', '124282_1708936544', 2);
INSERT INTO public."Manage_division" (id, division_name, slug, semester_id) VALUES (5, 'C', '281492_1708936549', 2);
INSERT INTO public."Manage_division" (id, division_name, slug, semester_id) VALUES (6, 'A', '856506_1709145688', 3);
INSERT INTO public."Manage_division" (id, division_name, slug, semester_id) VALUES (7, 'A', '202607_1709224862', 4);
INSERT INTO public."Manage_division" (id, division_name, slug, semester_id) VALUES (8, 'B', '282865_1709303596', 5);


--
-- Data for Name: Manage_gpscoordinates; Type: TABLE DATA; Schema: public; Owner: manav1011
--

INSERT INTO public."Manage_gpscoordinates" (id, long, latt, title) VALUES (9, '72.5446218', '23.032198', 'E.C Dept');
INSERT INTO public."Manage_gpscoordinates" (id, long, latt, title) VALUES (24, '72.548366', '23.033532', 'CE');
INSERT INTO public."Manage_gpscoordinates" (id, long, latt, title) VALUES (25, '72.5722555', '23.0501395', 'TEST_AASHRAY');
INSERT INTO public."Manage_gpscoordinates" (id, long, latt, title) VALUES (33, '23.0323284', '72.5445183', 'student_338898_1708935417');
INSERT INTO public."Manage_gpscoordinates" (id, long, latt, title) VALUES (34, '23.0323227', '72.5445107', 'student_305454_1708935417');
INSERT INTO public."Manage_gpscoordinates" (id, long, latt, title) VALUES (35, '23.0323368', '72.5445259', 'student_276851_1708935418');
INSERT INTO public."Manage_gpscoordinates" (id, long, latt, title) VALUES (36, '23.0323229', '72.5445189', 'student_170130_1708935417');
INSERT INTO public."Manage_gpscoordinates" (id, long, latt, title) VALUES (37, '23.0323412', '72.5445191', 'student_109105_1708935418');
INSERT INTO public."Manage_gpscoordinates" (id, long, latt, title) VALUES (38, '23.0323326', '72.5445228', 'student_305826_1708935418');
INSERT INTO public."Manage_gpscoordinates" (id, long, latt, title) VALUES (39, '23.0323431', '72.5445177', 'student_323128_1708935417');
INSERT INTO public."Manage_gpscoordinates" (id, long, latt, title) VALUES (40, '23.0323204', '72.5445241', 'student_399388_1708935417');
INSERT INTO public."Manage_gpscoordinates" (id, long, latt, title) VALUES (41, '23.0323231', '72.5445193', 'student_145530_1708935417');
INSERT INTO public."Manage_gpscoordinates" (id, long, latt, title) VALUES (42, '23.0322809', '72.5444384', 'student_609954_1708935417');
INSERT INTO public."Manage_gpscoordinates" (id, long, latt, title) VALUES (43, '23.0323331', '72.5445234', 'student_357634_1708935417');
INSERT INTO public."Manage_gpscoordinates" (id, long, latt, title) VALUES (44, '23.0323285', '72.5445148', 'student_283492_1708935417');
INSERT INTO public."Manage_gpscoordinates" (id, long, latt, title) VALUES (45, '23.0323215', '72.5445187', 'student_428568_1708935417');
INSERT INTO public."Manage_gpscoordinates" (id, long, latt, title) VALUES (46, '23.0323243', '72.5445225', 'student_226515_1708935417');
INSERT INTO public."Manage_gpscoordinates" (id, long, latt, title) VALUES (47, '23.0323308', '72.5445263', 'student_238226_1708935418');
INSERT INTO public."Manage_gpscoordinates" (id, long, latt, title) VALUES (48, '23.0327798', '72.5446183', 'student_118461_1708935417');
INSERT INTO public."Manage_gpscoordinates" (id, long, latt, title) VALUES (49, '23.0323368', '72.5445259', 'student_129553_1708935418');
INSERT INTO public."Manage_gpscoordinates" (id, long, latt, title) VALUES (50, '23.0320216', '72.5443395', 'student_895172_1708935417');
INSERT INTO public."Manage_gpscoordinates" (id, long, latt, title) VALUES (51, '23.0323169', '72.5445241', 'student_168393_1708935417');
INSERT INTO public."Manage_gpscoordinates" (id, long, latt, title) VALUES (52, '23.0337708', '72.5483948', 'student_481014_1708936690');
INSERT INTO public."Manage_gpscoordinates" (id, long, latt, title) VALUES (53, '23.0337744', '72.5483872', 'student_220705_1708936689');
INSERT INTO public."Manage_gpscoordinates" (id, long, latt, title) VALUES (54, '23.0337732', '72.5483942', 'student_307752_1708936690');
INSERT INTO public."Manage_gpscoordinates" (id, long, latt, title) VALUES (55, '23.0337704', '72.5483983', 'student_779859_1708936690');
INSERT INTO public."Manage_gpscoordinates" (id, long, latt, title) VALUES (56, '23.0337709', '72.548388', 'student_186230_1708936689');
INSERT INTO public."Manage_gpscoordinates" (id, long, latt, title) VALUES (57, '23.0337719', '72.5483908', 'student_898794_1708936690');
INSERT INTO public."Manage_gpscoordinates" (id, long, latt, title) VALUES (58, '23.0337717', '72.5483944', 'student_307752_1708936690');
INSERT INTO public."Manage_gpscoordinates" (id, long, latt, title) VALUES (59, '23.0335386', '72.5483707', 'student_220705_1708936689');
INSERT INTO public."Manage_gpscoordinates" (id, long, latt, title) VALUES (60, '23.0335359', '72.5483691', 'student_481014_1708936690');
INSERT INTO public."Manage_gpscoordinates" (id, long, latt, title) VALUES (61, '23.0335417', '72.5483505', 'student_186230_1708936689');
INSERT INTO public."Manage_gpscoordinates" (id, long, latt, title) VALUES (62, '23.0335406', '72.5483627', 'student_600682_1708936689');
INSERT INTO public."Manage_gpscoordinates" (id, long, latt, title) VALUES (63, '23.0335413', '72.5483601', 'student_779859_1708936690');
INSERT INTO public."Manage_gpscoordinates" (id, long, latt, title) VALUES (64, '23.0335359', '72.5483604', 'student_898794_1708936690');
INSERT INTO public."Manage_gpscoordinates" (id, long, latt, title) VALUES (65, '23.033539', '72.5483638', 'student_271786_1708936689');
INSERT INTO public."Manage_gpscoordinates" (id, long, latt, title) VALUES (66, '72.548368', '23.033535', 'Upnishad Hall');
INSERT INTO public."Manage_gpscoordinates" (id, long, latt, title) VALUES (67, '23.033672743286868', '72.54842003806621', 'student_754283_1708936689');
INSERT INTO public."Manage_gpscoordinates" (id, long, latt, title) VALUES (68, '23.0337244', '72.5483786', 'student_779859_1708936690');
INSERT INTO public."Manage_gpscoordinates" (id, long, latt, title) VALUES (69, '23.033677168894776', '72.54843084404519', 'student_184705_1708936690');
INSERT INTO public."Manage_gpscoordinates" (id, long, latt, title) VALUES (70, '23.0337391', '72.5483749', 'student_271786_1708936689');
INSERT INTO public."Manage_gpscoordinates" (id, long, latt, title) VALUES (71, '23.0337283', '72.5483483', 'student_333047_1708936690');
INSERT INTO public."Manage_gpscoordinates" (id, long, latt, title) VALUES (72, '23.0335743', '72.548143', 'student_220705_1708936689');
INSERT INTO public."Manage_gpscoordinates" (id, long, latt, title) VALUES (73, '23.0337346', '72.5483989', 'student_191237_1708936689');
INSERT INTO public."Manage_gpscoordinates" (id, long, latt, title) VALUES (74, '23.0337153', '72.5483787', 'student_447653_1708936689');
INSERT INTO public."Manage_gpscoordinates" (id, long, latt, title) VALUES (75, '23.033754', '72.5483512', 'student_600682_1708936689');
INSERT INTO public."Manage_gpscoordinates" (id, long, latt, title) VALUES (76, '23.0337281', '72.5483712', 'student_898794_1708936690');
INSERT INTO public."Manage_gpscoordinates" (id, long, latt, title) VALUES (77, '23.0337214', '72.5483503', 'student_481014_1708936690');
INSERT INTO public."Manage_gpscoordinates" (id, long, latt, title) VALUES (78, '23.0337271', '72.5483613', 'student_186230_1708936689');
INSERT INTO public."Manage_gpscoordinates" (id, long, latt, title) VALUES (79, '23.033586', '72.5479166', 'student_434254_1708936690');
INSERT INTO public."Manage_gpscoordinates" (id, long, latt, title) VALUES (80, '23.0337235', '72.5483676', 'student_309021_1708936689');
INSERT INTO public."Manage_gpscoordinates" (id, long, latt, title) VALUES (81, '23.0337286', '72.5483508', 'student_145660_1708936689');
INSERT INTO public."Manage_gpscoordinates" (id, long, latt, title) VALUES (82, '23.0337016', '72.5483474', 'student_226229_1708936688');
INSERT INTO public."Manage_gpscoordinates" (id, long, latt, title) VALUES (83, '23.0337374', '72.5483755', 'student_942195_1708936688');
INSERT INTO public."Manage_gpscoordinates" (id, long, latt, title) VALUES (84, '23.033715', '72.5483683', 'student_162957_1708936690');
INSERT INTO public."Manage_gpscoordinates" (id, long, latt, title) VALUES (85, '23.0336483', '72.5483041', 'student_183495_1708936690');
INSERT INTO public."Manage_gpscoordinates" (id, long, latt, title) VALUES (86, '23.0337214', '72.5483503', 'student_180934_1708936690');
INSERT INTO public."Manage_gpscoordinates" (id, long, latt, title) VALUES (87, '23.0320548', '72.5446983', 'student_156364_1708935356');
INSERT INTO public."Manage_gpscoordinates" (id, long, latt, title) VALUES (88, '23.0320611', '72.5446955', 'student_192083_1708935359');
INSERT INTO public."Manage_gpscoordinates" (id, long, latt, title) VALUES (89, '23.0320808', '72.5447427', 'student_358816_1708935357');
INSERT INTO public."Manage_gpscoordinates" (id, long, latt, title) VALUES (90, '23.0320879', '72.5447368', 'student_212059_1708935358');
INSERT INTO public."Manage_gpscoordinates" (id, long, latt, title) VALUES (91, '23.032067', '72.5447086', 'student_122056_1708935357');
INSERT INTO public."Manage_gpscoordinates" (id, long, latt, title) VALUES (92, '23.0320801', '72.5447334', 'student_169846_1708935357');
INSERT INTO public."Manage_gpscoordinates" (id, long, latt, title) VALUES (93, '23.0320723', '72.5447173', 'student_240700_1708935356');
INSERT INTO public."Manage_gpscoordinates" (id, long, latt, title) VALUES (94, '23.0325243', '72.5449857', 'student_121019_1708935356');
INSERT INTO public."Manage_gpscoordinates" (id, long, latt, title) VALUES (95, '23.0320606', '72.5447089', 'student_696547_1708935358');
INSERT INTO public."Manage_gpscoordinates" (id, long, latt, title) VALUES (96, '23.032081', '72.544739', 'student_108949_1708935356');
INSERT INTO public."Manage_gpscoordinates" (id, long, latt, title) VALUES (97, '23.0320567', '72.5446994', 'student_305764_1708935358');
INSERT INTO public."Manage_gpscoordinates" (id, long, latt, title) VALUES (98, '23.0320775', '72.5447217', 'student_558262_1708935359');
INSERT INTO public."Manage_gpscoordinates" (id, long, latt, title) VALUES (99, '23.0321278', '72.544758', 'student_135482_1708935358');
INSERT INTO public."Manage_gpscoordinates" (id, long, latt, title) VALUES (100, '23.0320608', '72.5447079', 'student_639232_1708935357');
INSERT INTO public."Manage_gpscoordinates" (id, long, latt, title) VALUES (101, '23.0320672', '72.5447161', 'student_157643_1708935357');
INSERT INTO public."Manage_gpscoordinates" (id, long, latt, title) VALUES (102, '23.0320767', '72.5447261', 'student_223665_1708935357');
INSERT INTO public."Manage_gpscoordinates" (id, long, latt, title) VALUES (103, '23.0320541', '72.5447061', 'student_141719_1708935359');
INSERT INTO public."Manage_gpscoordinates" (id, long, latt, title) VALUES (104, '23.0320658', '72.5447158', 'student_671738_1708935358');
INSERT INTO public."Manage_gpscoordinates" (id, long, latt, title) VALUES (105, '23.0320766', '72.5447404', 'student_449443_1708935356');
INSERT INTO public."Manage_gpscoordinates" (id, long, latt, title) VALUES (106, '23.0320763', '72.5447396', 'student_334163_1708935358');
INSERT INTO public."Manage_gpscoordinates" (id, long, latt, title) VALUES (107, '23.0320685', '72.5447052', 'student_107558_1708935359');


--
-- Data for Name: Manage_lecture; Type: TABLE DATA; Schema: public; Owner: manav1011
--

INSERT INTO public."Manage_lecture" (id, start_time, end_time, type, slug, classroom_id, schedule_id, subject_id, teacher_id, is_proxy, is_active) VALUES (8, '10:30:00', '12:30:00', 'lab', '290824_1709523985', 5, 7, 1, 8, false, false);
INSERT INTO public."Manage_lecture" (id, start_time, end_time, type, slug, classroom_id, schedule_id, subject_id, teacher_id, is_proxy, is_active) VALUES (9, '10:30:00', '12:30:00', 'lab', '134965_1709524333', 5, 8, 1, 8, false, true);
INSERT INTO public."Manage_lecture" (id, start_time, end_time, type, slug, classroom_id, schedule_id, subject_id, teacher_id, is_proxy, is_active) VALUES (10, '14:00:00', '15:00:00', 'theory', '203510_1709524567', 6, 2, 1, 8, false, true);
INSERT INTO public."Manage_lecture" (id, start_time, end_time, type, slug, classroom_id, schedule_id, subject_id, teacher_id, is_proxy, is_active) VALUES (11, '15:15:00', '17:15:00', 'lab', '978161_1709524610', 5, 2, 1, 8, false, true);
INSERT INTO public."Manage_lecture" (id, start_time, end_time, type, slug, classroom_id, schedule_id, subject_id, teacher_id, is_proxy, is_active) VALUES (14, '14:00:00', '15:00:00', 'theory', '527653_1709524811', 8, 10, 1, 8, false, true);
INSERT INTO public."Manage_lecture" (id, start_time, end_time, type, slug, classroom_id, schedule_id, subject_id, teacher_id, is_proxy, is_active) VALUES (15, '13:00:00', '14:00:00', 'theory', '541090_1709524884', 8, 11, 1, 8, false, true);
INSERT INTO public."Manage_lecture" (id, start_time, end_time, type, slug, classroom_id, schedule_id, subject_id, teacher_id, is_proxy, is_active) VALUES (19, '10:30:00', '11:30:00', 'theory', '108306_1709700733', 9, 43, 6, 9, false, true);
INSERT INTO public."Manage_lecture" (id, start_time, end_time, type, slug, classroom_id, schedule_id, subject_id, teacher_id, is_proxy, is_active) VALUES (20, '10:30:00', '11:30:00', 'theory', '555771_1709701166', 9, 45, 6, 9, false, true);
INSERT INTO public."Manage_lecture" (id, start_time, end_time, type, slug, classroom_id, schedule_id, subject_id, teacher_id, is_proxy, is_active) VALUES (21, '10:30:00', '11:30:00', 'theory', '521111_1709702497', 10, 21, 7, 11, false, true);
INSERT INTO public."Manage_lecture" (id, start_time, end_time, type, slug, classroom_id, schedule_id, subject_id, teacher_id, is_proxy, is_active) VALUES (22, '14:00:00', '15:10:00', 'theory', '203348_1709717300', 5, 3, 1, 8, false, true);
INSERT INTO public."Manage_lecture" (id, start_time, end_time, type, slug, classroom_id, schedule_id, subject_id, teacher_id, is_proxy, is_active) VALUES (23, '15:00:00', '17:00:00', 'lab', '178918_1709717429', 5, 3, 1, 8, false, true);


--
-- Data for Name: Manage_lecture_batches; Type: TABLE DATA; Schema: public; Owner: manav1011
--

INSERT INTO public."Manage_lecture_batches" (id, lecture_id, batch_id) VALUES (1, 8, 5);
INSERT INTO public."Manage_lecture_batches" (id, lecture_id, batch_id) VALUES (2, 9, 6);
INSERT INTO public."Manage_lecture_batches" (id, lecture_id, batch_id) VALUES (3, 10, 1);
INSERT INTO public."Manage_lecture_batches" (id, lecture_id, batch_id) VALUES (4, 10, 2);
INSERT INTO public."Manage_lecture_batches" (id, lecture_id, batch_id) VALUES (5, 10, 3);
INSERT INTO public."Manage_lecture_batches" (id, lecture_id, batch_id) VALUES (6, 11, 3);
INSERT INTO public."Manage_lecture_batches" (id, lecture_id, batch_id) VALUES (7, 14, 4);
INSERT INTO public."Manage_lecture_batches" (id, lecture_id, batch_id) VALUES (8, 14, 5);
INSERT INTO public."Manage_lecture_batches" (id, lecture_id, batch_id) VALUES (9, 14, 6);
INSERT INTO public."Manage_lecture_batches" (id, lecture_id, batch_id) VALUES (10, 15, 4);
INSERT INTO public."Manage_lecture_batches" (id, lecture_id, batch_id) VALUES (11, 15, 5);
INSERT INTO public."Manage_lecture_batches" (id, lecture_id, batch_id) VALUES (12, 15, 6);
INSERT INTO public."Manage_lecture_batches" (id, lecture_id, batch_id) VALUES (13, 19, 16);
INSERT INTO public."Manage_lecture_batches" (id, lecture_id, batch_id) VALUES (14, 19, 17);
INSERT INTO public."Manage_lecture_batches" (id, lecture_id, batch_id) VALUES (15, 19, 18);
INSERT INTO public."Manage_lecture_batches" (id, lecture_id, batch_id) VALUES (16, 19, 15);
INSERT INTO public."Manage_lecture_batches" (id, lecture_id, batch_id) VALUES (17, 20, 16);
INSERT INTO public."Manage_lecture_batches" (id, lecture_id, batch_id) VALUES (18, 20, 17);
INSERT INTO public."Manage_lecture_batches" (id, lecture_id, batch_id) VALUES (19, 20, 18);
INSERT INTO public."Manage_lecture_batches" (id, lecture_id, batch_id) VALUES (20, 20, 15);
INSERT INTO public."Manage_lecture_batches" (id, lecture_id, batch_id) VALUES (21, 21, 8);
INSERT INTO public."Manage_lecture_batches" (id, lecture_id, batch_id) VALUES (22, 21, 9);
INSERT INTO public."Manage_lecture_batches" (id, lecture_id, batch_id) VALUES (23, 21, 7);
INSERT INTO public."Manage_lecture_batches" (id, lecture_id, batch_id) VALUES (24, 22, 1);
INSERT INTO public."Manage_lecture_batches" (id, lecture_id, batch_id) VALUES (25, 22, 2);
INSERT INTO public."Manage_lecture_batches" (id, lecture_id, batch_id) VALUES (26, 22, 3);
INSERT INTO public."Manage_lecture_batches" (id, lecture_id, batch_id) VALUES (27, 23, 2);


--
-- Data for Name: Manage_link; Type: TABLE DATA; Schema: public; Owner: manav1011
--



--
-- Data for Name: Manage_schedule; Type: TABLE DATA; Schema: public; Owner: manav1011
--

INSERT INTO public."Manage_schedule" (id, day, slug, timetable_id) VALUES (1, 'monday', '708432_1708928696', 1);
INSERT INTO public."Manage_schedule" (id, day, slug, timetable_id) VALUES (2, 'tuesday', '285451_1708928696', 1);
INSERT INTO public."Manage_schedule" (id, day, slug, timetable_id) VALUES (3, 'wednesday', '634435_1708928696', 1);
INSERT INTO public."Manage_schedule" (id, day, slug, timetable_id) VALUES (4, 'thursday', '184600_1708928696', 1);
INSERT INTO public."Manage_schedule" (id, day, slug, timetable_id) VALUES (5, 'friday', '285485_1708928696', 1);
INSERT INTO public."Manage_schedule" (id, day, slug, timetable_id) VALUES (6, 'saturday', '188044_1708928696', 1);
INSERT INTO public."Manage_schedule" (id, day, slug, timetable_id) VALUES (7, 'monday', '511285_1708928700', 2);
INSERT INTO public."Manage_schedule" (id, day, slug, timetable_id) VALUES (8, 'tuesday', '851060_1708928700', 2);
INSERT INTO public."Manage_schedule" (id, day, slug, timetable_id) VALUES (9, 'wednesday', '287237_1708928700', 2);
INSERT INTO public."Manage_schedule" (id, day, slug, timetable_id) VALUES (10, 'thursday', '207457_1708928700', 2);
INSERT INTO public."Manage_schedule" (id, day, slug, timetable_id) VALUES (11, 'friday', '260393_1708928700', 2);
INSERT INTO public."Manage_schedule" (id, day, slug, timetable_id) VALUES (12, 'saturday', '287922_1708928700', 2);
INSERT INTO public."Manage_schedule" (id, day, slug, timetable_id) VALUES (13, 'monday', '862456_1708936540', 3);
INSERT INTO public."Manage_schedule" (id, day, slug, timetable_id) VALUES (14, 'tuesday', '254153_1708936540', 3);
INSERT INTO public."Manage_schedule" (id, day, slug, timetable_id) VALUES (15, 'wednesday', '115938_1708936540', 3);
INSERT INTO public."Manage_schedule" (id, day, slug, timetable_id) VALUES (16, 'thursday', '914045_1708936540', 3);
INSERT INTO public."Manage_schedule" (id, day, slug, timetable_id) VALUES (17, 'friday', '761889_1708936540', 3);
INSERT INTO public."Manage_schedule" (id, day, slug, timetable_id) VALUES (18, 'saturday', '176516_1708936540', 3);
INSERT INTO public."Manage_schedule" (id, day, slug, timetable_id) VALUES (19, 'monday', '115692_1708936544', 4);
INSERT INTO public."Manage_schedule" (id, day, slug, timetable_id) VALUES (20, 'tuesday', '266997_1708936544', 4);
INSERT INTO public."Manage_schedule" (id, day, slug, timetable_id) VALUES (21, 'wednesday', '255474_1708936544', 4);
INSERT INTO public."Manage_schedule" (id, day, slug, timetable_id) VALUES (22, 'thursday', '385834_1708936544', 4);
INSERT INTO public."Manage_schedule" (id, day, slug, timetable_id) VALUES (23, 'friday', '130717_1708936544', 4);
INSERT INTO public."Manage_schedule" (id, day, slug, timetable_id) VALUES (24, 'saturday', '230588_1708936544', 4);
INSERT INTO public."Manage_schedule" (id, day, slug, timetable_id) VALUES (25, 'monday', '651526_1708936550', 5);
INSERT INTO public."Manage_schedule" (id, day, slug, timetable_id) VALUES (26, 'tuesday', '975733_1708936550', 5);
INSERT INTO public."Manage_schedule" (id, day, slug, timetable_id) VALUES (27, 'wednesday', '285115_1708936550', 5);
INSERT INTO public."Manage_schedule" (id, day, slug, timetable_id) VALUES (28, 'thursday', '160151_1708936550', 5);
INSERT INTO public."Manage_schedule" (id, day, slug, timetable_id) VALUES (29, 'friday', '255540_1708936550', 5);
INSERT INTO public."Manage_schedule" (id, day, slug, timetable_id) VALUES (30, 'saturday', '233469_1708936550', 5);
INSERT INTO public."Manage_schedule" (id, day, slug, timetable_id) VALUES (31, 'monday', '972364_1709145688', 6);
INSERT INTO public."Manage_schedule" (id, day, slug, timetable_id) VALUES (32, 'tuesday', '921609_1709145688', 6);
INSERT INTO public."Manage_schedule" (id, day, slug, timetable_id) VALUES (33, 'wednesday', '534910_1709145688', 6);
INSERT INTO public."Manage_schedule" (id, day, slug, timetable_id) VALUES (34, 'thursday', '212639_1709145688', 6);
INSERT INTO public."Manage_schedule" (id, day, slug, timetable_id) VALUES (35, 'friday', '319207_1709145688', 6);
INSERT INTO public."Manage_schedule" (id, day, slug, timetable_id) VALUES (36, 'saturday', '624984_1709145688', 6);
INSERT INTO public."Manage_schedule" (id, day, slug, timetable_id) VALUES (37, 'monday', '102892_1709224862', 7);
INSERT INTO public."Manage_schedule" (id, day, slug, timetable_id) VALUES (38, 'tuesday', '130576_1709224862', 7);
INSERT INTO public."Manage_schedule" (id, day, slug, timetable_id) VALUES (39, 'wednesday', '263179_1709224862', 7);
INSERT INTO public."Manage_schedule" (id, day, slug, timetable_id) VALUES (40, 'thursday', '272212_1709224862', 7);
INSERT INTO public."Manage_schedule" (id, day, slug, timetable_id) VALUES (41, 'friday', '219661_1709224862', 7);
INSERT INTO public."Manage_schedule" (id, day, slug, timetable_id) VALUES (42, 'saturday', '106769_1709224862', 7);
INSERT INTO public."Manage_schedule" (id, day, slug, timetable_id) VALUES (43, 'monday', '149805_1709303596', 8);
INSERT INTO public."Manage_schedule" (id, day, slug, timetable_id) VALUES (44, 'tuesday', '169640_1709303596', 8);
INSERT INTO public."Manage_schedule" (id, day, slug, timetable_id) VALUES (45, 'wednesday', '281932_1709303596', 8);
INSERT INTO public."Manage_schedule" (id, day, slug, timetable_id) VALUES (46, 'thursday', '125409_1709303596', 8);
INSERT INTO public."Manage_schedule" (id, day, slug, timetable_id) VALUES (47, 'friday', '297760_1709303596', 8);
INSERT INTO public."Manage_schedule" (id, day, slug, timetable_id) VALUES (48, 'saturday', '311374_1709303596', 8);


--
-- Data for Name: Manage_semester; Type: TABLE DATA; Schema: public; Owner: manav1011
--

INSERT INTO public."Manage_semester" (id, no, status, slug, term_id) VALUES (1, 4, true, '449836_1708928686', 1);
INSERT INTO public."Manage_semester" (id, no, status, slug, term_id) VALUES (2, 6, true, '337247_1708936525', 2);
INSERT INTO public."Manage_semester" (id, no, status, slug, term_id) VALUES (3, 2, true, '280464_1709145685', 3);
INSERT INTO public."Manage_semester" (id, no, status, slug, term_id) VALUES (4, 6, true, '220767_1709224859', 4);
INSERT INTO public."Manage_semester" (id, no, status, slug, term_id) VALUES (5, 6, true, '744780_1709303587', 5);


--
-- Data for Name: Manage_subject; Type: TABLE DATA; Schema: public; Owner: manav1011
--

INSERT INTO public."Manage_subject" (id, subject_name, code, credit, slug, semester_id) VALUES (1, 'Microprocessor & Microcontroller', '3141008', 5, '339316_1708928853', 1);
INSERT INTO public."Manage_subject" (id, subject_name, code, credit, slug, semester_id) VALUES (3, 'Internet Of Things', '3160716', 3, '222542_1709058019', 2);
INSERT INTO public."Manage_subject" (id, subject_name, code, credit, slug, semester_id) VALUES (4, 'Soft Computing', '3720217', 4, '283088_1709146023', 3);
INSERT INTO public."Manage_subject" (id, subject_name, code, credit, slug, semester_id) VALUES (5, 'Deep Learning and Neural Network', '116AG01', 4, '309966_1709224920', 4);
INSERT INTO public."Manage_subject" (id, subject_name, code, credit, slug, semester_id) VALUES (6, 'TEST_SUBJECT', '69', 69, '445594_1709304525', 5);
INSERT INTO public."Manage_subject" (id, subject_name, code, credit, slug, semester_id) VALUES (7, ' Advanced Java Programming', '3160707', 4, '331489_1709702366', 2);


--
-- Data for Name: Manage_term; Type: TABLE DATA; Schema: public; Owner: manav1011
--

INSERT INTO public."Manage_term" (id, start_year, end_year, slug, branch_id, status) VALUES (1, 2024, 2025, '128047_1708928677', 1, true);
INSERT INTO public."Manage_term" (id, start_year, end_year, slug, branch_id, status) VALUES (2, 2023, 2024, '734979_1708936518', 2, true);
INSERT INTO public."Manage_term" (id, start_year, end_year, slug, branch_id, status) VALUES (3, 2023, 2024, '274821_1709145587', 3, true);
INSERT INTO public."Manage_term" (id, start_year, end_year, slug, branch_id, status) VALUES (4, 2023, 2024, '317761_1709224797', 4, true);
INSERT INTO public."Manage_term" (id, start_year, end_year, slug, branch_id, status) VALUES (5, 2023, 2024, '984682_1709303217', 5, true);


--
-- Data for Name: Manage_timetable; Type: TABLE DATA; Schema: public; Owner: manav1011
--

INSERT INTO public."Manage_timetable" (id, slug, division_id) VALUES (1, '211517_1708928696', 1);
INSERT INTO public."Manage_timetable" (id, slug, division_id) VALUES (2, '510592_1708928700', 2);
INSERT INTO public."Manage_timetable" (id, slug, division_id) VALUES (3, '241486_1708936540', 3);
INSERT INTO public."Manage_timetable" (id, slug, division_id) VALUES (4, '280687_1708936544', 4);
INSERT INTO public."Manage_timetable" (id, slug, division_id) VALUES (5, '273919_1708936550', 5);
INSERT INTO public."Manage_timetable" (id, slug, division_id) VALUES (6, '325733_1709145688', 6);
INSERT INTO public."Manage_timetable" (id, slug, division_id) VALUES (7, '800041_1709224862', 7);
INSERT INTO public."Manage_timetable" (id, slug, division_id) VALUES (8, '323222_1709303596', 8);


--
-- Data for Name: Profile_profile; Type: TABLE DATA; Schema: public; Owner: manav1011
--

INSERT INTO public."Profile_profile" (id, password, last_login, is_superuser, first_name, last_name, is_staff, is_active, date_joined, name, email, ph_no, role, gender) VALUES (1, 'pbkdf2_sha256$600000$GQhDmqJzbHIp5B5FLPb5zk$a+lfrKGB2Abd65j6ojgQuBJuvuQbHYToSFa80aTO/9A=', '2024-03-06 05:23:01.091+00', true, '', '', true, true, '2024-02-26 06:10:57.591+00', 'Manav Shah', 'manavshah1011.ms@gmail.com', '9925717005', 'admin', 'M');
INSERT INTO public."Profile_profile" (id, password, last_login, is_superuser, first_name, last_name, is_staff, is_active, date_joined, name, email, ph_no, role, gender) VALUES (5, '', NULL, false, '', '', false, false, '2024-02-26 08:15:56.381+00', 'AGARWAL MANISH DHARMENDRA', NULL, NULL, 'student', 'M');
INSERT INTO public."Profile_profile" (id, password, last_login, is_superuser, first_name, last_name, is_staff, is_active, date_joined, name, email, ph_no, role, gender) VALUES (6, 'pbkdf2_sha256$600000$I11qw90z3i4I5IPG2g4hFW$7IIWkLjnZ43sm0IbptSqLvUIN/LU30AUC4xDnZtqzsM=', NULL, false, '', '', false, true, '2024-02-26 08:15:56.43+00', 'Antariksh Nayankumar Dave', 'antarikshdave@gmail.com', NULL, 'student', 'M');
INSERT INTO public."Profile_profile" (id, password, last_login, is_superuser, first_name, last_name, is_staff, is_active, date_joined, name, email, ph_no, role, gender) VALUES (7, 'pbkdf2_sha256$600000$3WulcxLeydIp67sSqgrqgT$lRKuKOWVpW2ZPUGTlrMfuZUclbsYwxVRgPvDfj15b6I=', NULL, false, '', '', false, true, '2024-02-26 08:15:56.477+00', 'BAKSHI UDDHAV MANISH', 'uddhavbakshi2020@gmail.com', NULL, 'student', 'M');
INSERT INTO public."Profile_profile" (id, password, last_login, is_superuser, first_name, last_name, is_staff, is_active, date_joined, name, email, ph_no, role, gender) VALUES (8, '', NULL, false, '', '', false, false, '2024-02-26 08:15:56.525+00', 'BHAMRE HARSHKUMAR DHARMENDRA', NULL, NULL, 'student', 'M');
INSERT INTO public."Profile_profile" (id, password, last_login, is_superuser, first_name, last_name, is_staff, is_active, date_joined, name, email, ph_no, role, gender) VALUES (9, 'pbkdf2_sha256$600000$eBh0ezdIrzCKQ9Q7WEFl5W$hQrjaVww1KoBMHnnKYkZZtaX3tvnulMMs7/JfKUxn9E=', NULL, false, '', '', false, true, '2024-02-26 08:15:56.571+00', 'BHANAV MONIKA', 'monikabhanav@gmail.com', NULL, 'student', 'F');
INSERT INTO public."Profile_profile" (id, password, last_login, is_superuser, first_name, last_name, is_staff, is_active, date_joined, name, email, ph_no, role, gender) VALUES (10, '', NULL, false, '', '', false, false, '2024-02-26 08:15:56.619+00', 'Bhojawala Pratham Kalpesh', NULL, NULL, 'student', 'M');
INSERT INTO public."Profile_profile" (id, password, last_login, is_superuser, first_name, last_name, is_staff, is_active, date_joined, name, email, ph_no, role, gender) VALUES (11, 'pbkdf2_sha256$600000$FOEibzz0p4cV1lHRnGVSnZ$hFZydTqkDya6D2rpWQkNO7GBOe/vS2QZfLEOoANUZcA=', NULL, false, '', '', false, true, '2024-02-26 08:15:56.667+00', 'BUTANI SMITKUMAR JITENDRABHAI', 'smitbutani204@gmail.com', NULL, 'student', 'M');
INSERT INTO public."Profile_profile" (id, password, last_login, is_superuser, first_name, last_name, is_staff, is_active, date_joined, name, email, ph_no, role, gender) VALUES (12, '', NULL, false, '', '', false, false, '2024-02-26 08:15:56.715+00', 'CHAMPANERI JAY KAUSHIKKUMAR', NULL, NULL, 'student', 'M');
INSERT INTO public."Profile_profile" (id, password, last_login, is_superuser, first_name, last_name, is_staff, is_active, date_joined, name, email, ph_no, role, gender) VALUES (13, 'pbkdf2_sha256$600000$3OhQCmSLpjigtXFB3QOUqQ$B/Vt/J7GPs2eXITx9aUCOcbNOvhv7EvwT2XreoPLZq4=', NULL, false, '', '', false, true, '2024-02-26 08:15:56.763+00', 'CHAUDHARY AVANI HARESHKUMAR', 'avanichaudhary03062005@gmail.com', NULL, 'student', 'F');
INSERT INTO public."Profile_profile" (id, password, last_login, is_superuser, first_name, last_name, is_staff, is_active, date_joined, name, email, ph_no, role, gender) VALUES (14, '', NULL, false, '', '', false, false, '2024-02-26 08:15:56.812+00', 'CHAUDHARY MAHENDRABHAI JOITABHAI', NULL, NULL, 'student', 'M');
INSERT INTO public."Profile_profile" (id, password, last_login, is_superuser, first_name, last_name, is_staff, is_active, date_joined, name, email, ph_no, role, gender) VALUES (15, '', NULL, false, '', '', false, false, '2024-02-26 08:15:56.858+00', 'Chauhan vivekkumar chandreshkumar', NULL, NULL, 'student', 'M');
INSERT INTO public."Profile_profile" (id, password, last_login, is_superuser, first_name, last_name, is_staff, is_active, date_joined, name, email, ph_no, role, gender) VALUES (16, 'pbkdf2_sha256$600000$GdiN32ZqzZWkaQMDLYQQXn$FH/9nSnzloUANQluCxu1X4I5T6XGBpYy20YO00OzaMk=', NULL, false, '', '', false, true, '2024-02-26 08:15:56.902+00', 'CHOTHANI SAHILKUMAR JAYANTIBHAI', 'sahilchothani17@gmail.com', NULL, 'student', 'M');
INSERT INTO public."Profile_profile" (id, password, last_login, is_superuser, first_name, last_name, is_staff, is_active, date_joined, name, email, ph_no, role, gender) VALUES (17, '', NULL, false, '', '', false, false, '2024-02-26 08:15:56.943+00', 'CHUDASAMA MONIK JENTIBHAI', NULL, NULL, 'student', 'M');
INSERT INTO public."Profile_profile" (id, password, last_login, is_superuser, first_name, last_name, is_staff, is_active, date_joined, name, email, ph_no, role, gender) VALUES (18, '', NULL, false, '', '', false, false, '2024-02-26 08:15:56.986+00', 'DABHI KISHANKUMAR VASUDEVBHAI', NULL, NULL, 'student', 'M');
INSERT INTO public."Profile_profile" (id, password, last_login, is_superuser, first_name, last_name, is_staff, is_active, date_joined, name, email, ph_no, role, gender) VALUES (19, 'pbkdf2_sha256$600000$I9sjbZkHBmQ4MGXrHXQqUh$8afaF/N8sRr97jsukV5RxaJ+AbnP1MGGLX8bg2z1Qy0=', NULL, false, '', '', false, true, '2024-02-26 08:15:57.037+00', 'DALWALA SHUBHAM AJAYKUMAR', 'shubhamdalwala300@gmail.com', NULL, 'student', 'M');
INSERT INTO public."Profile_profile" (id, password, last_login, is_superuser, first_name, last_name, is_staff, is_active, date_joined, name, email, ph_no, role, gender) VALUES (20, 'pbkdf2_sha256$600000$uuvO5A2V8gw5qHCfWZeSdk$vfCR42j0O3jYQiRf7zlEMZRDARXlinDxYRAwGcKL8hs=', NULL, false, '', '', false, true, '2024-02-26 08:15:57.082+00', 'DAMOR YASHKUMAR VIJAYBHAI', 'yash123456ui@gmail.com', NULL, 'student', 'M');
INSERT INTO public."Profile_profile" (id, password, last_login, is_superuser, first_name, last_name, is_staff, is_active, date_joined, name, email, ph_no, role, gender) VALUES (21, 'pbkdf2_sha256$600000$60Efqo51Z4ZBjsu8egwDUt$wgKYbvgcKtcTFXE8Hj2QjBINUhcvolIaIitY1ttGv6M=', NULL, false, '', '', false, true, '2024-02-26 08:15:57.127+00', 'DAVE AKSHAT PALLAV', '22ecaks023@ldce.ac.in', NULL, 'student', 'M');
INSERT INTO public."Profile_profile" (id, password, last_login, is_superuser, first_name, last_name, is_staff, is_active, date_joined, name, email, ph_no, role, gender) VALUES (22, 'pbkdf2_sha256$600000$xe4gslM1WuLmsPzAwXfKqM$1qcNUqoMz4QcWQSxRl8PT+FT45nFoctaaIHZKIeJb0M=', NULL, false, '', '', false, true, '2024-02-26 08:15:57.173+00', 'DOSHI JAINAM JIGNESH', 'jainamdoshi885@gmail.com', NULL, 'student', 'M');
INSERT INTO public."Profile_profile" (id, password, last_login, is_superuser, first_name, last_name, is_staff, is_active, date_joined, name, email, ph_no, role, gender) VALUES (23, 'pbkdf2_sha256$600000$UVqxZ2LbygDYECYFAlw9WD$LqkMrJWi9Pd5duMigyAZrvE7l+HxK2GO2zxBq3Yb6ks=', NULL, false, '', '', false, true, '2024-02-26 08:15:57.219+00', 'GAUSWAMI KRUNALGIRI KAMLESHGIRI', '22ecgau028@ldce.ac.in', NULL, 'student', 'M');
INSERT INTO public."Profile_profile" (id, password, last_login, is_superuser, first_name, last_name, is_staff, is_active, date_joined, name, email, ph_no, role, gender) VALUES (24, 'pbkdf2_sha256$600000$GYE2Chu4aaiURPyWpWwW3m$sOqCgVHWtmMvSWryVbtKws/d6DUAxu9wnFTiiZldL9E=', NULL, false, '', '', false, true, '2024-02-26 08:15:57.268+00', 'GHODAKIYA KIRANBHAI RAMJIBHAI', 'ghodakiyakiran91@gmail.com', NULL, 'student', 'M');
INSERT INTO public."Profile_profile" (id, password, last_login, is_superuser, first_name, last_name, is_staff, is_active, date_joined, name, email, ph_no, role, gender) VALUES (25, '', NULL, false, '', '', false, false, '2024-02-26 08:15:57.314+00', 'GOHEL ARCHI PARESHBHAI', NULL, NULL, 'student', 'F');
INSERT INTO public."Profile_profile" (id, password, last_login, is_superuser, first_name, last_name, is_staff, is_active, date_joined, name, email, ph_no, role, gender) VALUES (26, 'pbkdf2_sha256$600000$VJ51sb8M3LiDzszJBZmhmj$/KluTyiANL0O2fQFXuSRxFg7LYz34D8ZSFcQtncJprI=', NULL, false, '', '', false, true, '2024-02-26 08:15:57.36+00', 'Gohil ravirajsinh viramdevsinh', '22ecgoh031@ldce.ac.in', NULL, 'student', 'M');
INSERT INTO public."Profile_profile" (id, password, last_login, is_superuser, first_name, last_name, is_staff, is_active, date_joined, name, email, ph_no, role, gender) VALUES (27, 'pbkdf2_sha256$600000$eoaPVNTYoM9g2MDNzKs6xp$xc9TtVxZbV8H6vmdYpCgy26D9WO2ul+OeCt4XlY8c/U=', NULL, false, '', '', false, true, '2024-02-26 08:15:57.407+00', 'Harsh Prajapati Prakashkumar', 'prajapatiharsh4777@gmail.com', NULL, 'student', 'M');
INSERT INTO public."Profile_profile" (id, password, last_login, is_superuser, first_name, last_name, is_staff, is_active, date_joined, name, email, ph_no, role, gender) VALUES (28, 'pbkdf2_sha256$600000$lmX8zod1L71uMiEinyz62s$ZKNTnJdw6cd7l3a0Er19WP0vMjMIoXmPMQqtqqoIQ2g=', NULL, false, '', '', false, true, '2024-02-26 08:15:57.452+00', 'JADAV ISHA BHARATBHAI', 'ishabjadav@gmail.com', NULL, 'student', 'F');
INSERT INTO public."Profile_profile" (id, password, last_login, is_superuser, first_name, last_name, is_staff, is_active, date_joined, name, email, ph_no, role, gender) VALUES (29, '', NULL, false, '', '', false, false, '2024-02-26 08:15:57.499+00', 'JADAV MAYUR HASUBHAI', NULL, NULL, 'student', 'M');
INSERT INTO public."Profile_profile" (id, password, last_login, is_superuser, first_name, last_name, is_staff, is_active, date_joined, name, email, ph_no, role, gender) VALUES (30, '', NULL, false, '', '', false, false, '2024-02-26 08:15:57.545+00', 'JEEDIYA MILANBHAI MASHARIBHAI', NULL, NULL, 'student', 'M');
INSERT INTO public."Profile_profile" (id, password, last_login, is_superuser, first_name, last_name, is_staff, is_active, date_joined, name, email, ph_no, role, gender) VALUES (31, '', NULL, false, '', '', false, false, '2024-02-26 08:15:57.592+00', 'JETHVA YASH BIPINBHAI', NULL, NULL, 'student', 'M');
INSERT INTO public."Profile_profile" (id, password, last_login, is_superuser, first_name, last_name, is_staff, is_active, date_joined, name, email, ph_no, role, gender) VALUES (32, 'pbkdf2_sha256$600000$3HB52gXlnxUCq5I7OoZMLC$mK4ue4glrUPgJm4GhfIvWjD0WfK69Xo8m1nwFAdBIKA=', NULL, false, '', '', false, true, '2024-02-26 08:15:57.638+00', 'JOLIYA VINIT BHUPATBHAI', 'joliyavinit04@gmail.com', NULL, 'student', 'M');
INSERT INTO public."Profile_profile" (id, password, last_login, is_superuser, first_name, last_name, is_staff, is_active, date_joined, name, email, ph_no, role, gender) VALUES (33, '', NULL, false, '', '', false, false, '2024-02-26 08:15:57.685+00', 'Joshi Aarav Paragbhai', NULL, NULL, 'student', 'M');
INSERT INTO public."Profile_profile" (id, password, last_login, is_superuser, first_name, last_name, is_staff, is_active, date_joined, name, email, ph_no, role, gender) VALUES (34, 'pbkdf2_sha256$600000$Ax9OGAXGqRem3gFCDJbViE$mJSaGgSr40VkWIqW5uZ02XGgdIDzlbMES1OAgfYqkmM=', NULL, false, '', '', false, true, '2024-02-26 08:15:57.731+00', 'Kanani Rutva Ashokbhai', 'akanani885@gmail.com', NULL, 'student', 'F');
INSERT INTO public."Profile_profile" (id, password, last_login, is_superuser, first_name, last_name, is_staff, is_active, date_joined, name, email, ph_no, role, gender) VALUES (35, '', NULL, false, '', '', false, false, '2024-02-26 08:15:57.776+00', 'KANSARA HARSHIL NIMESHKUMAR', NULL, NULL, 'student', 'M');
INSERT INTO public."Profile_profile" (id, password, last_login, is_superuser, first_name, last_name, is_staff, is_active, date_joined, name, email, ph_no, role, gender) VALUES (36, '', NULL, false, '', '', false, false, '2024-02-26 08:15:57.821+00', 'KERAI HARSH RAMESH', NULL, NULL, 'student', 'M');
INSERT INTO public."Profile_profile" (id, password, last_login, is_superuser, first_name, last_name, is_staff, is_active, date_joined, name, email, ph_no, role, gender) VALUES (37, '', NULL, false, '', '', false, false, '2024-02-26 08:15:57.866+00', 'KHALAS DEVANG PARESHKUMAR', NULL, NULL, 'student', 'M');
INSERT INTO public."Profile_profile" (id, password, last_login, is_superuser, first_name, last_name, is_staff, is_active, date_joined, name, email, ph_no, role, gender) VALUES (38, '', NULL, false, '', '', false, false, '2024-02-26 08:15:57.911+00', 'Khamar Dharmik Bharatbhai', NULL, NULL, 'student', 'M');
INSERT INTO public."Profile_profile" (id, password, last_login, is_superuser, first_name, last_name, is_staff, is_active, date_joined, name, email, ph_no, role, gender) VALUES (39, '', NULL, false, '', '', false, false, '2024-02-26 08:15:57.96+00', 'KODIYATAR DHAVAL RAMBHAI', NULL, NULL, 'student', 'M');
INSERT INTO public."Profile_profile" (id, password, last_login, is_superuser, first_name, last_name, is_staff, is_active, date_joined, name, email, ph_no, role, gender) VALUES (40, '', NULL, false, '', '', false, false, '2024-02-26 08:15:58.008+00', 'KRISH PANCHAL', NULL, NULL, 'student', 'M');
INSERT INTO public."Profile_profile" (id, password, last_login, is_superuser, first_name, last_name, is_staff, is_active, date_joined, name, email, ph_no, role, gender) VALUES (41, '', NULL, false, '', '', false, false, '2024-02-26 08:15:58.057+00', 'Lathiya Ayushi Hitesh', NULL, NULL, 'student', 'F');
INSERT INTO public."Profile_profile" (id, password, last_login, is_superuser, first_name, last_name, is_staff, is_active, date_joined, name, email, ph_no, role, gender) VALUES (42, 'pbkdf2_sha256$600000$xpFLwRwOG17A8dwOLAfm7r$+7t4JksS8P92uEcWebqJQ9bRiTrY9W+5efU2IShqBBI=', NULL, false, '', '', false, true, '2024-02-26 08:15:58.106+00', 'MAHESHWARI SHREYA LAXMANBHAI', 'maheshwarishreya355@gmail.com', NULL, 'student', 'F');
INSERT INTO public."Profile_profile" (id, password, last_login, is_superuser, first_name, last_name, is_staff, is_active, date_joined, name, email, ph_no, role, gender) VALUES (43, 'pbkdf2_sha256$600000$BGfqzuRpbUrryDH9DPTX2C$IS6Us/pMkx6lPxwMjLWAXr2sjYAEPKUpl4R9SvgmuTU=', NULL, false, '', '', false, true, '2024-02-26 08:15:58.154+00', 'MAKVANA CHIRAG RAMJIBHAI', '22ecchi057@ldce.ac.in', NULL, 'student', 'M');
INSERT INTO public."Profile_profile" (id, password, last_login, is_superuser, first_name, last_name, is_staff, is_active, date_joined, name, email, ph_no, role, gender) VALUES (44, 'pbkdf2_sha256$600000$iTt3E9y5hknS7SBmtFNU0j$gQ4wr4IvnTMio+Tr/klPL8xacCOWJD8dz4iC7/wH6F8=', NULL, false, '', '', false, true, '2024-02-26 08:15:58.203+00', 'MANIYAR VRUSHALI SNEHALKUMAR', 'vrushalimaniyar2101@gmail.com', NULL, 'student', 'F');
INSERT INTO public."Profile_profile" (id, password, last_login, is_superuser, first_name, last_name, is_staff, is_active, date_joined, name, email, ph_no, role, gender) VALUES (45, 'pbkdf2_sha256$600000$WHL3xt7oScV7pWaa56lS9W$6l/SAuZkJmI9VcfqAAYBWrgPVX3o5ilQ8zMfOamRXWs=', NULL, false, '', '', false, true, '2024-02-26 08:15:58.25+00', 'Modi Kirtan Hiteshkumar', 'kirtanmodi593@gmail.com', NULL, 'student', 'M');
INSERT INTO public."Profile_profile" (id, password, last_login, is_superuser, first_name, last_name, is_staff, is_active, date_joined, name, email, ph_no, role, gender) VALUES (46, '', NULL, false, '', '', false, false, '2024-02-26 08:15:58.297+00', 'MORADIYA DHRUVIL AMRUTLAL', NULL, NULL, 'student', 'M');
INSERT INTO public."Profile_profile" (id, password, last_login, is_superuser, first_name, last_name, is_staff, is_active, date_joined, name, email, ph_no, role, gender) VALUES (47, 'pbkdf2_sha256$600000$LaFx39w0SliZ1y7kb61YNl$J6l6bVqFULsW56zXVuTnJHM/+1fqCGNhUCUcSmol2TQ=', NULL, false, '', '', false, true, '2024-02-26 08:15:58.344+00', 'MUDALIYAR DHANPAL ASHOKKUMAR', 'mudaliyardhanpal6@gmail.com', NULL, 'student', 'M');
INSERT INTO public."Profile_profile" (id, password, last_login, is_superuser, first_name, last_name, is_staff, is_active, date_joined, name, email, ph_no, role, gender) VALUES (48, '', NULL, false, '', '', false, false, '2024-02-26 08:15:58.389+00', 'NAIR ANKITA RAJAN', NULL, NULL, 'student', 'F');
INSERT INTO public."Profile_profile" (id, password, last_login, is_superuser, first_name, last_name, is_staff, is_active, date_joined, name, email, ph_no, role, gender) VALUES (49, '', NULL, false, '', '', false, false, '2024-02-26 08:15:58.434+00', 'NIRMAL MANVAR', NULL, NULL, 'student', 'M');
INSERT INTO public."Profile_profile" (id, password, last_login, is_superuser, first_name, last_name, is_staff, is_active, date_joined, name, email, ph_no, role, gender) VALUES (50, '', NULL, false, '', '', false, false, '2024-02-26 08:15:58.479+00', 'PANCHAL MEETKUMAR PRAVINBHAI', NULL, NULL, 'student', 'M');
INSERT INTO public."Profile_profile" (id, password, last_login, is_superuser, first_name, last_name, is_staff, is_active, date_joined, name, email, ph_no, role, gender) VALUES (51, '', NULL, false, '', '', false, false, '2024-02-26 08:15:58.525+00', 'PANDYA SUJAL JANAKBHAI', NULL, NULL, 'student', 'M');
INSERT INTO public."Profile_profile" (id, password, last_login, is_superuser, first_name, last_name, is_staff, is_active, date_joined, name, email, ph_no, role, gender) VALUES (52, '', NULL, false, '', '', false, false, '2024-02-26 08:15:58.571+00', 'PANKAJKUMAR PADHIYAR', NULL, NULL, 'student', 'M');
INSERT INTO public."Profile_profile" (id, password, last_login, is_superuser, first_name, last_name, is_staff, is_active, date_joined, name, email, ph_no, role, gender) VALUES (53, 'pbkdf2_sha256$600000$BWw6JwBWJa0soGYkadV3K1$xn9DqBAC9X/+4tEwfgCZ9XP2Dn+lj2cyyRuu9rit484=', NULL, false, '', '', false, true, '2024-02-26 08:15:58.618+00', 'PAREKH JAY CHETAN', 'jay1902prkh@gmail.com', NULL, 'student', 'M');
INSERT INTO public."Profile_profile" (id, password, last_login, is_superuser, first_name, last_name, is_staff, is_active, date_joined, name, email, ph_no, role, gender) VALUES (54, '', NULL, false, '', '', false, false, '2024-02-26 08:15:58.673+00', 'PARIDHI KARMAKAR', NULL, NULL, 'student', 'F');
INSERT INTO public."Profile_profile" (id, password, last_login, is_superuser, first_name, last_name, is_staff, is_active, date_joined, name, email, ph_no, role, gender) VALUES (55, '', NULL, false, '', '', false, false, '2024-02-26 08:15:58.722+00', 'PARMAR HASTI MAHENDRABHAI', NULL, NULL, 'student', 'F');
INSERT INTO public."Profile_profile" (id, password, last_login, is_superuser, first_name, last_name, is_staff, is_active, date_joined, name, email, ph_no, role, gender) VALUES (56, 'pbkdf2_sha256$600000$7hDbWxDu1xl5Fpxl3FE7SN$YnZtNulBwCP0zk/Bf9kCf99NZLdhGc/AFE58ayurt+0=', NULL, false, '', '', false, true, '2024-02-26 08:15:58.772+00', 'PARMAR NEEL VRAJLAL', 'parmarneel32@gmail.com', NULL, 'student', 'M');
INSERT INTO public."Profile_profile" (id, password, last_login, is_superuser, first_name, last_name, is_staff, is_active, date_joined, name, email, ph_no, role, gender) VALUES (57, '', NULL, false, '', '', false, false, '2024-02-26 08:15:58.82+00', 'Parmar Ravi Kumar Pravin bhai', NULL, NULL, 'student', 'M');
INSERT INTO public."Profile_profile" (id, password, last_login, is_superuser, first_name, last_name, is_staff, is_active, date_joined, name, email, ph_no, role, gender) VALUES (58, 'pbkdf2_sha256$600000$lXYqLNTWa0RmoIA8ifs4ex$HYW2fJzsCuGNptbCmOnMOhvHgc53qPSGte7ehluhguM=', NULL, false, '', '', false, true, '2024-02-26 08:15:58.867+00', 'PARVA ASHISHBHAI SHUKLA', '22ecpar076@ldce.ac.in', NULL, 'student', 'M');
INSERT INTO public."Profile_profile" (id, password, last_login, is_superuser, first_name, last_name, is_staff, is_active, date_joined, name, email, ph_no, role, gender) VALUES (59, 'pbkdf2_sha256$600000$Bq7NBDvWecxYdsMPMn7FHE$4Rd8uaNp0X6reHeMVMcFQnUtKPpaopoX5CLyp0kHwHs=', NULL, false, '', '', false, true, '2024-02-26 08:15:58.916+00', 'PATEL AMANKUMAR ASHOKBHAI', 'patelaman0241@gmail.com', NULL, 'student', 'M');
INSERT INTO public."Profile_profile" (id, password, last_login, is_superuser, first_name, last_name, is_staff, is_active, date_joined, name, email, ph_no, role, gender) VALUES (60, 'pbkdf2_sha256$600000$H38BahJmhE7Gw1TDq8cUgN$I6FJszA/rLbXV5FmGXZzjo24yeLgwLa1h2k64+2mWJo=', NULL, false, '', '', false, true, '2024-02-26 08:15:58.962+00', 'PATEL CHAITRALI MUKESHBHAI', 'chaitralipatel@gmail.com', NULL, 'student', 'F');
INSERT INTO public."Profile_profile" (id, password, last_login, is_superuser, first_name, last_name, is_staff, is_active, date_joined, name, email, ph_no, role, gender) VALUES (61, '', NULL, false, '', '', false, false, '2024-02-26 08:15:59.007+00', 'PATEL CHIRAGKUMAR KIRANBHAI', NULL, NULL, 'student', 'M');
INSERT INTO public."Profile_profile" (id, password, last_login, is_superuser, first_name, last_name, is_staff, is_active, date_joined, name, email, ph_no, role, gender) VALUES (62, 'pbkdf2_sha256$600000$eOCcDzrXLd6gtGnUy9R51v$MaCq/szM8reDwiJZeg4XDdWmewI/iZd4p45ygRtwdQQ=', NULL, false, '', '', false, true, '2024-02-26 08:15:59.059+00', 'ASHISHKUMAR YADAV', 'yadavashish@gmail.com', NULL, 'student', 'M');
INSERT INTO public."Profile_profile" (id, password, last_login, is_superuser, first_name, last_name, is_staff, is_active, date_joined, name, email, ph_no, role, gender) VALUES (63, 'pbkdf2_sha256$600000$gId3qDbxT1by4OKZR6ISvs$DmuGUlsQekBnEmlXfg5r+tRX4G6TDesOGZw7FJp5hGI=', NULL, false, '', '', false, true, '2024-02-26 08:15:59.103+00', 'BHALODIYA DEV JAYSUKHBHAI', 'dev.bhalodiya2004@gmail.com', NULL, 'student', 'M');
INSERT INTO public."Profile_profile" (id, password, last_login, is_superuser, first_name, last_name, is_staff, is_active, date_joined, name, email, ph_no, role, gender) VALUES (64, 'pbkdf2_sha256$600000$DpabdEpoPCevD7n1MJio7U$kmywXdSM7nRN90dsO7e2yuJz92NfyhEQzZ+/lknqB54=', NULL, false, '', '', false, true, '2024-02-26 08:15:59.147+00', 'BHATT ZEELBEN PARESHKUMAR', 'bhatt.zeel.20@gmail.com', NULL, 'student', 'F');
INSERT INTO public."Profile_profile" (id, password, last_login, is_superuser, first_name, last_name, is_staff, is_active, date_joined, name, email, ph_no, role, gender) VALUES (65, '', NULL, false, '', '', false, false, '2024-02-26 08:15:59.192+00', 'CHAUDHARY ADARSH PREMJIBHAI', NULL, NULL, 'student', 'M');
INSERT INTO public."Profile_profile" (id, password, last_login, is_superuser, first_name, last_name, is_staff, is_active, date_joined, name, email, ph_no, role, gender) VALUES (66, 'pbkdf2_sha256$600000$3PFcbFOrjvCX3UHIw82LKr$iDV4DYYgqI2a1bW55RFFjEDWywb8ysIGkYDvGvfTrEA=', NULL, false, '', '', false, true, '2024-02-26 08:15:59.237+00', 'Chudasama Aryan Hiteshbhai', 'aryan.programer@gmail.com', NULL, 'student', 'M');
INSERT INTO public."Profile_profile" (id, password, last_login, is_superuser, first_name, last_name, is_staff, is_active, date_joined, name, email, ph_no, role, gender) VALUES (67, '', NULL, false, '', '', false, false, '2024-02-26 08:15:59.283+00', 'DEEPSHIKHA DASH', NULL, NULL, 'student', 'F');
INSERT INTO public."Profile_profile" (id, password, last_login, is_superuser, first_name, last_name, is_staff, is_active, date_joined, name, email, ph_no, role, gender) VALUES (68, 'pbkdf2_sha256$600000$dWbXQ6soCQkE7xeZejWfvl$j7xHVHVGinVvuopfMRbdsN1iPnrQ2JqiCLqm7bhKPjo=', NULL, false, '', '', false, true, '2024-02-26 08:15:59.331+00', 'GAJJAR KRUNAVKUMAR RAKESHKUMAR', 'gajjarkrishi123@gmail.com', NULL, 'student', 'M');
INSERT INTO public."Profile_profile" (id, password, last_login, is_superuser, first_name, last_name, is_staff, is_active, date_joined, name, email, ph_no, role, gender) VALUES (69, 'pbkdf2_sha256$600000$IbRh3N8PCRzcxSruignFbQ$b/b+pX90iM56liPDC2Rya8NX7M2m9Vuj7NgDZ8/AS20=', NULL, false, '', '', false, true, '2024-02-26 08:15:59.376+00', 'GOHEL MANAN MAHESHKUMAR', 'manangohel041@gmail.com', NULL, 'student', 'M');
INSERT INTO public."Profile_profile" (id, password, last_login, is_superuser, first_name, last_name, is_staff, is_active, date_joined, name, email, ph_no, role, gender) VALUES (70, 'pbkdf2_sha256$600000$2alzBssGqd15Red7rEdNqt$NEi3t4Ven1Yo17bqEksnicWZWD58miij//x/xdIT4wE=', NULL, false, '', '', false, true, '2024-02-26 08:15:59.42+00', 'GOLARANA TANVI JAYESHKUMAR', 'ranatanvi182@gmail.com', NULL, 'student', 'F');
INSERT INTO public."Profile_profile" (id, password, last_login, is_superuser, first_name, last_name, is_staff, is_active, date_joined, name, email, ph_no, role, gender) VALUES (71, '', NULL, false, '', '', false, false, '2024-02-26 08:15:59.465+00', 'KANANI DIP PRAVINBHAI', NULL, NULL, 'student', 'M');
INSERT INTO public."Profile_profile" (id, password, last_login, is_superuser, first_name, last_name, is_staff, is_active, date_joined, name, email, ph_no, role, gender) VALUES (72, 'pbkdf2_sha256$600000$b8KpuakAVb19yPIMAATW2x$YauXyKMjeoK4W/pTN2Z1lUxQNbil9cuGKhIfuiavwbg=', NULL, false, '', '', false, true, '2024-02-26 08:15:59.511+00', 'KANNADI AMBICA HANUMANTHRAO', 'ambica.01072004@gmail.com', NULL, 'student', 'F');
INSERT INTO public."Profile_profile" (id, password, last_login, is_superuser, first_name, last_name, is_staff, is_active, date_joined, name, email, ph_no, role, gender) VALUES (73, 'pbkdf2_sha256$600000$hDzuZ4exPqmZ7ajdaLSttv$p2vXGyKn61Ed6q+zd64BOEPeG2kT5NY7NZuxzm7x5oY=', NULL, false, '', '', false, true, '2024-02-26 08:15:59.562+00', 'KHANDLA HEMANSHU BHARATBHAI', 'khandlahemanshu2004@gmail.com', NULL, 'student', 'M');
INSERT INTO public."Profile_profile" (id, password, last_login, is_superuser, first_name, last_name, is_staff, is_active, date_joined, name, email, ph_no, role, gender) VALUES (74, '', NULL, false, '', '', false, false, '2024-02-26 08:15:59.61+00', 'KURVATH VIKRANT', NULL, NULL, 'student', 'M');
INSERT INTO public."Profile_profile" (id, password, last_login, is_superuser, first_name, last_name, is_staff, is_active, date_joined, name, email, ph_no, role, gender) VALUES (75, 'pbkdf2_sha256$600000$WyoUMVKAYaVQzvrxOUTot7$fkNj7LEP7quml+JaGk7fo/+NpMId0hYd6qdUDzJJRLM=', NULL, false, '', '', false, true, '2024-02-26 08:15:59.656+00', 'MALEK MOHAMMAD TAWHID SAJEEDMIYA', 'tawhidmalek651@gmail.com', NULL, 'student', 'M');
INSERT INTO public."Profile_profile" (id, password, last_login, is_superuser, first_name, last_name, is_staff, is_active, date_joined, name, email, ph_no, role, gender) VALUES (76, 'pbkdf2_sha256$600000$6QYavXSWjdjvGSYbyizWnR$YKGANGcByDxrcoVemdL8w5iV7svv2R5LNmkKtVh8wGA=', NULL, false, '', '', false, true, '2024-02-26 08:15:59.705+00', 'Manani Chintan Narotambhai', 'beself222@gmail.com', NULL, 'student', 'M');
INSERT INTO public."Profile_profile" (id, password, last_login, is_superuser, first_name, last_name, is_staff, is_active, date_joined, name, email, ph_no, role, gender) VALUES (77, 'pbkdf2_sha256$600000$sInbBjnTfV5ck0OPZfoOju$mL2vgRIkeM4H7+nVnS9PVBL4QETeHVJdtpneUjYjAig=', NULL, false, '', '', false, true, '2024-02-26 08:15:59.754+00', 'MD MAHBOOB ALAM', 'mdmahboobalam14012005@gmail.com', NULL, 'student', 'M');
INSERT INTO public."Profile_profile" (id, password, last_login, is_superuser, first_name, last_name, is_staff, is_active, date_joined, name, email, ph_no, role, gender) VALUES (78, '', NULL, false, '', '', false, false, '2024-02-26 08:15:59.8+00', 'MEHTA YASH JIGNESHKUMAR', NULL, NULL, 'student', 'M');
INSERT INTO public."Profile_profile" (id, password, last_login, is_superuser, first_name, last_name, is_staff, is_active, date_joined, name, email, ph_no, role, gender) VALUES (79, '', NULL, false, '', '', false, false, '2024-02-26 08:15:59.847+00', 'MISHRA GARIMA MANIKANT', NULL, NULL, 'student', 'F');
INSERT INTO public."Profile_profile" (id, password, last_login, is_superuser, first_name, last_name, is_staff, is_active, date_joined, name, email, ph_no, role, gender) VALUES (80, 'pbkdf2_sha256$600000$cSj5AH1TRx1opp98hZh09K$tHmLLzH75N1v2b7tWmm/CS37T/WEGiXoST3cEL6nRkQ=', NULL, false, '', '', false, true, '2024-02-26 08:15:59.894+00', 'Modi Meet Rakeshbhai', 'meetmodi180505@gmail.com', NULL, 'student', 'M');
INSERT INTO public."Profile_profile" (id, password, last_login, is_superuser, first_name, last_name, is_staff, is_active, date_joined, name, email, ph_no, role, gender) VALUES (81, '', NULL, false, '', '', false, false, '2024-02-26 08:15:59.942+00', 'Od jaydipkumar mahendrakumar', NULL, NULL, 'student', 'M');
INSERT INTO public."Profile_profile" (id, password, last_login, is_superuser, first_name, last_name, is_staff, is_active, date_joined, name, email, ph_no, role, gender) VALUES (82, 'pbkdf2_sha256$600000$yRxO19HUIKbefTY1igs7Qh$g1ioMPv1wMhRaMBm5aonWMK7646hoHIKDAVuleOYl1E=', NULL, false, '', '', false, true, '2024-02-26 08:15:59.99+00', 'Panchal Ayush Dineshkumar', 'panchalayush2411@gmail.com', NULL, 'student', 'M');
INSERT INTO public."Profile_profile" (id, password, last_login, is_superuser, first_name, last_name, is_staff, is_active, date_joined, name, email, ph_no, role, gender) VALUES (83, '', NULL, false, '', '', false, false, '2024-02-26 08:16:00.038+00', 'PANCHAL BHARGAV SANJAYBHAI', NULL, NULL, 'student', 'M');
INSERT INTO public."Profile_profile" (id, password, last_login, is_superuser, first_name, last_name, is_staff, is_active, date_joined, name, email, ph_no, role, gender) VALUES (84, 'pbkdf2_sha256$600000$nCfqWUqIXm93zqSnvhYLMz$EHxvY01bw9VPiR/FM8ErGoZJTYvLXkZclbQAYgih9Q4=', NULL, false, '', '', false, true, '2024-02-26 08:16:00.086+00', 'PANCHAL JAYDEEP HARIVADAN', 'jaydeep8225@gmail.com', NULL, 'student', 'M');
INSERT INTO public."Profile_profile" (id, password, last_login, is_superuser, first_name, last_name, is_staff, is_active, date_joined, name, email, ph_no, role, gender) VALUES (85, '', NULL, false, '', '', false, false, '2024-02-26 08:16:00.135+00', 'PANCHAL UTSAV DIPAKKUMAR', NULL, NULL, 'student', 'M');
INSERT INTO public."Profile_profile" (id, password, last_login, is_superuser, first_name, last_name, is_staff, is_active, date_joined, name, email, ph_no, role, gender) VALUES (86, '', NULL, false, '', '', false, false, '2024-02-26 08:16:55.85+00', 'PATEL ISHANKUMAR MANUBHAI', NULL, NULL, 'student', 'M');
INSERT INTO public."Profile_profile" (id, password, last_login, is_superuser, first_name, last_name, is_staff, is_active, date_joined, name, email, ph_no, role, gender) VALUES (87, '', NULL, false, '', '', false, false, '2024-02-26 08:16:55.907+00', 'Patel Jaydeepkumar Mukeshbhai', NULL, NULL, 'student', 'M');
INSERT INTO public."Profile_profile" (id, password, last_login, is_superuser, first_name, last_name, is_staff, is_active, date_joined, name, email, ph_no, role, gender) VALUES (88, '', NULL, false, '', '', false, false, '2024-02-26 08:16:55.954+00', 'PATEL KHUSHI SATISHKUMAR', NULL, NULL, 'student', 'F');
INSERT INTO public."Profile_profile" (id, password, last_login, is_superuser, first_name, last_name, is_staff, is_active, date_joined, name, email, ph_no, role, gender) VALUES (89, '', NULL, false, '', '', false, false, '2024-02-26 08:16:56.002+00', 'PATEL KRISH ALPESHBHAI', NULL, NULL, 'student', 'M');
INSERT INTO public."Profile_profile" (id, password, last_login, is_superuser, first_name, last_name, is_staff, is_active, date_joined, name, email, ph_no, role, gender) VALUES (90, '', NULL, false, '', '', false, false, '2024-02-26 08:16:56.049+00', 'Patel Krishi Piyush', NULL, NULL, 'student', 'F');
INSERT INTO public."Profile_profile" (id, password, last_login, is_superuser, first_name, last_name, is_staff, is_active, date_joined, name, email, ph_no, role, gender) VALUES (91, '', NULL, false, '', '', false, false, '2024-02-26 08:16:56.101+00', 'PATEL RAJ DILIPBHAI', NULL, NULL, 'student', 'M');
INSERT INTO public."Profile_profile" (id, password, last_login, is_superuser, first_name, last_name, is_staff, is_active, date_joined, name, email, ph_no, role, gender) VALUES (92, '', NULL, false, '', '', false, false, '2024-02-26 08:16:56.148+00', 'PATEL RICHA JAGDISHBHAI', NULL, NULL, 'student', 'F');
INSERT INTO public."Profile_profile" (id, password, last_login, is_superuser, first_name, last_name, is_staff, is_active, date_joined, name, email, ph_no, role, gender) VALUES (93, '', NULL, false, '', '', false, false, '2024-02-26 08:16:56.199+00', 'PATEL SANJAYKUMAR KANJIBHAI', NULL, NULL, 'student', 'M');
INSERT INTO public."Profile_profile" (id, password, last_login, is_superuser, first_name, last_name, is_staff, is_active, date_joined, name, email, ph_no, role, gender) VALUES (94, '', NULL, false, '', '', false, false, '2024-02-26 08:16:56.243+00', 'PATEL SHLOKKUMAR NILESHKUMAR', NULL, NULL, 'student', 'M');
INSERT INTO public."Profile_profile" (id, password, last_login, is_superuser, first_name, last_name, is_staff, is_active, date_joined, name, email, ph_no, role, gender) VALUES (95, '', NULL, false, '', '', false, false, '2024-02-26 08:16:56.289+00', 'PATEL VANSH ASHVINBHAI', NULL, NULL, 'student', 'M');
INSERT INTO public."Profile_profile" (id, password, last_login, is_superuser, first_name, last_name, is_staff, is_active, date_joined, name, email, ph_no, role, gender) VALUES (96, '', NULL, false, '', '', false, false, '2024-02-26 08:16:56.336+00', 'PATEL VRUND', NULL, NULL, 'student', 'M');
INSERT INTO public."Profile_profile" (id, password, last_login, is_superuser, first_name, last_name, is_staff, is_active, date_joined, name, email, ph_no, role, gender) VALUES (97, 'pbkdf2_sha256$600000$kPszXPKO9Tp5eSMGAP74wh$5iagRlMosOc2X0UUw7+Bv2pz4W8RqvVPCoqXK+O7Ooc=', NULL, false, '', '', false, true, '2024-02-26 08:16:56.382+00', 'Pathan Leeza MohammedIqbal', 'leezapathan229@gmail.com', NULL, 'student', 'F');
INSERT INTO public."Profile_profile" (id, password, last_login, is_superuser, first_name, last_name, is_staff, is_active, date_joined, name, email, ph_no, role, gender) VALUES (98, '', NULL, false, '', '', false, false, '2024-02-26 08:16:56.429+00', 'PAWAR YASH GORAKH', NULL, NULL, 'student', 'M');
INSERT INTO public."Profile_profile" (id, password, last_login, is_superuser, first_name, last_name, is_staff, is_active, date_joined, name, email, ph_no, role, gender) VALUES (99, '', NULL, false, '', '', false, false, '2024-02-26 08:16:56.476+00', 'PINDORIA HITESHREE SHIVJIBHAI', NULL, NULL, 'student', 'F');
INSERT INTO public."Profile_profile" (id, password, last_login, is_superuser, first_name, last_name, is_staff, is_active, date_joined, name, email, ph_no, role, gender) VALUES (100, '', NULL, false, '', '', false, false, '2024-02-26 08:16:56.524+00', 'Prajapati Bhavdipkumar Bhikhabhai', NULL, NULL, 'student', 'M');
INSERT INTO public."Profile_profile" (id, password, last_login, is_superuser, first_name, last_name, is_staff, is_active, date_joined, name, email, ph_no, role, gender) VALUES (101, '', NULL, false, '', '', false, false, '2024-02-26 08:16:56.572+00', 'Pratham Kanani', NULL, NULL, 'student', 'M');
INSERT INTO public."Profile_profile" (id, password, last_login, is_superuser, first_name, last_name, is_staff, is_active, date_joined, name, email, ph_no, role, gender) VALUES (102, '', NULL, false, '', '', false, false, '2024-02-26 08:16:56.621+00', 'Rajpara Hitarth Dharmendra', NULL, NULL, 'student', 'M');
INSERT INTO public."Profile_profile" (id, password, last_login, is_superuser, first_name, last_name, is_staff, is_active, date_joined, name, email, ph_no, role, gender) VALUES (103, '', NULL, false, '', '', false, false, '2024-02-26 08:16:56.668+00', 'RAJPOOT ABHISHEK SINGH RAJESH SINGH', NULL, NULL, 'student', 'M');
INSERT INTO public."Profile_profile" (id, password, last_login, is_superuser, first_name, last_name, is_staff, is_active, date_joined, name, email, ph_no, role, gender) VALUES (104, '', NULL, false, '', '', false, false, '2024-02-26 08:16:56.715+00', 'RAJPUROHIT VANDANAKUMARI MADANSINGH', NULL, NULL, 'student', 'F');
INSERT INTO public."Profile_profile" (id, password, last_login, is_superuser, first_name, last_name, is_staff, is_active, date_joined, name, email, ph_no, role, gender) VALUES (105, '', NULL, false, '', '', false, false, '2024-02-26 08:16:56.761+00', 'RATHOD MILAN', NULL, NULL, 'student', 'M');
INSERT INTO public."Profile_profile" (id, password, last_login, is_superuser, first_name, last_name, is_staff, is_active, date_joined, name, email, ph_no, role, gender) VALUES (106, '', NULL, false, '', '', false, false, '2024-02-26 08:16:56.809+00', 'RATHOD VAIBHAVI MAHESHBHAI', NULL, NULL, 'student', 'F');
INSERT INTO public."Profile_profile" (id, password, last_login, is_superuser, first_name, last_name, is_staff, is_active, date_joined, name, email, ph_no, role, gender) VALUES (107, '', NULL, false, '', '', false, false, '2024-02-26 08:16:56.855+00', 'RAUT YOGESHVARIBEN JAYANTIBHAI', NULL, NULL, 'student', 'F');
INSERT INTO public."Profile_profile" (id, password, last_login, is_superuser, first_name, last_name, is_staff, is_active, date_joined, name, email, ph_no, role, gender) VALUES (108, '', NULL, false, '', '', false, false, '2024-02-26 08:16:56.9+00', 'RUDANI NITYA HARESHBHAI', NULL, NULL, 'student', 'M');
INSERT INTO public."Profile_profile" (id, password, last_login, is_superuser, first_name, last_name, is_staff, is_active, date_joined, name, email, ph_no, role, gender) VALUES (109, '', NULL, false, '', '', false, false, '2024-02-26 08:16:56.945+00', 'SABNANI ROHIT DINESH', NULL, NULL, 'student', 'M');
INSERT INTO public."Profile_profile" (id, password, last_login, is_superuser, first_name, last_name, is_staff, is_active, date_joined, name, email, ph_no, role, gender) VALUES (110, '', NULL, false, '', '', false, false, '2024-02-26 08:16:56.991+00', 'SAHNI SOHIL AJAY', NULL, NULL, 'student', 'M');
INSERT INTO public."Profile_profile" (id, password, last_login, is_superuser, first_name, last_name, is_staff, is_active, date_joined, name, email, ph_no, role, gender) VALUES (111, '', NULL, false, '', '', false, false, '2024-02-26 08:16:57.041+00', 'SATHVARA KARAN PRAHLADBHAI', NULL, NULL, 'student', 'M');
INSERT INTO public."Profile_profile" (id, password, last_login, is_superuser, first_name, last_name, is_staff, is_active, date_joined, name, email, ph_no, role, gender) VALUES (112, '', NULL, false, '', '', false, false, '2024-02-26 08:16:57.088+00', 'SATYAPANTHI VEDANT AMIT', NULL, NULL, 'student', 'M');
INSERT INTO public."Profile_profile" (id, password, last_login, is_superuser, first_name, last_name, is_staff, is_active, date_joined, name, email, ph_no, role, gender) VALUES (113, 'pbkdf2_sha256$600000$fYzejaFIUEcZCG6cERipfg$E1tYbYjiOq3hGd7CEA2spgMW1ZiyiAfPWAaXlZYVCCA=', NULL, false, '', '', false, true, '2024-02-26 08:16:57.136+00', 'SAVALIYA DHRUV DILIPBHAI', 'savaliyadhruv48@gmail.com', NULL, 'student', 'M');
INSERT INTO public."Profile_profile" (id, password, last_login, is_superuser, first_name, last_name, is_staff, is_active, date_joined, name, email, ph_no, role, gender) VALUES (114, 'pbkdf2_sha256$600000$a8ioaEOJYmILnPnsdvBU9O$sImiRVuXB9470zx9RLIUQ/sA/uvJb34vmvTLb58eSKE=', NULL, false, '', '', false, true, '2024-02-26 08:16:57.184+00', 'SHAH AAGAM KETANKUMAR', 'aagamkshah111@gmail.com', NULL, 'student', 'M');
INSERT INTO public."Profile_profile" (id, password, last_login, is_superuser, first_name, last_name, is_staff, is_active, date_joined, name, email, ph_no, role, gender) VALUES (171, '', NULL, false, '', '', false, false, '2024-02-26 08:38:08.921+00', 'SACHIN AKLESHBHAI PRAJAPATI', NULL, NULL, 'student', 'M');
INSERT INTO public."Profile_profile" (id, password, last_login, is_superuser, first_name, last_name, is_staff, is_active, date_joined, name, email, ph_no, role, gender) VALUES (172, '', NULL, false, '', '', false, false, '2024-02-26 08:38:08.967+00', 'Divy Maheshbhai Patel', NULL, NULL, 'student', 'M');
INSERT INTO public."Profile_profile" (id, password, last_login, is_superuser, first_name, last_name, is_staff, is_active, date_joined, name, email, ph_no, role, gender) VALUES (115, 'pbkdf2_sha256$600000$nRYJCKc7C78vqprHK8oLQ4$wxMVCWM7h9fwgjkEXhgQLhQnjDpahaj5D/yTl+gi7Vs=', NULL, false, '', '', false, true, '2024-02-26 08:16:57.232+00', 'Shah Khush Bhaveshkumar', '22eckhu122@ldce.ac.in', NULL, 'student', 'M');
INSERT INTO public."Profile_profile" (id, password, last_login, is_superuser, first_name, last_name, is_staff, is_active, date_joined, name, email, ph_no, role, gender) VALUES (116, 'pbkdf2_sha256$600000$mbCR9a63ti1OlNYR2oJHpM$1OtTfs9bPKS8IY4mHdgF1SYH++IGCPcZZeleOki0LQ4=', NULL, false, '', '', false, true, '2024-02-26 08:16:57.279+00', 'SHAH KRIYA PINAL', 'kriyashah293@gmail.com', NULL, 'student', 'F');
INSERT INTO public."Profile_profile" (id, password, last_login, is_superuser, first_name, last_name, is_staff, is_active, date_joined, name, email, ph_no, role, gender) VALUES (117, 'pbkdf2_sha256$600000$xOgE7eHP1cfqxyNA0KMYwL$H/hIsGHCT2xTsoaN+j6rH3xSOTBngHyioACRQRW2nc4=', NULL, false, '', '', false, true, '2024-02-26 08:16:57.325+00', 'SHAH NAMAN VIRESHBHAI', 'naman0920.shah@gmail.com', NULL, 'student', 'M');
INSERT INTO public."Profile_profile" (id, password, last_login, is_superuser, first_name, last_name, is_staff, is_active, date_joined, name, email, ph_no, role, gender) VALUES (118, 'pbkdf2_sha256$600000$nl6hj3P1i0jNNpstDwWems$PmDgZOMPptb18cRgXqRpxVq18u64z2U5EA1F6Dip9EI=', NULL, false, '', '', false, true, '2024-02-26 08:16:57.37+00', 'SHINGALA JENIL RAMESHBHAI', 'jenilshingala99@gmail.com', NULL, 'student', 'M');
INSERT INTO public."Profile_profile" (id, password, last_login, is_superuser, first_name, last_name, is_staff, is_active, date_joined, name, email, ph_no, role, gender) VALUES (119, 'pbkdf2_sha256$600000$3SyLbhU5IThY2yezQRqiz1$T9uN4/v7hE9tGNbxhsPIJuE3oVlAfkQeS6XZ4BJBVYs=', NULL, false, '', '', false, true, '2024-02-26 08:16:57.416+00', 'SHRUTI UMESHBHAI TRIVEDI', 'trivedishruti810@gmail.com', NULL, 'student', 'F');
INSERT INTO public."Profile_profile" (id, password, last_login, is_superuser, first_name, last_name, is_staff, is_active, date_joined, name, email, ph_no, role, gender) VALUES (120, 'pbkdf2_sha256$600000$UYOQHHLCxwaEneiVjSonNd$NoC0NfCidB7k8KzR2k3pA+nuRb68ZwSo4HUauz0TDN8=', NULL, false, '', '', false, true, '2024-02-26 08:16:57.461+00', 'SINDHAV KASHYAP', 'knsindhav2005@gmail.com', NULL, 'student', 'M');
INSERT INTO public."Profile_profile" (id, password, last_login, is_superuser, first_name, last_name, is_staff, is_active, date_joined, name, email, ph_no, role, gender) VALUES (121, 'pbkdf2_sha256$600000$dbmukmSyEdv1zzgN5IOBfQ$JdLtAGS3vn8bVyjSqswVmo3eG5JjaVho2U35la/C9r8=', NULL, false, '', '', false, true, '2024-02-26 08:16:57.507+00', 'SOLANKI HARSH ARVIND', 'solankiharsh1294@gmail.com', NULL, 'student', 'M');
INSERT INTO public."Profile_profile" (id, password, last_login, is_superuser, first_name, last_name, is_staff, is_active, date_joined, name, email, ph_no, role, gender) VALUES (122, '', NULL, false, '', '', false, false, '2024-02-26 08:16:57.551+00', 'Sorathiya Meet Dineshbhai', NULL, NULL, 'student', 'M');
INSERT INTO public."Profile_profile" (id, password, last_login, is_superuser, first_name, last_name, is_staff, is_active, date_joined, name, email, ph_no, role, gender) VALUES (123, 'pbkdf2_sha256$600000$VNtYxuCfUmKHYPEc0XpURJ$5z37pDTBOhWtgp+OuCCXWclEf0/KoDIcMN2pXA+yG6o=', NULL, false, '', '', false, true, '2024-02-26 08:16:57.597+00', 'SULEGAON HENIL LAXMAN', 'henilsulegaon18@gmail.com', NULL, 'student', 'M');
INSERT INTO public."Profile_profile" (id, password, last_login, is_superuser, first_name, last_name, is_staff, is_active, date_joined, name, email, ph_no, role, gender) VALUES (124, 'pbkdf2_sha256$600000$kUb74isFrf0U7sQUdm9nlk$KX1P6KZTEypMM5J9WFxJsd8G9xcsGm4EFwAQHIGvv44=', NULL, false, '', '', false, true, '2024-02-26 08:16:57.642+00', 'Suthar HiteshKumar Shankarji', 'hiteshsk3489@gmail.com', NULL, 'student', 'M');
INSERT INTO public."Profile_profile" (id, password, last_login, is_superuser, first_name, last_name, is_staff, is_active, date_joined, name, email, ph_no, role, gender) VALUES (125, 'pbkdf2_sha256$600000$HclrLf0ooqJPFuKoCptPAv$MJX5tQvMB0FQw1/5gN9XKrfhn6+Oduyw3a17bngZuRo=', NULL, false, '', '', false, true, '2024-02-26 08:16:57.688+00', 'TAKODARA HARSH MUKESHBHAI', '22echar137@ldce.ac.in', NULL, 'student', 'M');
INSERT INTO public."Profile_profile" (id, password, last_login, is_superuser, first_name, last_name, is_staff, is_active, date_joined, name, email, ph_no, role, gender) VALUES (126, '', NULL, false, '', '', false, false, '2024-02-26 08:16:57.734+00', 'TANAY CHATURVEDI', NULL, NULL, 'student', 'M');
INSERT INTO public."Profile_profile" (id, password, last_login, is_superuser, first_name, last_name, is_staff, is_active, date_joined, name, email, ph_no, role, gender) VALUES (127, 'pbkdf2_sha256$600000$VkFi7pjUrul7RrUQR8Rc8O$sM1XfRNrfrpGI+3b6BBSQzGv1UwTzoSqE6jbe5fniJA=', NULL, false, '', '', false, true, '2024-02-26 08:16:57.782+00', 'THAKOR YASHPAL JALAMSINH', 'yashpalthakor01@gmail.com', NULL, 'student', 'M');
INSERT INTO public."Profile_profile" (id, password, last_login, is_superuser, first_name, last_name, is_staff, is_active, date_joined, name, email, ph_no, role, gender) VALUES (128, 'pbkdf2_sha256$600000$9neImNEpS1gRiaFBreq7KY$GcSsCWrFqM12YWfctnBJM9GfvjVEoLlWFl2hjkEtXLk=', NULL, false, '', '', false, true, '2024-02-26 08:16:57.831+00', 'Thakur Rishi jayprakash', 'rishijthakur@gmail.com', NULL, 'student', 'M');
INSERT INTO public."Profile_profile" (id, password, last_login, is_superuser, first_name, last_name, is_staff, is_active, date_joined, name, email, ph_no, role, gender) VALUES (129, 'pbkdf2_sha256$600000$X4mHcYYRB4Ckfx1pO9b0aB$PbbZkoCD9WD0YV7IFFSi8RJDKcs0qzduoNJgyxqx9yQ=', NULL, false, '', '', false, true, '2024-02-26 08:16:57.877+00', 'THUMAR UTSAV SUBHASHBHAI', 'utsavthumar123@gmail.com', NULL, 'student', 'M');
INSERT INTO public."Profile_profile" (id, password, last_login, is_superuser, first_name, last_name, is_staff, is_active, date_joined, name, email, ph_no, role, gender) VALUES (130, 'pbkdf2_sha256$600000$YHrlKukWpqewbJxC6NiH07$YqjOxdNPuJcbi72IF2gBGPloy30hyMPI+yEVO3CqskQ=', NULL, false, '', '', false, true, '2024-02-26 08:16:57.923+00', 'TIRTHKUMAR', '22ecpat143@ldce.ac.in', NULL, 'student', 'M');
INSERT INTO public."Profile_profile" (id, password, last_login, is_superuser, first_name, last_name, is_staff, is_active, date_joined, name, email, ph_no, role, gender) VALUES (131, 'pbkdf2_sha256$600000$TChe02d1h8TJzsm8R6lAgQ$p0gTq2rq3FZoLeXRP8PbSSLYrMI88JVI65+sfEb98sI=', NULL, false, '', '', false, true, '2024-02-26 08:16:57.969+00', 'TRIVEDI JAGRAT VISHVESHKUMAR', 'jvt1495@gmail.com', NULL, 'student', 'M');
INSERT INTO public."Profile_profile" (id, password, last_login, is_superuser, first_name, last_name, is_staff, is_active, date_joined, name, email, ph_no, role, gender) VALUES (132, '', NULL, false, '', '', false, false, '2024-02-26 08:16:58.016+00', 'Vaghasiya Meet Bharatbhai', NULL, NULL, 'student', 'M');
INSERT INTO public."Profile_profile" (id, password, last_login, is_superuser, first_name, last_name, is_staff, is_active, date_joined, name, email, ph_no, role, gender) VALUES (133, '', NULL, false, '', '', false, false, '2024-02-26 08:16:58.06+00', 'VAGHELA KAUSHIKBHAI LAKHABHAI', NULL, NULL, 'student', 'M');
INSERT INTO public."Profile_profile" (id, password, last_login, is_superuser, first_name, last_name, is_staff, is_active, date_joined, name, email, ph_no, role, gender) VALUES (134, '', NULL, false, '', '', false, false, '2024-02-26 08:16:58.107+00', 'VAGHELA VRAJKUMAR RAVINDRABHAI', NULL, NULL, 'student', 'M');
INSERT INTO public."Profile_profile" (id, password, last_login, is_superuser, first_name, last_name, is_staff, is_active, date_joined, name, email, ph_no, role, gender) VALUES (135, 'pbkdf2_sha256$600000$YOm6sIO3cbQFAIusxlnGAV$EUtjKAJGZ3sI3tzL0usCKpCkRI2BSDRqpdQldVYpUsA=', NULL, false, '', '', false, true, '2024-02-26 08:16:58.161+00', 'VANIYA RONAK ASHOKKUMAR', '22ecron150@ldce.ac.in', NULL, 'student', 'M');
INSERT INTO public."Profile_profile" (id, password, last_login, is_superuser, first_name, last_name, is_staff, is_active, date_joined, name, email, ph_no, role, gender) VALUES (136, 'pbkdf2_sha256$600000$UuTMT2apL59BXlRS5bwcBJ$8t3xx1Cn8onfHieYqVFGi0GQgU+F5uFkRuTVRJDhm90=', NULL, false, '', '', false, true, '2024-02-26 08:16:58.207+00', 'VARDE ADITYA VIKRAMBHAI', '22ecadi151@ldce.ac.in', NULL, 'student', 'M');
INSERT INTO public."Profile_profile" (id, password, last_login, is_superuser, first_name, last_name, is_staff, is_active, date_joined, name, email, ph_no, role, gender) VALUES (137, 'pbkdf2_sha256$600000$om0YVZTpAaA3Kx4V8aTXCc$iEq9zgtz89dfNHjAWP5rq1pxZCB/vH1OgeatiFCKvz8=', NULL, false, '', '', false, true, '2024-02-26 08:16:58.252+00', 'VASITA MIHIR SURESHBHAI', 'mihirvasita05@gmail.com', NULL, 'student', 'M');
INSERT INTO public."Profile_profile" (id, password, last_login, is_superuser, first_name, last_name, is_staff, is_active, date_joined, name, email, ph_no, role, gender) VALUES (138, 'pbkdf2_sha256$600000$7uvjebhfLAJreEDePJAo5Y$q19LSey0C+MzsM1IT2j2HrcEX8SamQGM84lA4mf/3Xo=', NULL, false, '', '', false, true, '2024-02-26 08:16:58.297+00', 'VISHVAM RATHOD', '22ecvis153@ldce.ac.in', NULL, 'student', 'M');
INSERT INTO public."Profile_profile" (id, password, last_login, is_superuser, first_name, last_name, is_staff, is_active, date_joined, name, email, ph_no, role, gender) VALUES (139, 'pbkdf2_sha256$600000$3jDr43Snji0yQDyLIXn4A2$JpuYDkPyoTX9Jl4XtHJgW5zhUS6nOJJitZowKsExiig=', NULL, false, '', '', false, true, '2024-02-26 08:16:58.34+00', 'Vyas Dhaval Nileshbhai', '22ecvya154@ldce.ac.in', NULL, 'student', 'M');
INSERT INTO public."Profile_profile" (id, password, last_login, is_superuser, first_name, last_name, is_staff, is_active, date_joined, name, email, ph_no, role, gender) VALUES (140, '', NULL, false, '', '', false, false, '2024-02-26 08:16:58.382+00', 'YADAV SHYAMBABU ANILKUMAR', NULL, NULL, 'student', 'M');
INSERT INTO public."Profile_profile" (id, password, last_login, is_superuser, first_name, last_name, is_staff, is_active, date_joined, name, email, ph_no, role, gender) VALUES (141, '', NULL, false, '', '', false, false, '2024-02-26 08:16:58.43+00', 'ZALA KARAN AJAYBHAI', NULL, NULL, 'student', 'M');
INSERT INTO public."Profile_profile" (id, password, last_login, is_superuser, first_name, last_name, is_staff, is_active, date_joined, name, email, ph_no, role, gender) VALUES (142, '', NULL, false, '', '', false, false, '2024-02-26 08:16:58.476+00', 'ADJANE ROSSANA RAMOS GASPAR', NULL, NULL, 'student', 'M');
INSERT INTO public."Profile_profile" (id, password, last_login, is_superuser, first_name, last_name, is_staff, is_active, date_joined, name, email, ph_no, role, gender) VALUES (143, '', NULL, false, '', '', false, false, '2024-02-26 08:16:58.522+00', 'patel dev kiranbhai', NULL, NULL, 'student', 'M');
INSERT INTO public."Profile_profile" (id, password, last_login, is_superuser, first_name, last_name, is_staff, is_active, date_joined, name, email, ph_no, role, gender) VALUES (144, '', NULL, false, '', '', false, false, '2024-02-26 08:16:58.567+00', 'PATEL DEVARSH MAHENDRABHAI', NULL, NULL, 'student', 'M');
INSERT INTO public."Profile_profile" (id, password, last_login, is_superuser, first_name, last_name, is_staff, is_active, date_joined, name, email, ph_no, role, gender) VALUES (145, '', NULL, false, '', '', false, false, '2024-02-26 08:16:58.613+00', 'Patel Mohit Rajendrabhai', NULL, NULL, 'student', 'M');
INSERT INTO public."Profile_profile" (id, password, last_login, is_superuser, first_name, last_name, is_staff, is_active, date_joined, name, email, ph_no, role, gender) VALUES (146, '', NULL, false, '', '', false, false, '2024-02-26 08:16:58.657+00', 'PATEL OM BIPINCHANDRA', NULL, NULL, 'student', 'M');
INSERT INTO public."Profile_profile" (id, password, last_login, is_superuser, first_name, last_name, is_staff, is_active, date_joined, name, email, ph_no, role, gender) VALUES (147, '', NULL, false, '', '', false, false, '2024-02-26 08:16:58.702+00', 'patel vansh ghanshyam', NULL, NULL, 'student', 'M');
INSERT INTO public."Profile_profile" (id, password, last_login, is_superuser, first_name, last_name, is_staff, is_active, date_joined, name, email, ph_no, role, gender) VALUES (148, '', NULL, false, '', '', false, false, '2024-02-26 08:16:58.748+00', 'PATHAR MANISH VALJEEBHAI', NULL, NULL, 'student', 'M');
INSERT INTO public."Profile_profile" (id, password, last_login, is_superuser, first_name, last_name, is_staff, is_active, date_joined, name, email, ph_no, role, gender) VALUES (149, '', NULL, false, '', '', false, false, '2024-02-26 08:16:58.792+00', 'Pilojpara Vivek Jiteshbhai', NULL, NULL, 'student', 'M');
INSERT INTO public."Profile_profile" (id, password, last_login, is_superuser, first_name, last_name, is_staff, is_active, date_joined, name, email, ph_no, role, gender) VALUES (150, '', NULL, false, '', '', false, false, '2024-02-26 08:16:58.836+00', 'RAJPUT RIYA MAHENDRAPRATAP', NULL, NULL, 'student', 'F');
INSERT INTO public."Profile_profile" (id, password, last_login, is_superuser, first_name, last_name, is_staff, is_active, date_joined, name, email, ph_no, role, gender) VALUES (151, '', NULL, false, '', '', false, false, '2024-02-26 08:16:58.882+00', 'RAJVEER GIRASE', NULL, NULL, 'student', 'M');
INSERT INTO public."Profile_profile" (id, password, last_login, is_superuser, first_name, last_name, is_staff, is_active, date_joined, name, email, ph_no, role, gender) VALUES (152, '', NULL, false, '', '', false, false, '2024-02-26 08:16:58.927+00', 'RATHOD AYUSH VINODSINH', NULL, NULL, 'student', 'M');
INSERT INTO public."Profile_profile" (id, password, last_login, is_superuser, first_name, last_name, is_staff, is_active, date_joined, name, email, ph_no, role, gender) VALUES (153, 'pbkdf2_sha256$600000$cbtERYA6jodoKzSHN245lu$0OgllyQIa4nUijEyx8WhkdXf8sG2anof1qQyqEw5bPI=', NULL, false, '', '', false, true, '2024-02-26 08:16:58.971+00', 'RATHOD PARTH JIGNESHBHAI', 'parthj7105@gmail.com', NULL, 'student', 'M');
INSERT INTO public."Profile_profile" (id, password, last_login, is_superuser, first_name, last_name, is_staff, is_active, date_joined, name, email, ph_no, role, gender) VALUES (154, '', NULL, false, '', '', false, false, '2024-02-26 08:16:59.015+00', 'Sarteja Veer Kaushikbhai', NULL, NULL, 'student', 'M');
INSERT INTO public."Profile_profile" (id, password, last_login, is_superuser, first_name, last_name, is_staff, is_active, date_joined, name, email, ph_no, role, gender) VALUES (155, '', NULL, false, '', '', false, false, '2024-02-26 08:16:59.067+00', 'Sejpal Viraj Atulbhai', NULL, NULL, 'student', 'M');
INSERT INTO public."Profile_profile" (id, password, last_login, is_superuser, first_name, last_name, is_staff, is_active, date_joined, name, email, ph_no, role, gender) VALUES (156, '', NULL, false, '', '', false, false, '2024-02-26 08:16:59.112+00', 'SHAH HONEY PRAKASHBHAI', NULL, NULL, 'student', 'F');
INSERT INTO public."Profile_profile" (id, password, last_login, is_superuser, first_name, last_name, is_staff, is_active, date_joined, name, email, ph_no, role, gender) VALUES (157, '', NULL, false, '', '', false, false, '2024-02-26 08:16:59.157+00', 'Shah Kashvi Binit', NULL, NULL, 'student', 'F');
INSERT INTO public."Profile_profile" (id, password, last_login, is_superuser, first_name, last_name, is_staff, is_active, date_joined, name, email, ph_no, role, gender) VALUES (158, '', NULL, false, '', '', false, false, '2024-02-26 08:16:59.203+00', 'SHARMA PRIYANSHU BHUPENDRAKUMAR', NULL, NULL, 'student', 'F');
INSERT INTO public."Profile_profile" (id, password, last_login, is_superuser, first_name, last_name, is_staff, is_active, date_joined, name, email, ph_no, role, gender) VALUES (159, '', NULL, false, '', '', false, false, '2024-02-26 08:16:59.248+00', 'SHRIMALI AARTI MUKUNDBHAI', NULL, NULL, 'student', 'F');
INSERT INTO public."Profile_profile" (id, password, last_login, is_superuser, first_name, last_name, is_staff, is_active, date_joined, name, email, ph_no, role, gender) VALUES (160, '', NULL, false, '', '', false, false, '2024-02-26 08:16:59.295+00', 'SIDDHAPURA YASH MUKESHBHAI', NULL, NULL, 'student', 'M');
INSERT INTO public."Profile_profile" (id, password, last_login, is_superuser, first_name, last_name, is_staff, is_active, date_joined, name, email, ph_no, role, gender) VALUES (161, '', NULL, false, '', '', false, false, '2024-02-26 08:16:59.341+00', 'SINDHAV KISHAN DINESHBHAI', NULL, NULL, 'student', 'M');
INSERT INTO public."Profile_profile" (id, password, last_login, is_superuser, first_name, last_name, is_staff, is_active, date_joined, name, email, ph_no, role, gender) VALUES (162, '', NULL, false, '', '', false, false, '2024-02-26 08:16:59.387+00', 'SINGH JEEVESH VISHWAVIJAY', NULL, NULL, 'student', 'M');
INSERT INTO public."Profile_profile" (id, password, last_login, is_superuser, first_name, last_name, is_staff, is_active, date_joined, name, email, ph_no, role, gender) VALUES (163, '', NULL, false, '', '', false, false, '2024-02-26 08:16:59.434+00', 'Singh Rishu Padum', NULL, NULL, 'student', 'M');
INSERT INTO public."Profile_profile" (id, password, last_login, is_superuser, first_name, last_name, is_staff, is_active, date_joined, name, email, ph_no, role, gender) VALUES (164, '', NULL, false, '', '', false, false, '2024-02-26 08:16:59.48+00', 'SONI HARSH PRAGNESHKUMAR', NULL, NULL, 'student', 'M');
INSERT INTO public."Profile_profile" (id, password, last_login, is_superuser, first_name, last_name, is_staff, is_active, date_joined, name, email, ph_no, role, gender) VALUES (165, '', NULL, false, '', '', false, false, '2024-02-26 08:16:59.527+00', 'Surti Dhvanik Hareshbhai', NULL, NULL, 'student', 'M');
INSERT INTO public."Profile_profile" (id, password, last_login, is_superuser, first_name, last_name, is_staff, is_active, date_joined, name, email, ph_no, role, gender) VALUES (166, '', NULL, false, '', '', false, false, '2024-02-26 08:16:59.573+00', 'Thakar Samir Anilkumar', NULL, NULL, 'student', 'M');
INSERT INTO public."Profile_profile" (id, password, last_login, is_superuser, first_name, last_name, is_staff, is_active, date_joined, name, email, ph_no, role, gender) VALUES (167, '', NULL, false, '', '', false, false, '2024-02-26 08:16:59.62+00', 'Sakshi Mehra', NULL, NULL, 'student', 'F');
INSERT INTO public."Profile_profile" (id, password, last_login, is_superuser, first_name, last_name, is_staff, is_active, date_joined, name, email, ph_no, role, gender) VALUES (168, 'pbkdf2_sha256$600000$e3v7z44cUo16sdRE3Q5f18$DIQUX8WkGQfpK8sw46d/wCcVA6A38ZdtJwWgwSU8PEA=', NULL, true, '', '', true, true, '2024-02-26 08:21:18.327+00', 'Manav Shah', 'manav1011@mnv-dev.live', '9925717005', 'admin', 'M');
INSERT INTO public."Profile_profile" (id, password, last_login, is_superuser, first_name, last_name, is_staff, is_active, date_joined, name, email, ph_no, role, gender) VALUES (169, 'pbkdf2_sha256$600000$UBZD0SvVt1OuZTHvnruy8R$cecHgLR5MR5+wH61fjnV+cMjYlKF47Zu6gIionc7PwU=', NULL, false, '', '', false, true, '2024-02-26 08:38:08.825+00', 'Ashishbhai Reshiyabhai Rathawa', '21csash125@ldce.ac.in', NULL, 'student', 'M');
INSERT INTO public."Profile_profile" (id, password, last_login, is_superuser, first_name, last_name, is_staff, is_active, date_joined, name, email, ph_no, role, gender) VALUES (170, 'pbkdf2_sha256$600000$L3fxxhmIRK8Z44xq0BEN9E$EtYtOW3iblM+UYpR/as0ww6J//mo5jUKq6ciI3f9F+Y=', NULL, false, '', '', false, true, '2024-02-26 08:38:08.874+00', 'JAYESH PRAVINBHAI ROSHIYA', '21csjay126@ldce.ac.in', NULL, 'student', 'M');
INSERT INTO public."Profile_profile" (id, password, last_login, is_superuser, first_name, last_name, is_staff, is_active, date_joined, name, email, ph_no, role, gender) VALUES (173, 'pbkdf2_sha256$600000$QkLnTkkdjOR4sidyBJWARz$H0cFsP478WFIdiOM7oOIMFVtVb++TbZv4R7lVWLvUI8=', NULL, false, '', '', false, true, '2024-02-26 08:38:09.013+00', 'DAMOR KAUSHIKKUMAR KAMLESHBHAI', 'kaushik108195@gmail.com', NULL, 'student', 'M');
INSERT INTO public."Profile_profile" (id, password, last_login, is_superuser, first_name, last_name, is_staff, is_active, date_joined, name, email, ph_no, role, gender) VALUES (174, '', NULL, false, '', '', false, false, '2024-02-26 08:38:09.062+00', 'Meet Umangkumar Shah', NULL, NULL, 'student', 'M');
INSERT INTO public."Profile_profile" (id, password, last_login, is_superuser, first_name, last_name, is_staff, is_active, date_joined, name, email, ph_no, role, gender) VALUES (175, '', NULL, false, '', '', false, false, '2024-02-26 08:38:09.11+00', 'Krisha Vrujlal Kothadiya', NULL, NULL, 'student', 'F');
INSERT INTO public."Profile_profile" (id, password, last_login, is_superuser, first_name, last_name, is_staff, is_active, date_joined, name, email, ph_no, role, gender) VALUES (176, '', NULL, false, '', '', false, false, '2024-02-26 08:38:09.159+00', 'RATHOD VIJAYSINH ISHWARSINH', NULL, NULL, 'student', 'M');
INSERT INTO public."Profile_profile" (id, password, last_login, is_superuser, first_name, last_name, is_staff, is_active, date_joined, name, email, ph_no, role, gender) VALUES (177, '', NULL, false, '', '', false, false, '2024-02-26 08:38:09.21+00', 'Dev Umeshkumar Patel', NULL, NULL, 'student', 'M');
INSERT INTO public."Profile_profile" (id, password, last_login, is_superuser, first_name, last_name, is_staff, is_active, date_joined, name, email, ph_no, role, gender) VALUES (178, '', NULL, false, '', '', false, false, '2024-02-26 08:38:09.26+00', 'Udai Bhat', NULL, NULL, 'student', 'M');
INSERT INTO public."Profile_profile" (id, password, last_login, is_superuser, first_name, last_name, is_staff, is_active, date_joined, name, email, ph_no, role, gender) VALUES (179, 'pbkdf2_sha256$600000$FIP9KDWtUpaL2pan8vaqYi$wB7XXq4tY5G40onQbrDwwlwapiLCRp30mn90QIy/dic=', NULL, false, '', '', false, true, '2024-02-26 08:38:09.308+00', 'Bhalsod Nidhi Kamleshbhai', '22csnid002@ldce.ac.in', NULL, 'student', 'F');
INSERT INTO public."Profile_profile" (id, password, last_login, is_superuser, first_name, last_name, is_staff, is_active, date_joined, name, email, ph_no, role, gender) VALUES (180, 'pbkdf2_sha256$600000$hyzUVJBkQKEAejHLXZkufE$Mk+0937pAvancBZsaWLOd4mPkT4kSkTLaFkXNC8tV6U=', NULL, false, '', '', false, true, '2024-02-26 08:38:09.354+00', 'BHATT AMANKUMAR ANANDKUMAR', 'amansevak123@gmail.com', NULL, 'student', 'M');
INSERT INTO public."Profile_profile" (id, password, last_login, is_superuser, first_name, last_name, is_staff, is_active, date_joined, name, email, ph_no, role, gender) VALUES (181, 'pbkdf2_sha256$600000$6NyKCw1WcShlddCNxMHTmx$KZlV60S7kTni8Zwk4Cz5yuozvu7ghtVt1Mc8pHTlGQg=', NULL, false, '', '', false, true, '2024-02-26 08:38:09.399+00', 'Dhara Mahendrabhai Chaudhari', 'chaudharidhara2781@gmail.com', NULL, 'student', 'F');
INSERT INTO public."Profile_profile" (id, password, last_login, is_superuser, first_name, last_name, is_staff, is_active, date_joined, name, email, ph_no, role, gender) VALUES (182, '', NULL, false, '', '', false, false, '2024-02-26 08:38:09.446+00', 'Priyanka Jayeshkumar Dalwadi', NULL, NULL, 'student', 'F');
INSERT INTO public."Profile_profile" (id, password, last_login, is_superuser, first_name, last_name, is_staff, is_active, date_joined, name, email, ph_no, role, gender) VALUES (183, '', NULL, false, '', '', false, false, '2024-02-26 08:38:09.491+00', 'Sanjana Dineshbhai Gamit', NULL, NULL, 'student', 'F');
INSERT INTO public."Profile_profile" (id, password, last_login, is_superuser, first_name, last_name, is_staff, is_active, date_joined, name, email, ph_no, role, gender) VALUES (184, '', NULL, false, '', '', false, false, '2024-02-26 08:38:09.538+00', 'Mahek Chandrakantbhai Gohil', NULL, NULL, 'student', 'F');
INSERT INTO public."Profile_profile" (id, password, last_login, is_superuser, first_name, last_name, is_staff, is_active, date_joined, name, email, ph_no, role, gender) VALUES (185, 'pbkdf2_sha256$600000$DGDSyL7uNDke41zJMlr02T$vkxvIrQMawTuEsOyD3JAt+KFQ2b8j0LE3tdybgT8mdE=', NULL, false, '', '', false, true, '2024-02-26 08:38:09.583+00', 'GOHIL MAYUR KISHORBHAI', 'mkg15122003@gmail.com', NULL, 'student', 'M');
INSERT INTO public."Profile_profile" (id, password, last_login, is_superuser, first_name, last_name, is_staff, is_active, date_joined, name, email, ph_no, role, gender) VALUES (186, '', NULL, false, '', '', false, false, '2024-02-26 08:38:09.628+00', 'Nidhi Nileshbhai Jajal', NULL, NULL, 'student', 'F');
INSERT INTO public."Profile_profile" (id, password, last_login, is_superuser, first_name, last_name, is_staff, is_active, date_joined, name, email, ph_no, role, gender) VALUES (187, 'pbkdf2_sha256$600000$XQLx6BhbGCgObq96VLG2gB$wmImu78HgIYyIekzw9hwfll7JVjyEHJA848R0fToT5o=', NULL, false, '', '', false, true, '2024-02-26 08:38:09.673+00', 'Shubh mukesh Kachhadiya', 'shubhkachhadiya04@gmail.com', NULL, 'student', 'M');
INSERT INTO public."Profile_profile" (id, password, last_login, is_superuser, first_name, last_name, is_staff, is_active, date_joined, name, email, ph_no, role, gender) VALUES (188, 'pbkdf2_sha256$600000$vMl9tsEZPMqqIEpRhShMPm$FIMezV4O4mc+LeoUuJptooNXrsmN7/3dJ8In+9pqV8c=', NULL, false, '', '', false, true, '2024-02-26 08:38:09.719+00', 'MAGDANI DIPEN HARESHBHAI', 'dipenmagdani@gmail.com', NULL, 'student', 'M');
INSERT INTO public."Profile_profile" (id, password, last_login, is_superuser, first_name, last_name, is_staff, is_active, date_joined, name, email, ph_no, role, gender) VALUES (189, 'pbkdf2_sha256$600000$FDYdRMLdtOZEVU4wVm2t4g$+w0B0uMwdHv83EwHnM0PBjztizLV7Im3/MoUi7S7FUI=', NULL, false, '', '', false, true, '2024-02-26 08:38:09.764+00', 'MODI PRIYA DINESHKUMAR', '22cspri014@ldce.ac.in', NULL, 'student', 'F');
INSERT INTO public."Profile_profile" (id, password, last_login, is_superuser, first_name, last_name, is_staff, is_active, date_joined, name, email, ph_no, role, gender) VALUES (190, '', NULL, false, '', '', false, false, '2024-02-26 08:38:09.809+00', 'RINABEN SITARAMBHAI NIMBAL', NULL, NULL, 'student', 'F');
INSERT INTO public."Profile_profile" (id, password, last_login, is_superuser, first_name, last_name, is_staff, is_active, date_joined, name, email, ph_no, role, gender) VALUES (191, 'pbkdf2_sha256$600000$9rJLbi6aAsNOnotKnZ4a1b$is7qlq1wPd8X50Nl+4paYXaEVezFkNo3JTCNSgmW9ms=', NULL, false, '', '', false, true, '2024-02-26 08:38:09.854+00', 'PANCHAL DHRUMIL VINAYKUMAR', 'dhrumilpanchal1434@gmail.com', NULL, 'student', 'M');
INSERT INTO public."Profile_profile" (id, password, last_login, is_superuser, first_name, last_name, is_staff, is_active, date_joined, name, email, ph_no, role, gender) VALUES (192, '', NULL, false, '', '', false, false, '2024-02-26 08:38:09.91+00', 'Rohan Nayan Panchasara', NULL, NULL, 'student', 'M');
INSERT INTO public."Profile_profile" (id, password, last_login, is_superuser, first_name, last_name, is_staff, is_active, date_joined, name, email, ph_no, role, gender) VALUES (193, 'pbkdf2_sha256$600000$dnynpJ0jy0xYb9SPVFFpzy$FKrEBkWFhhYh2ROTCJWKVWnpgNrkmZGEV3VbqVVIs20=', NULL, false, '', '', false, true, '2024-02-26 08:38:09.958+00', 'Harsh Natwarbhai Parmar', 'parmarharsh901@gmail.com', NULL, 'student', 'M');
INSERT INTO public."Profile_profile" (id, password, last_login, is_superuser, first_name, last_name, is_staff, is_active, date_joined, name, email, ph_no, role, gender) VALUES (194, '', NULL, false, '', '', false, false, '2024-02-26 08:38:10.003+00', 'Shraddha Ishwarbhai Parmar', NULL, NULL, 'student', 'F');
INSERT INTO public."Profile_profile" (id, password, last_login, is_superuser, first_name, last_name, is_staff, is_active, date_joined, name, email, ph_no, role, gender) VALUES (195, 'pbkdf2_sha256$600000$ewnBu8dSSHmG4l0OByMGCs$U5a2OFKb9RhwRwrLM8/ESn+6fu0DAyAywjw96EEuCAA=', NULL, false, '', '', false, true, '2024-02-26 08:38:10.048+00', 'Cherish Patel', 'cherishpatel6801@gmail.com', NULL, 'student', 'M');
INSERT INTO public."Profile_profile" (id, password, last_login, is_superuser, first_name, last_name, is_staff, is_active, date_joined, name, email, ph_no, role, gender) VALUES (196, 'pbkdf2_sha256$600000$mBle8k2jhbp7GprfMwNwyW$yyworl8+uQXB0/jRULB0jPazdKJtzc9SuAd7XbQlpxY=', NULL, false, '', '', false, true, '2024-02-26 08:38:10.096+00', 'Drashti Hareshkumar Patel', 'drashti27503@gmail.com', NULL, 'student', 'F');
INSERT INTO public."Profile_profile" (id, password, last_login, is_superuser, first_name, last_name, is_staff, is_active, date_joined, name, email, ph_no, role, gender) VALUES (197, 'pbkdf2_sha256$600000$meXoftYCe7UgR2YS4nOSQd$a1TxV28Oewd2EJ/CwgoPDdUHMx0krSYqAIWUYrDHMZg=', NULL, false, '', '', false, true, '2024-02-26 08:38:10.145+00', 'Patel Krish Mahendra', 'kp154206@gmail.com', NULL, 'student', 'M');
INSERT INTO public."Profile_profile" (id, password, last_login, is_superuser, first_name, last_name, is_staff, is_active, date_joined, name, email, ph_no, role, gender) VALUES (198, 'pbkdf2_sha256$600000$PbXqzJJWmgHoCxcO4dcgpr$7gfSQUfEo7hJyDHj9z7zF0focS/8NzaP74qhNWsE6rg=', NULL, false, '', '', false, true, '2024-02-26 08:38:10.192+00', 'Tathya Hemantkumar Patel', 'spidysalvatore9@gmail.com', NULL, 'student', 'M');
INSERT INTO public."Profile_profile" (id, password, last_login, is_superuser, first_name, last_name, is_staff, is_active, date_joined, name, email, ph_no, role, gender) VALUES (199, '', NULL, false, '', '', false, false, '2024-02-26 08:38:10.238+00', 'PATEL TEJALKUMARI THAKORBHAI', NULL, NULL, 'student', 'F');
INSERT INTO public."Profile_profile" (id, password, last_login, is_superuser, first_name, last_name, is_staff, is_active, date_joined, name, email, ph_no, role, gender) VALUES (200, 'pbkdf2_sha256$600000$hVYQyfCA3G5y5EyFFVlKdT$+5aTAGowoQh3P8r2zPY9ljmRlfN/cXUAk9BpPzO/NNA=', NULL, false, '', '', false, true, '2024-02-26 08:38:10.283+00', 'Patel Vaishnavi Manoj', 'patelvaishnavim@gmail.com', NULL, 'student', 'F');
INSERT INTO public."Profile_profile" (id, password, last_login, is_superuser, first_name, last_name, is_staff, is_active, date_joined, name, email, ph_no, role, gender) VALUES (201, 'pbkdf2_sha256$600000$1qPITtZJRuX8nyub8pAH1a$jEotBI4rH/o+npFnHt6ILhgj5EmwwRoEki6jz5Lxsbk=', NULL, false, '', '', false, true, '2024-02-26 08:38:10.329+00', 'NIHAL SURYAKANT RAJPAL', 'imdev.nihal@gmail.com', NULL, 'student', 'M');
INSERT INTO public."Profile_profile" (id, password, last_login, is_superuser, first_name, last_name, is_staff, is_active, date_joined, name, email, ph_no, role, gender) VALUES (202, 'pbkdf2_sha256$600000$hcepfyt7xL21MR2y4DCuKW$Uzo4ldqyb4QeO4H+6zoaoNVDREKvWWyJmFggevhOVlA=', NULL, false, '', '', false, true, '2024-02-26 08:38:10.374+00', 'RATHOD SHUBHAM RAJESHKUMAR', 'shubhamrathod0111@gmail.com', NULL, 'student', 'M');
INSERT INTO public."Profile_profile" (id, password, last_login, is_superuser, first_name, last_name, is_staff, is_active, date_joined, name, email, ph_no, role, gender) VALUES (203, 'pbkdf2_sha256$600000$Q0tgAecut1lfZ7FalanE46$TyffgkD79VD6FlVqTbZDl0hmVWTvprrs4Wd90MkTUeg=', NULL, false, '', '', false, true, '2024-02-26 08:38:10.421+00', 'Raval Jeet Nitinkumar', 'jeet.raval303@gmail.com', NULL, 'student', 'M');
INSERT INTO public."Profile_profile" (id, password, last_login, is_superuser, first_name, last_name, is_staff, is_active, date_joined, name, email, ph_no, role, gender) VALUES (204, 'pbkdf2_sha256$600000$NM7zzxJ33tvJroUJ0JQOPg$Ij7Z935C7HLFNX5Je75c7eLkLmdBt8xWDREpj5CPmjc=', NULL, false, '', '', false, true, '2024-02-26 08:38:10.467+00', 'Manav Kaushalkumar Shah', '22csman033@ldce.ac.in', NULL, 'student', 'M');
INSERT INTO public."Profile_profile" (id, password, last_login, is_superuser, first_name, last_name, is_staff, is_active, date_joined, name, email, ph_no, role, gender) VALUES (205, 'pbkdf2_sha256$600000$xoveQNNJNpvFibUDTn2MnH$glVfe8KRTD2psX3BJMH4Fgq3cjNdWRR6FDhS4vH/bsc=', NULL, false, '', '', false, true, '2024-02-26 08:38:10.513+00', 'SIDDHAPURA TRUSHTI MAHESHBHAI', '22cstru035@ldce.ac.in', NULL, 'student', 'F');
INSERT INTO public."Profile_profile" (id, password, last_login, is_superuser, first_name, last_name, is_staff, is_active, date_joined, name, email, ph_no, role, gender) VALUES (206, '', NULL, false, '', '', false, false, '2024-02-26 08:38:10.561+00', 'SINGH PREM SHIVPOOJAN', NULL, NULL, 'student', 'M');
INSERT INTO public."Profile_profile" (id, password, last_login, is_superuser, first_name, last_name, is_staff, is_active, date_joined, name, email, ph_no, role, gender) VALUES (207, 'pbkdf2_sha256$600000$2gZKzwicaxYXHaHMvkRala$jRip6X59qeb+zqno8JkPYxOo/go0agMIK1S6B1z0/Ls=', NULL, false, '', '', false, true, '2024-02-26 08:38:10.606+00', 'SOLANKI UJASH PRAHLADBHAI', 'solankiujash2802@gmail.com', NULL, 'student', 'M');
INSERT INTO public."Profile_profile" (id, password, last_login, is_superuser, first_name, last_name, is_staff, is_active, date_joined, name, email, ph_no, role, gender) VALUES (208, '', NULL, false, '', '', false, false, '2024-02-26 08:38:10.654+00', 'Sondarava ketan Sanjaybhai', NULL, NULL, 'student', 'M');
INSERT INTO public."Profile_profile" (id, password, last_login, is_superuser, first_name, last_name, is_staff, is_active, date_joined, name, email, ph_no, role, gender) VALUES (209, 'pbkdf2_sha256$600000$ETbdAFtwafw9bEyvtVjA51$1GfEGRl+/8VJktv6mmQYWDRLswrP3jsKSK6HvUB14xU=', NULL, false, '', '', false, true, '2024-02-26 08:38:10.7+00', 'Vaghela Bhavesh Gunabhai', 'bhaveshvaghela4545@gmail.com', NULL, 'student', 'M');
INSERT INTO public."Profile_profile" (id, password, last_login, is_superuser, first_name, last_name, is_staff, is_active, date_joined, name, email, ph_no, role, gender) VALUES (210, 'pbkdf2_sha256$600000$Sn6sTKV16oARoMfyxk4vtM$0ZBYPI0uZSWo1c/TR98Rya21l+f5DBndcu8p4BjDaJc=', NULL, false, '', '', false, true, '2024-02-26 08:38:10.746+00', 'TANK NIDHI GOVINDBHAI', '21csnid023@ldce.ac.in', NULL, 'student', 'F');
INSERT INTO public."Profile_profile" (id, password, last_login, is_superuser, first_name, last_name, is_staff, is_active, date_joined, name, email, ph_no, role, gender) VALUES (211, '', NULL, false, '', '', false, false, '2024-02-26 08:38:10.791+00', 'Raja G Jha', NULL, NULL, 'student', 'M');
INSERT INTO public."Profile_profile" (id, password, last_login, is_superuser, first_name, last_name, is_staff, is_active, date_joined, name, email, ph_no, role, gender) VALUES (212, '', NULL, false, '', '', false, false, '2024-02-26 08:38:10.837+00', 'Smit Vijaybhai Mehta', NULL, NULL, 'student', 'M');
INSERT INTO public."Profile_profile" (id, password, last_login, is_superuser, first_name, last_name, is_staff, is_active, date_joined, name, email, ph_no, role, gender) VALUES (213, '', NULL, false, '', '', false, false, '2024-02-26 08:38:10.884+00', 'Himani Akshaybhai Trivedi', NULL, NULL, 'student', 'F');
INSERT INTO public."Profile_profile" (id, password, last_login, is_superuser, first_name, last_name, is_staff, is_active, date_joined, name, email, ph_no, role, gender) VALUES (214, 'pbkdf2_sha256$600000$9LklK1YVE4OwK2vQJ7EAsN$SZ1HGeTqcCPUSope+4oFRbMysM/SOzPlCisiNbppZrs=', NULL, false, '', '', false, true, '2024-02-26 08:38:10.929+00', 'Aryan Himanshu Wala', 'aryanwala@gmail.com', NULL, 'student', 'M');
INSERT INTO public."Profile_profile" (id, password, last_login, is_superuser, first_name, last_name, is_staff, is_active, date_joined, name, email, ph_no, role, gender) VALUES (215, '', NULL, false, '', '', false, false, '2024-02-26 08:38:10.974+00', 'HAPPY RAMNIKBHAI DOBARIYA', NULL, NULL, 'student', 'M');
INSERT INTO public."Profile_profile" (id, password, last_login, is_superuser, first_name, last_name, is_staff, is_active, date_joined, name, email, ph_no, role, gender) VALUES (216, '', NULL, false, '', '', false, false, '2024-02-26 08:38:11.02+00', 'Divya DipakKumar Halpati', NULL, NULL, 'student', 'F');
INSERT INTO public."Profile_profile" (id, password, last_login, is_superuser, first_name, last_name, is_staff, is_active, date_joined, name, email, ph_no, role, gender) VALUES (217, '', NULL, false, '', '', false, false, '2024-02-26 08:38:11.065+00', 'Naliyadhara Henish Kantibhai', NULL, NULL, 'student', 'M');
INSERT INTO public."Profile_profile" (id, password, last_login, is_superuser, first_name, last_name, is_staff, is_active, date_joined, name, email, ph_no, role, gender) VALUES (218, '', NULL, false, '', '', false, false, '2024-02-26 08:38:11.113+00', 'Vaghasiya om Vijaykumar', NULL, NULL, 'student', 'M');
INSERT INTO public."Profile_profile" (id, password, last_login, is_superuser, first_name, last_name, is_staff, is_active, date_joined, name, email, ph_no, role, gender) VALUES (219, '', NULL, false, '', '', false, false, '2024-02-26 08:38:11.159+00', 'RAJPARA YASH HASMUKHBHAI', NULL, NULL, 'student', 'M');
INSERT INTO public."Profile_profile" (id, password, last_login, is_superuser, first_name, last_name, is_staff, is_active, date_joined, name, email, ph_no, role, gender) VALUES (220, '', NULL, false, '', '', false, false, '2024-02-26 08:38:11.204+00', 'Ninama Bhaviniben Laxmanbhai', NULL, NULL, 'student', 'F');
INSERT INTO public."Profile_profile" (id, password, last_login, is_superuser, first_name, last_name, is_staff, is_active, date_joined, name, email, ph_no, role, gender) VALUES (221, '', NULL, false, '', '', false, false, '2024-02-26 08:38:11.249+00', 'KRUSHI AJAYBHAI PATEL', NULL, NULL, 'student', 'F');
INSERT INTO public."Profile_profile" (id, password, last_login, is_superuser, first_name, last_name, is_staff, is_active, date_joined, name, email, ph_no, role, gender) VALUES (222, '', NULL, false, '', '', false, false, '2024-02-26 08:38:11.295+00', 'Nikola Payal Jagdishbhai', NULL, NULL, 'student', 'F');
INSERT INTO public."Profile_profile" (id, password, last_login, is_superuser, first_name, last_name, is_staff, is_active, date_joined, name, email, ph_no, role, gender) VALUES (223, '', NULL, false, '', '', false, false, '2024-02-26 08:38:11.343+00', 'Raj Dilipbhai Sorathiya', NULL, NULL, 'student', 'M');
INSERT INTO public."Profile_profile" (id, password, last_login, is_superuser, first_name, last_name, is_staff, is_active, date_joined, name, email, ph_no, role, gender) VALUES (224, '', NULL, false, '', '', false, false, '2024-02-26 08:38:11.39+00', 'Patel Nisha Pramodbhai', NULL, NULL, 'student', 'F');
INSERT INTO public."Profile_profile" (id, password, last_login, is_superuser, first_name, last_name, is_staff, is_active, date_joined, name, email, ph_no, role, gender) VALUES (225, '', NULL, false, '', '', false, false, '2024-02-26 08:38:11.437+00', 'Dev Mukundrai Solanki', NULL, NULL, 'student', 'M');
INSERT INTO public."Profile_profile" (id, password, last_login, is_superuser, first_name, last_name, is_staff, is_active, date_joined, name, email, ph_no, role, gender) VALUES (226, '', NULL, false, '', '', false, false, '2024-02-26 08:38:11.482+00', 'Dharmik Hasmukhbhai Jagtiya', NULL, NULL, 'student', 'M');
INSERT INTO public."Profile_profile" (id, password, last_login, is_superuser, first_name, last_name, is_staff, is_active, date_joined, name, email, ph_no, role, gender) VALUES (227, '', NULL, false, '', '', false, false, '2024-02-26 08:38:11.528+00', 'Sneha Ishwar Gavit', NULL, NULL, 'student', 'F');
INSERT INTO public."Profile_profile" (id, password, last_login, is_superuser, first_name, last_name, is_staff, is_active, date_joined, name, email, ph_no, role, gender) VALUES (228, '', NULL, false, '', '', false, false, '2024-02-26 08:38:11.576+00', 'Hrishita Ranjan Das', NULL, NULL, 'student', 'F');
INSERT INTO public."Profile_profile" (id, password, last_login, is_superuser, first_name, last_name, is_staff, is_active, date_joined, name, email, ph_no, role, gender) VALUES (229, '', NULL, false, '', '', false, false, '2024-02-26 08:38:11.625+00', 'DEVANG JAGDISHBHAI JALAG', NULL, NULL, 'student', 'M');
INSERT INTO public."Profile_profile" (id, password, last_login, is_superuser, first_name, last_name, is_staff, is_active, date_joined, name, email, ph_no, role, gender) VALUES (230, '', NULL, false, '', '', false, false, '2024-02-26 08:38:11.672+00', 'KARIYA PARTHKUMAR KAMLESHBHAI', NULL, NULL, 'student', 'M');
INSERT INTO public."Profile_profile" (id, password, last_login, is_superuser, first_name, last_name, is_staff, is_active, date_joined, name, email, ph_no, role, gender) VALUES (231, '', NULL, false, '', '', false, false, '2024-02-26 08:38:11.719+00', 'Shruty Razdan', NULL, NULL, 'student', 'F');
INSERT INTO public."Profile_profile" (id, password, last_login, is_superuser, first_name, last_name, is_staff, is_active, date_joined, name, email, ph_no, role, gender) VALUES (232, '', NULL, false, '', '', false, false, '2024-02-26 08:38:11.767+00', 'Shriya Pandit', NULL, NULL, 'student', 'F');
INSERT INTO public."Profile_profile" (id, password, last_login, is_superuser, first_name, last_name, is_staff, is_active, date_joined, name, email, ph_no, role, gender) VALUES (233, '', NULL, false, '', '', false, false, '2024-02-26 08:38:11.815+00', 'RIYANSHE BHAT', NULL, NULL, 'student', 'M');
INSERT INTO public."Profile_profile" (id, password, last_login, is_superuser, first_name, last_name, is_staff, is_active, date_joined, name, email, ph_no, role, gender) VALUES (234, '', NULL, false, '', '', false, false, '2024-02-26 08:38:11.861+00', 'MAYUR BHAT', NULL, NULL, 'student', 'M');
INSERT INTO public."Profile_profile" (id, password, last_login, is_superuser, first_name, last_name, is_staff, is_active, date_joined, name, email, ph_no, role, gender) VALUES (235, '', NULL, false, '', '', false, false, '2024-02-26 08:38:11.909+00', 'Aditya Dey', NULL, NULL, 'student', 'M');
INSERT INTO public."Profile_profile" (id, password, last_login, is_superuser, first_name, last_name, is_staff, is_active, date_joined, name, email, ph_no, role, gender) VALUES (238, 'pbkdf2_sha256$600000$ZeIXjM7kLFh9PjgIGWiY6Q$cyFuyaLG8347iPMVnf+pCLdLxl1g4GMLxFymhUbsdVc=', NULL, false, '', '', false, true, '2024-02-28 18:39:18.185+00', 'Manav Shah', 'manav.ce.me@gmail.com', NULL, 'admin', 'M');
INSERT INTO public."Profile_profile" (id, password, last_login, is_superuser, first_name, last_name, is_staff, is_active, date_joined, name, email, ph_no, role, gender) VALUES (271, '', NULL, false, '', '', false, false, '2024-02-28 18:43:49.493+00', 'Apoorva Sanjaykumar Mehta', NULL, NULL, 'student', 'M');
INSERT INTO public."Profile_profile" (id, password, last_login, is_superuser, first_name, last_name, is_staff, is_active, date_joined, name, email, ph_no, role, gender) VALUES (272, '', NULL, false, '', '', false, false, '2024-02-28 18:43:49.529+00', 'BHALIA KRISHNA DINESH', NULL, NULL, 'student', 'M');
INSERT INTO public."Profile_profile" (id, password, last_login, is_superuser, first_name, last_name, is_staff, is_active, date_joined, name, email, ph_no, role, gender) VALUES (273, '', NULL, false, '', '', false, false, '2024-02-28 18:43:49.555+00', 'CHAUDHARY NIMISHA BAKULBHAI', NULL, NULL, 'student', 'M');
INSERT INTO public."Profile_profile" (id, password, last_login, is_superuser, first_name, last_name, is_staff, is_active, date_joined, name, email, ph_no, role, gender) VALUES (274, '', NULL, false, '', '', false, false, '2024-02-28 18:43:49.58+00', 'DEVALIYA DHRUVAL JITENDRABHAI', NULL, NULL, 'student', 'M');
INSERT INTO public."Profile_profile" (id, password, last_login, is_superuser, first_name, last_name, is_staff, is_active, date_joined, name, email, ph_no, role, gender) VALUES (275, '', NULL, false, '', '', false, false, '2024-02-28 18:43:49.605+00', 'dhavalkumar hasmukhbhai solanki', NULL, NULL, 'student', 'M');
INSERT INTO public."Profile_profile" (id, password, last_login, is_superuser, first_name, last_name, is_staff, is_active, date_joined, name, email, ph_no, role, gender) VALUES (276, '', NULL, false, '', '', false, false, '2024-02-28 18:43:49.631+00', 'Gamit Kairav Rajanikant', NULL, NULL, 'student', 'M');
INSERT INTO public."Profile_profile" (id, password, last_login, is_superuser, first_name, last_name, is_staff, is_active, date_joined, name, email, ph_no, role, gender) VALUES (277, '', NULL, false, '', '', false, false, '2024-02-28 18:43:49.658+00', 'Gamit Karnav Rajanikant', NULL, NULL, 'student', 'M');
INSERT INTO public."Profile_profile" (id, password, last_login, is_superuser, first_name, last_name, is_staff, is_active, date_joined, name, email, ph_no, role, gender) VALUES (278, '', NULL, false, '', '', false, false, '2024-02-28 18:43:49.684+00', 'Khushi', NULL, NULL, 'student', 'M');
INSERT INTO public."Profile_profile" (id, password, last_login, is_superuser, first_name, last_name, is_staff, is_active, date_joined, name, email, ph_no, role, gender) VALUES (279, '', NULL, false, '', '', false, false, '2024-02-28 18:43:49.709+00', 'Meera Janakbhai Solgama', NULL, NULL, 'student', 'M');
INSERT INTO public."Profile_profile" (id, password, last_login, is_superuser, first_name, last_name, is_staff, is_active, date_joined, name, email, ph_no, role, gender) VALUES (280, '', NULL, false, '', '', false, false, '2024-02-28 18:43:49.733+00', 'PATEL MEETKUMAR RAJESHBHAI', NULL, NULL, 'student', 'M');
INSERT INTO public."Profile_profile" (id, password, last_login, is_superuser, first_name, last_name, is_staff, is_active, date_joined, name, email, ph_no, role, gender) VALUES (281, '', NULL, false, '', '', false, false, '2024-02-28 18:43:49.755+00', 'PATEL SUJAL ISHWARLAL', NULL, NULL, 'student', 'M');
INSERT INTO public."Profile_profile" (id, password, last_login, is_superuser, first_name, last_name, is_staff, is_active, date_joined, name, email, ph_no, role, gender) VALUES (282, '', NULL, false, '', '', false, false, '2024-02-28 18:43:49.777+00', 'Rathod Harsh Narendrabhai', NULL, NULL, 'student', 'M');
INSERT INTO public."Profile_profile" (id, password, last_login, is_superuser, first_name, last_name, is_staff, is_active, date_joined, name, email, ph_no, role, gender) VALUES (283, '', NULL, false, '', '', false, false, '2024-02-28 18:43:49.8+00', 'Samidha Saxena', NULL, NULL, 'student', 'M');
INSERT INTO public."Profile_profile" (id, password, last_login, is_superuser, first_name, last_name, is_staff, is_active, date_joined, name, email, ph_no, role, gender) VALUES (284, '', NULL, false, '', '', false, false, '2024-02-28 18:43:49.822+00', 'Tandel Hitixakumari Piyushbhai', NULL, NULL, 'student', 'M');
INSERT INTO public."Profile_profile" (id, password, last_login, is_superuser, first_name, last_name, is_staff, is_active, date_joined, name, email, ph_no, role, gender) VALUES (285, '', NULL, false, '', '', false, false, '2024-02-28 18:43:49.845+00', 'VAIDEHI ASHISHBHAI KANOJIYA', NULL, NULL, 'student', 'M');
INSERT INTO public."Profile_profile" (id, password, last_login, is_superuser, first_name, last_name, is_staff, is_active, date_joined, name, email, ph_no, role, gender) VALUES (286, '', NULL, false, '', '', false, false, '2024-02-28 18:43:49.866+00', 'POOJARI SUJITH SHANKAR', NULL, NULL, 'student', 'M');
INSERT INTO public."Profile_profile" (id, password, last_login, is_superuser, first_name, last_name, is_staff, is_active, date_joined, name, email, ph_no, role, gender) VALUES (287, 'pbkdf2_sha256$600000$wNJ0U0RwNY8FOdtNb6kc2C$cm9YFmBqjbzNhiLsAzx3CZbFJYvpRWEkHbv9+AuXjGg=', NULL, false, '', '', false, true, '2024-02-29 16:39:22.368+00', 'Manav Shah', 'manav.aiml@gmail.com', '9925717005', 'admin', 'M');
INSERT INTO public."Profile_profile" (id, password, last_login, is_superuser, first_name, last_name, is_staff, is_active, date_joined, name, email, ph_no, role, gender) VALUES (288, '', NULL, false, '', '', false, false, '2024-02-29 16:43:24.208+00', 'Aayushi Gupta', NULL, NULL, 'student', NULL);
INSERT INTO public."Profile_profile" (id, password, last_login, is_superuser, first_name, last_name, is_staff, is_active, date_joined, name, email, ph_no, role, gender) VALUES (289, '', NULL, false, '', '', false, false, '2024-02-29 16:43:24.244+00', 'Jigarsing Natvarji Thakor ', NULL, NULL, 'student', NULL);
INSERT INTO public."Profile_profile" (id, password, last_login, is_superuser, first_name, last_name, is_staff, is_active, date_joined, name, email, ph_no, role, gender) VALUES (290, '', NULL, false, '', '', false, false, '2024-02-29 16:43:24.302+00', 'Keraliya Karn Narottambhai', NULL, NULL, 'student', NULL);
INSERT INTO public."Profile_profile" (id, password, last_login, is_superuser, first_name, last_name, is_staff, is_active, date_joined, name, email, ph_no, role, gender) VALUES (291, '', NULL, false, '', '', false, false, '2024-02-29 16:43:24.332+00', 'George Justin Saj', NULL, NULL, 'student', NULL);
INSERT INTO public."Profile_profile" (id, password, last_login, is_superuser, first_name, last_name, is_staff, is_active, date_joined, name, email, ph_no, role, gender) VALUES (292, '', NULL, false, '', '', false, false, '2024-02-29 16:43:24.386+00', 'Christian Jabarson Arulraj Patraj ', NULL, NULL, 'student', NULL);
INSERT INTO public."Profile_profile" (id, password, last_login, is_superuser, first_name, last_name, is_staff, is_active, date_joined, name, email, ph_no, role, gender) VALUES (293, '', NULL, false, '', '', false, false, '2024-02-29 16:43:24.42+00', 'Pipaliya Parth Bhupatbhai', NULL, NULL, 'student', NULL);
INSERT INTO public."Profile_profile" (id, password, last_login, is_superuser, first_name, last_name, is_staff, is_active, date_joined, name, email, ph_no, role, gender) VALUES (294, '', NULL, false, '', '', false, false, '2024-02-29 16:43:24.45+00', 'Vaddoriya Yashkumar Hareshkumar ', NULL, NULL, 'student', NULL);
INSERT INTO public."Profile_profile" (id, password, last_login, is_superuser, first_name, last_name, is_staff, is_active, date_joined, name, email, ph_no, role, gender) VALUES (295, '', NULL, false, '', '', false, false, '2024-02-29 16:43:24.483+00', 'Panchal Rudra Kamleshkumar', NULL, NULL, 'student', NULL);
INSERT INTO public."Profile_profile" (id, password, last_login, is_superuser, first_name, last_name, is_staff, is_active, date_joined, name, email, ph_no, role, gender) VALUES (296, '', NULL, false, '', '', false, false, '2024-02-29 16:43:24.514+00', 'Dedaniya Yashkumar Pareshkumar', NULL, NULL, 'student', NULL);
INSERT INTO public."Profile_profile" (id, password, last_login, is_superuser, first_name, last_name, is_staff, is_active, date_joined, name, email, ph_no, role, gender) VALUES (297, '', NULL, false, '', '', false, false, '2024-02-29 16:43:24.544+00', 'Patel Urmik Jitendra', NULL, NULL, 'student', NULL);
INSERT INTO public."Profile_profile" (id, password, last_login, is_superuser, first_name, last_name, is_staff, is_active, date_joined, name, email, ph_no, role, gender) VALUES (298, '', NULL, false, '', '', false, false, '2024-02-29 16:43:24.575+00', 'Ujas Tulshibhai Lathiya', NULL, NULL, 'student', NULL);
INSERT INTO public."Profile_profile" (id, password, last_login, is_superuser, first_name, last_name, is_staff, is_active, date_joined, name, email, ph_no, role, gender) VALUES (299, '', NULL, false, '', '', false, false, '2024-02-29 16:43:24.608+00', 'Patel Deep Nimeshbhai', NULL, NULL, 'student', NULL);
INSERT INTO public."Profile_profile" (id, password, last_login, is_superuser, first_name, last_name, is_staff, is_active, date_joined, name, email, ph_no, role, gender) VALUES (300, '', NULL, false, '', '', false, false, '2024-02-29 16:43:24.639+00', 'Jha Kunjbihari Vinodanand', NULL, NULL, 'student', NULL);
INSERT INTO public."Profile_profile" (id, password, last_login, is_superuser, first_name, last_name, is_staff, is_active, date_joined, name, email, ph_no, role, gender) VALUES (301, '', NULL, false, '', '', false, false, '2024-02-29 16:43:24.67+00', 'Patel Divyakumar Bharatbhai', NULL, NULL, 'student', NULL);
INSERT INTO public."Profile_profile" (id, password, last_login, is_superuser, first_name, last_name, is_staff, is_active, date_joined, name, email, ph_no, role, gender) VALUES (302, '', NULL, false, '', '', false, false, '2024-02-29 16:43:24.724+00', 'Kunj Patel', NULL, NULL, 'student', NULL);
INSERT INTO public."Profile_profile" (id, password, last_login, is_superuser, first_name, last_name, is_staff, is_active, date_joined, name, email, ph_no, role, gender) VALUES (303, '', NULL, false, '', '', false, false, '2024-02-29 16:43:24.777+00', 'Jethava Bhargavi Ashokbhai ', NULL, NULL, 'student', NULL);
INSERT INTO public."Profile_profile" (id, password, last_login, is_superuser, first_name, last_name, is_staff, is_active, date_joined, name, email, ph_no, role, gender) VALUES (304, '', NULL, false, '', '', false, false, '2024-02-29 16:43:34.662+00', 'Prajapati Jay Maheshkumar ', NULL, NULL, 'student', NULL);
INSERT INTO public."Profile_profile" (id, password, last_login, is_superuser, first_name, last_name, is_staff, is_active, date_joined, name, email, ph_no, role, gender) VALUES (305, '', NULL, false, '', '', false, false, '2024-02-29 16:43:34.711+00', 'Lunagariya Disha Kishorbhai', NULL, NULL, 'student', NULL);
INSERT INTO public."Profile_profile" (id, password, last_login, is_superuser, first_name, last_name, is_staff, is_active, date_joined, name, email, ph_no, role, gender) VALUES (306, '', NULL, false, '', '', false, false, '2024-02-29 16:43:34.743+00', 'Gajera Henil Rajeshbhai ', NULL, NULL, 'student', NULL);
INSERT INTO public."Profile_profile" (id, password, last_login, is_superuser, first_name, last_name, is_staff, is_active, date_joined, name, email, ph_no, role, gender) VALUES (307, '', NULL, false, '', '', false, false, '2024-02-29 16:43:34.774+00', 'Gohil Sanket Pravinbhai ', NULL, NULL, 'student', NULL);
INSERT INTO public."Profile_profile" (id, password, last_login, is_superuser, first_name, last_name, is_staff, is_active, date_joined, name, email, ph_no, role, gender) VALUES (308, '', NULL, false, '', '', false, false, '2024-02-29 16:43:34.805+00', 'Patel Chiragbhai Sunilbhai', NULL, NULL, 'student', NULL);
INSERT INTO public."Profile_profile" (id, password, last_login, is_superuser, first_name, last_name, is_staff, is_active, date_joined, name, email, ph_no, role, gender) VALUES (309, '', NULL, false, '', '', false, false, '2024-02-29 16:43:34.856+00', 'Sheta Manan Janakbhai ', NULL, NULL, 'student', NULL);
INSERT INTO public."Profile_profile" (id, password, last_login, is_superuser, first_name, last_name, is_staff, is_active, date_joined, name, email, ph_no, role, gender) VALUES (310, '', NULL, false, '', '', false, false, '2024-02-29 16:43:34.885+00', 'Chikhaliya Himanshu Kailashbhai', NULL, NULL, 'student', NULL);
INSERT INTO public."Profile_profile" (id, password, last_login, is_superuser, first_name, last_name, is_staff, is_active, date_joined, name, email, ph_no, role, gender) VALUES (311, '', NULL, false, '', '', false, false, '2024-02-29 16:43:34.943+00', 'Desai Dhanvi Vikal', NULL, NULL, 'student', NULL);
INSERT INTO public."Profile_profile" (id, password, last_login, is_superuser, first_name, last_name, is_staff, is_active, date_joined, name, email, ph_no, role, gender) VALUES (312, '', NULL, false, '', '', false, false, '2024-02-29 16:43:34.971+00', 'Soni Sanjay Pannalal', NULL, NULL, 'student', NULL);
INSERT INTO public."Profile_profile" (id, password, last_login, is_superuser, first_name, last_name, is_staff, is_active, date_joined, name, email, ph_no, role, gender) VALUES (313, '', NULL, false, '', '', false, false, '2024-02-29 16:43:35+00', 'Oza Kartik Nikhil', NULL, NULL, 'student', NULL);
INSERT INTO public."Profile_profile" (id, password, last_login, is_superuser, first_name, last_name, is_staff, is_active, date_joined, name, email, ph_no, role, gender) VALUES (314, '', NULL, false, '', '', false, false, '2024-02-29 16:43:35.03+00', 'Patel Pranav Narendrabhai', NULL, NULL, 'student', NULL);
INSERT INTO public."Profile_profile" (id, password, last_login, is_superuser, first_name, last_name, is_staff, is_active, date_joined, name, email, ph_no, role, gender) VALUES (315, '', NULL, false, '', '', false, false, '2024-02-29 16:43:35.058+00', 'Bambhroliya Harshil Kanakbhai ', NULL, NULL, 'student', NULL);
INSERT INTO public."Profile_profile" (id, password, last_login, is_superuser, first_name, last_name, is_staff, is_active, date_joined, name, email, ph_no, role, gender) VALUES (316, '', NULL, false, '', '', false, false, '2024-02-29 16:43:35.087+00', 'Dhiraj Sunil Patil ', NULL, NULL, 'student', NULL);
INSERT INTO public."Profile_profile" (id, password, last_login, is_superuser, first_name, last_name, is_staff, is_active, date_joined, name, email, ph_no, role, gender) VALUES (317, '', NULL, false, '', '', false, false, '2024-02-29 16:43:35.115+00', 'Patel Pooja Nileshkumar', NULL, NULL, 'student', NULL);
INSERT INTO public."Profile_profile" (id, password, last_login, is_superuser, first_name, last_name, is_staff, is_active, date_joined, name, email, ph_no, role, gender) VALUES (318, '', NULL, false, '', '', false, false, '2024-02-29 16:43:35.148+00', 'Asodariya Sujal Kamleshbhai', NULL, NULL, 'student', NULL);
INSERT INTO public."Profile_profile" (id, password, last_login, is_superuser, first_name, last_name, is_staff, is_active, date_joined, name, email, ph_no, role, gender) VALUES (319, '', NULL, false, '', '', false, false, '2024-02-29 16:43:35.176+00', 'Pratihast Dwarkesh Lalit', NULL, NULL, 'student', NULL);
INSERT INTO public."Profile_profile" (id, password, last_login, is_superuser, first_name, last_name, is_staff, is_active, date_joined, name, email, ph_no, role, gender) VALUES (320, '', NULL, false, '', '', false, false, '2024-02-29 16:43:35.203+00', 'Yadav Sandeep Rakesh', NULL, NULL, 'student', NULL);
INSERT INTO public."Profile_profile" (id, password, last_login, is_superuser, first_name, last_name, is_staff, is_active, date_joined, name, email, ph_no, role, gender) VALUES (321, '', NULL, false, '', '', false, false, '2024-02-29 16:43:44.737+00', 'Sethi Vedik Rajeev', NULL, NULL, 'student', NULL);
INSERT INTO public."Profile_profile" (id, password, last_login, is_superuser, first_name, last_name, is_staff, is_active, date_joined, name, email, ph_no, role, gender) VALUES (322, '', NULL, false, '', '', false, false, '2024-02-29 16:43:44.78+00', 'Shah Jinay Premal', NULL, NULL, 'student', NULL);
INSERT INTO public."Profile_profile" (id, password, last_login, is_superuser, first_name, last_name, is_staff, is_active, date_joined, name, email, ph_no, role, gender) VALUES (323, '', NULL, false, '', '', false, false, '2024-02-29 16:43:44.813+00', 'Harsora Deep Ketanbhai', NULL, NULL, 'student', NULL);
INSERT INTO public."Profile_profile" (id, password, last_login, is_superuser, first_name, last_name, is_staff, is_active, date_joined, name, email, ph_no, role, gender) VALUES (324, '', NULL, false, '', '', false, false, '2024-02-29 16:43:44.844+00', 'Singh Dhruv Narendra ', NULL, NULL, 'student', NULL);
INSERT INTO public."Profile_profile" (id, password, last_login, is_superuser, first_name, last_name, is_staff, is_active, date_joined, name, email, ph_no, role, gender) VALUES (325, '', NULL, false, '', '', false, false, '2024-02-29 16:43:44.88+00', 'Chavda Yash Ajaybhai', NULL, NULL, 'student', NULL);
INSERT INTO public."Profile_profile" (id, password, last_login, is_superuser, first_name, last_name, is_staff, is_active, date_joined, name, email, ph_no, role, gender) VALUES (326, '', NULL, false, '', '', false, false, '2024-02-29 16:43:44.92+00', 'Buch  Dipen  Jwalant ', NULL, NULL, 'student', NULL);
INSERT INTO public."Profile_profile" (id, password, last_login, is_superuser, first_name, last_name, is_staff, is_active, date_joined, name, email, ph_no, role, gender) VALUES (327, '', NULL, false, '', '', false, false, '2024-02-29 16:43:44.951+00', 'Panchal Dhruv Ketanbhai', NULL, NULL, 'student', NULL);
INSERT INTO public."Profile_profile" (id, password, last_login, is_superuser, first_name, last_name, is_staff, is_active, date_joined, name, email, ph_no, role, gender) VALUES (328, '', NULL, false, '', '', false, false, '2024-02-29 16:43:44.982+00', 'Kashish Shrimali', NULL, NULL, 'student', NULL);
INSERT INTO public."Profile_profile" (id, password, last_login, is_superuser, first_name, last_name, is_staff, is_active, date_joined, name, email, ph_no, role, gender) VALUES (329, '', NULL, false, '', '', false, false, '2024-02-29 16:43:45.012+00', 'Yuval Dilipbhai Barvaliya', NULL, NULL, 'student', NULL);
INSERT INTO public."Profile_profile" (id, password, last_login, is_superuser, first_name, last_name, is_staff, is_active, date_joined, name, email, ph_no, role, gender) VALUES (330, '', NULL, false, '', '', false, false, '2024-02-29 16:43:45.039+00', 'Patel Muhammed Ilyas', NULL, NULL, 'student', NULL);
INSERT INTO public."Profile_profile" (id, password, last_login, is_superuser, first_name, last_name, is_staff, is_active, date_joined, name, email, ph_no, role, gender) VALUES (331, '', NULL, false, '', '', false, false, '2024-02-29 16:43:45.069+00', 'Ghelani Kenil Dineshbhai', NULL, NULL, 'student', NULL);
INSERT INTO public."Profile_profile" (id, password, last_login, is_superuser, first_name, last_name, is_staff, is_active, date_joined, name, email, ph_no, role, gender) VALUES (332, '', NULL, false, '', '', false, false, '2024-02-29 16:43:45.1+00', 'Doshi Siddharthkumar Chiragkumar ', NULL, NULL, 'student', NULL);
INSERT INTO public."Profile_profile" (id, password, last_login, is_superuser, first_name, last_name, is_staff, is_active, date_joined, name, email, ph_no, role, gender) VALUES (333, '', NULL, false, '', '', false, false, '2024-02-29 16:43:45.134+00', 'Patel Harsh Govindbhai', NULL, NULL, 'student', NULL);
INSERT INTO public."Profile_profile" (id, password, last_login, is_superuser, first_name, last_name, is_staff, is_active, date_joined, name, email, ph_no, role, gender) VALUES (334, '', NULL, false, '', '', false, false, '2024-02-29 16:43:45.164+00', 'Chokshi Krisha Digantkumar', NULL, NULL, 'student', NULL);
INSERT INTO public."Profile_profile" (id, password, last_login, is_superuser, first_name, last_name, is_staff, is_active, date_joined, name, email, ph_no, role, gender) VALUES (335, '', NULL, false, '', '', false, false, '2024-02-29 16:43:45.193+00', 'Radadiya Krish Rameshbhai', NULL, NULL, 'student', NULL);
INSERT INTO public."Profile_profile" (id, password, last_login, is_superuser, first_name, last_name, is_staff, is_active, date_joined, name, email, ph_no, role, gender) VALUES (336, '', NULL, false, '', '', false, false, '2024-02-29 16:43:45.222+00', 'Patel Vraj Chetanbhai', NULL, NULL, 'student', NULL);
INSERT INTO public."Profile_profile" (id, password, last_login, is_superuser, first_name, last_name, is_staff, is_active, date_joined, name, email, ph_no, role, gender) VALUES (337, '', NULL, false, '', '', false, false, '2024-02-29 16:43:45.251+00', 'Contractor Hastikumari Shaileshkumar', NULL, NULL, 'student', NULL);
INSERT INTO public."Profile_profile" (id, password, last_login, is_superuser, first_name, last_name, is_staff, is_active, date_joined, name, email, ph_no, role, gender) VALUES (338, '', NULL, false, '', '', false, false, '2024-02-29 16:43:45.28+00', 'Parikh Hem Bhaveshbhai', NULL, NULL, 'student', NULL);
INSERT INTO public."Profile_profile" (id, password, last_login, is_superuser, first_name, last_name, is_staff, is_active, date_joined, name, email, ph_no, role, gender) VALUES (339, '', NULL, false, '', '', false, false, '2024-02-29 16:43:45.307+00', 'Dev Kumar Nayak', NULL, NULL, 'student', NULL);
INSERT INTO public."Profile_profile" (id, password, last_login, is_superuser, first_name, last_name, is_staff, is_active, date_joined, name, email, ph_no, role, gender) VALUES (340, '', NULL, false, '', '', false, false, '2024-02-29 16:43:45.34+00', 'Shah Zeel Apurva', NULL, NULL, 'student', NULL);
INSERT INTO public."Profile_profile" (id, password, last_login, is_superuser, first_name, last_name, is_staff, is_active, date_joined, name, email, ph_no, role, gender) VALUES (341, 'pbkdf2_sha256$600000$seDJPF4E7PQsTpOFw79Zk5$OHYdG/HQ4ttMiTx0+/JX3y6TlXNPu5oVIo8KZjJoJYI=', NULL, false, '', '', false, true, '2024-03-01 14:18:45.591+00', 'Manav Shah', 'manav.test@gmail.com', '9925717005', 'admin', 'M');
INSERT INTO public."Profile_profile" (id, password, last_login, is_superuser, first_name, last_name, is_staff, is_active, date_joined, name, email, ph_no, role, gender) VALUES (344, 'pbkdf2_sha256$600000$II98nfzNunnwUYI05637J0$ZGp77hPjDoe8Nkxl1Tasj5FO/2HnCpZvKCnHwump50A=', NULL, false, '', '', false, true, '2024-03-04 03:40:22.364+00', 'Dr. CHANDULAL VITHALANI', 'chvithalani@ldce.ac.in', NULL, 'teacher', 'M');
INSERT INTO public."Profile_profile" (id, password, last_login, is_superuser, first_name, last_name, is_staff, is_active, date_joined, name, email, ph_no, role, gender) VALUES (345, 'pbkdf2_sha256$600000$sLViCCPRAOIXiXHlgNsIus$VLiukv6jhjUxXZLEkz9yQ+76qR+Ug8Dl0oWG8JklBHU=', NULL, false, '', '', false, true, '2024-03-04 17:11:39.392+00', 'Manav Shah', 'manav.teacher.test@gmail.com', '9925717005', 'teacher', 'M');
INSERT INTO public."Profile_profile" (id, password, last_login, is_superuser, first_name, last_name, is_staff, is_active, date_joined, name, email, ph_no, role, gender) VALUES (346, 'pbkdf2_sha256$600000$jzfFT0BJPQiHURVWiUUUWm$hA+/YJnAV4Uka/Q0HNRuQg9JZKovJ4n8fKeCXZIGK/8=', NULL, false, '', '', false, true, '2024-03-05 09:26:11.741+00', 'Prof. Chirag Thaker', 'chiragthaker@ldce.ac.in', NULL, 'teacher', NULL);
INSERT INTO public."Profile_profile" (id, password, last_login, is_superuser, first_name, last_name, is_staff, is_active, date_joined, name, email, ph_no, role, gender) VALUES (347, 'pbkdf2_sha256$600000$8EKlv26zyFuAbHHWibMy4u$4RL1VFWdTPp+eNA36e5Uk2sfpk56F6rfytGIrFQwWLM=', NULL, false, '', '', false, true, '2024-03-06 05:13:47.725+00', 'Prof. Kalpesh Patel', 'kmpatel@ldce.ac.in', NULL, 'teacher', NULL);


--
-- Data for Name: Profile_profile_groups; Type: TABLE DATA; Schema: public; Owner: manav1011
--



--
-- Data for Name: Profile_profile_user_permissions; Type: TABLE DATA; Schema: public; Owner: manav1011
--



--
-- Data for Name: Session_attendance; Type: TABLE DATA; Schema: public; Owner: manav1011
--

INSERT INTO public."Session_attendance" (id, is_present, marking_time, student_id, manual, slug, on_premises, coordinates_id) VALUES (323, false, NULL, 128, false, '144446_1709523985', false, NULL);
INSERT INTO public."Session_attendance" (id, is_present, marking_time, student_id, manual, slug, on_premises, coordinates_id) VALUES (324, false, NULL, 129, false, '155078_1709523985', false, NULL);
INSERT INTO public."Session_attendance" (id, is_present, marking_time, student_id, manual, slug, on_premises, coordinates_id) VALUES (325, false, NULL, 130, false, '921411_1709523985', false, NULL);
INSERT INTO public."Session_attendance" (id, is_present, marking_time, student_id, manual, slug, on_premises, coordinates_id) VALUES (326, true, '2024-03-04 06:56:40.998+00', 131, false, '175275_1709523985', true, 38);
INSERT INTO public."Session_attendance" (id, is_present, marking_time, student_id, manual, slug, on_premises, coordinates_id) VALUES (327, true, '2024-03-04 07:03:04.107+00', 132, false, '304410_1709523985', true, 49);
INSERT INTO public."Session_attendance" (id, is_present, marking_time, student_id, manual, slug, on_premises, coordinates_id) VALUES (328, true, '2024-03-04 07:00:22.192+00', 133, false, '127968_1709523985', true, 47);
INSERT INTO public."Session_attendance" (id, is_present, marking_time, student_id, manual, slug, on_premises, coordinates_id) VALUES (329, true, '2024-03-04 06:55:50.32+00', 134, false, '129564_1709523985', true, 35);
INSERT INTO public."Session_attendance" (id, is_present, marking_time, student_id, manual, slug, on_premises, coordinates_id) VALUES (330, true, '2024-03-04 06:56:08.662+00', 135, false, '857834_1709523985', true, 37);
INSERT INTO public."Session_attendance" (id, is_present, marking_time, student_id, manual, slug, on_premises, coordinates_id) VALUES (331, true, '2024-03-04 06:56:04.957+00', 109, false, '452126_1709523985', true, 36);
INSERT INTO public."Session_attendance" (id, is_present, marking_time, student_id, manual, slug, on_premises, coordinates_id) VALUES (332, true, '2024-03-04 06:58:13.921+00', 110, false, '178133_1709523985', true, 45);
INSERT INTO public."Session_attendance" (id, is_present, marking_time, student_id, manual, slug, on_premises, coordinates_id) VALUES (333, true, '2024-03-04 06:57:08.115+00', 111, false, '301920_1709523985', true, 42);
INSERT INTO public."Session_attendance" (id, is_present, marking_time, student_id, manual, slug, on_premises, coordinates_id) VALUES (334, true, '2024-03-04 06:58:06.438+00', 112, false, '322036_1709523985', true, 44);
INSERT INTO public."Session_attendance" (id, is_present, marking_time, student_id, manual, slug, on_premises, coordinates_id) VALUES (335, true, '2024-03-04 06:55:05.052+00', 113, false, '132701_1709523985', true, 33);
INSERT INTO public."Session_attendance" (id, is_present, marking_time, student_id, manual, slug, on_premises, coordinates_id) VALUES (336, true, '2024-03-04 07:06:05.997+00', 114, true, '182397_1709523985', false, NULL);
INSERT INTO public."Session_attendance" (id, is_present, marking_time, student_id, manual, slug, on_premises, coordinates_id) VALUES (337, true, '2024-03-04 06:56:49.563+00', 115, false, '261280_1709523985', true, 39);
INSERT INTO public."Session_attendance" (id, is_present, marking_time, student_id, manual, slug, on_premises, coordinates_id) VALUES (338, false, NULL, 116, false, '315445_1709523985', false, NULL);
INSERT INTO public."Session_attendance" (id, is_present, marking_time, student_id, manual, slug, on_premises, coordinates_id) VALUES (339, true, '2024-03-04 07:00:29.075+00', 117, false, '189958_1709523985', true, 48);
INSERT INTO public."Session_attendance" (id, is_present, marking_time, student_id, manual, slug, on_premises, coordinates_id) VALUES (340, false, NULL, 118, false, '120673_1709523985', false, NULL);
INSERT INTO public."Session_attendance" (id, is_present, marking_time, student_id, manual, slug, on_premises, coordinates_id) VALUES (341, true, '2024-03-04 06:55:34.377+00', 119, false, '261200_1709523985', true, 34);
INSERT INTO public."Session_attendance" (id, is_present, marking_time, student_id, manual, slug, on_premises, coordinates_id) VALUES (342, true, '2024-03-04 07:06:47.977+00', 120, true, '247129_1709523985', false, NULL);
INSERT INTO public."Session_attendance" (id, is_present, marking_time, student_id, manual, slug, on_premises, coordinates_id) VALUES (343, true, '2024-03-04 06:59:43.476+00', 121, false, '323607_1709523985', true, 46);
INSERT INTO public."Session_attendance" (id, is_present, marking_time, student_id, manual, slug, on_premises, coordinates_id) VALUES (344, false, NULL, 122, false, '228292_1709523985', false, NULL);
INSERT INTO public."Session_attendance" (id, is_present, marking_time, student_id, manual, slug, on_premises, coordinates_id) VALUES (345, true, '2024-03-04 06:57:02.104+00', 123, false, '319848_1709523985', true, 41);
INSERT INTO public."Session_attendance" (id, is_present, marking_time, student_id, manual, slug, on_premises, coordinates_id) VALUES (346, true, '2024-03-04 07:05:23.324+00', 124, false, '171320_1709523985', true, 51);
INSERT INTO public."Session_attendance" (id, is_present, marking_time, student_id, manual, slug, on_premises, coordinates_id) VALUES (347, true, '2024-03-04 06:56:54.204+00', 125, false, '329869_1709523985', true, 40);
INSERT INTO public."Session_attendance" (id, is_present, marking_time, student_id, manual, slug, on_premises, coordinates_id) VALUES (348, true, '2024-03-04 07:04:14.51+00', 126, false, '252598_1709523985', true, 50);
INSERT INTO public."Session_attendance" (id, is_present, marking_time, student_id, manual, slug, on_premises, coordinates_id) VALUES (349, true, '2024-03-04 06:57:18.057+00', 127, false, '326685_1709523985', true, 43);
INSERT INTO public."Session_attendance" (id, is_present, marking_time, student_id, manual, slug, on_premises, coordinates_id) VALUES (350, false, NULL, 136, false, '126069_1709524333', false, NULL);
INSERT INTO public."Session_attendance" (id, is_present, marking_time, student_id, manual, slug, on_premises, coordinates_id) VALUES (351, false, NULL, 137, false, '701839_1709524333', false, NULL);
INSERT INTO public."Session_attendance" (id, is_present, marking_time, student_id, manual, slug, on_premises, coordinates_id) VALUES (352, false, NULL, 138, false, '278541_1709524333', false, NULL);
INSERT INTO public."Session_attendance" (id, is_present, marking_time, student_id, manual, slug, on_premises, coordinates_id) VALUES (353, false, NULL, 139, false, '182660_1709524333', false, NULL);
INSERT INTO public."Session_attendance" (id, is_present, marking_time, student_id, manual, slug, on_premises, coordinates_id) VALUES (354, false, NULL, 140, false, '259542_1709524333', false, NULL);
INSERT INTO public."Session_attendance" (id, is_present, marking_time, student_id, manual, slug, on_premises, coordinates_id) VALUES (355, false, NULL, 141, false, '288753_1709524333', false, NULL);
INSERT INTO public."Session_attendance" (id, is_present, marking_time, student_id, manual, slug, on_premises, coordinates_id) VALUES (356, false, NULL, 142, false, '134393_1709524333', false, NULL);
INSERT INTO public."Session_attendance" (id, is_present, marking_time, student_id, manual, slug, on_premises, coordinates_id) VALUES (357, false, NULL, 143, false, '229287_1709524333', false, NULL);
INSERT INTO public."Session_attendance" (id, is_present, marking_time, student_id, manual, slug, on_premises, coordinates_id) VALUES (358, false, NULL, 144, false, '273817_1709524333', false, NULL);
INSERT INTO public."Session_attendance" (id, is_present, marking_time, student_id, manual, slug, on_premises, coordinates_id) VALUES (359, false, NULL, 145, false, '604511_1709524333', false, NULL);
INSERT INTO public."Session_attendance" (id, is_present, marking_time, student_id, manual, slug, on_premises, coordinates_id) VALUES (360, false, NULL, 146, false, '133111_1709524333', false, NULL);
INSERT INTO public."Session_attendance" (id, is_present, marking_time, student_id, manual, slug, on_premises, coordinates_id) VALUES (361, false, NULL, 147, false, '316527_1709524333', false, NULL);
INSERT INTO public."Session_attendance" (id, is_present, marking_time, student_id, manual, slug, on_premises, coordinates_id) VALUES (362, false, NULL, 148, false, '742505_1709524333', false, NULL);
INSERT INTO public."Session_attendance" (id, is_present, marking_time, student_id, manual, slug, on_premises, coordinates_id) VALUES (363, false, NULL, 149, false, '361583_1709524333', false, NULL);
INSERT INTO public."Session_attendance" (id, is_present, marking_time, student_id, manual, slug, on_premises, coordinates_id) VALUES (364, false, NULL, 150, false, '564613_1709524333', false, NULL);
INSERT INTO public."Session_attendance" (id, is_present, marking_time, student_id, manual, slug, on_premises, coordinates_id) VALUES (365, false, NULL, 151, false, '308274_1709524333', false, NULL);
INSERT INTO public."Session_attendance" (id, is_present, marking_time, student_id, manual, slug, on_premises, coordinates_id) VALUES (366, false, NULL, 152, false, '310962_1709524333', false, NULL);
INSERT INTO public."Session_attendance" (id, is_present, marking_time, student_id, manual, slug, on_premises, coordinates_id) VALUES (367, false, NULL, 153, false, '213490_1709524333', false, NULL);
INSERT INTO public."Session_attendance" (id, is_present, marking_time, student_id, manual, slug, on_premises, coordinates_id) VALUES (368, false, NULL, 154, false, '119894_1709524333', false, NULL);
INSERT INTO public."Session_attendance" (id, is_present, marking_time, student_id, manual, slug, on_premises, coordinates_id) VALUES (369, false, NULL, 155, false, '233082_1709524333', false, NULL);
INSERT INTO public."Session_attendance" (id, is_present, marking_time, student_id, manual, slug, on_premises, coordinates_id) VALUES (370, false, NULL, 156, false, '237322_1709524333', false, NULL);
INSERT INTO public."Session_attendance" (id, is_present, marking_time, student_id, manual, slug, on_premises, coordinates_id) VALUES (371, false, NULL, 157, false, '120311_1709524333', false, NULL);
INSERT INTO public."Session_attendance" (id, is_present, marking_time, student_id, manual, slug, on_premises, coordinates_id) VALUES (372, false, NULL, 158, false, '288832_1709524333', false, NULL);
INSERT INTO public."Session_attendance" (id, is_present, marking_time, student_id, manual, slug, on_premises, coordinates_id) VALUES (373, false, NULL, 159, false, '234440_1709524333', false, NULL);
INSERT INTO public."Session_attendance" (id, is_present, marking_time, student_id, manual, slug, on_premises, coordinates_id) VALUES (374, false, NULL, 160, false, '254190_1709524333', false, NULL);
INSERT INTO public."Session_attendance" (id, is_present, marking_time, student_id, manual, slug, on_premises, coordinates_id) VALUES (375, false, NULL, 161, false, '843218_1709524333', false, NULL);
INSERT INTO public."Session_attendance" (id, is_present, marking_time, student_id, manual, slug, on_premises, coordinates_id) VALUES (376, false, NULL, 162, false, '883644_1709524333', false, NULL);
INSERT INTO public."Session_attendance" (id, is_present, marking_time, student_id, manual, slug, on_premises, coordinates_id) VALUES (377, false, NULL, 163, false, '848063_1709524333', false, NULL);
INSERT INTO public."Session_attendance" (id, is_present, marking_time, student_id, manual, slug, on_premises, coordinates_id) VALUES (378, false, NULL, 1, false, '103546_1709524567', false, NULL);
INSERT INTO public."Session_attendance" (id, is_present, marking_time, student_id, manual, slug, on_premises, coordinates_id) VALUES (379, false, NULL, 2, false, '172288_1709524567', false, NULL);
INSERT INTO public."Session_attendance" (id, is_present, marking_time, student_id, manual, slug, on_premises, coordinates_id) VALUES (380, false, NULL, 3, false, '252032_1709524567', false, NULL);
INSERT INTO public."Session_attendance" (id, is_present, marking_time, student_id, manual, slug, on_premises, coordinates_id) VALUES (381, false, NULL, 4, false, '100397_1709524567', false, NULL);
INSERT INTO public."Session_attendance" (id, is_present, marking_time, student_id, manual, slug, on_premises, coordinates_id) VALUES (382, false, NULL, 5, false, '322757_1709524567', false, NULL);
INSERT INTO public."Session_attendance" (id, is_present, marking_time, student_id, manual, slug, on_premises, coordinates_id) VALUES (383, false, NULL, 6, false, '902464_1709524567', false, NULL);
INSERT INTO public."Session_attendance" (id, is_present, marking_time, student_id, manual, slug, on_premises, coordinates_id) VALUES (384, false, NULL, 7, false, '284443_1709524567', false, NULL);
INSERT INTO public."Session_attendance" (id, is_present, marking_time, student_id, manual, slug, on_premises, coordinates_id) VALUES (385, false, NULL, 8, false, '141814_1709524567', false, NULL);
INSERT INTO public."Session_attendance" (id, is_present, marking_time, student_id, manual, slug, on_premises, coordinates_id) VALUES (386, false, NULL, 9, false, '175278_1709524567', false, NULL);
INSERT INTO public."Session_attendance" (id, is_present, marking_time, student_id, manual, slug, on_premises, coordinates_id) VALUES (387, false, NULL, 10, false, '220625_1709524567', false, NULL);
INSERT INTO public."Session_attendance" (id, is_present, marking_time, student_id, manual, slug, on_premises, coordinates_id) VALUES (388, false, NULL, 11, false, '248358_1709524567', false, NULL);
INSERT INTO public."Session_attendance" (id, is_present, marking_time, student_id, manual, slug, on_premises, coordinates_id) VALUES (389, false, NULL, 12, false, '155956_1709524567', false, NULL);
INSERT INTO public."Session_attendance" (id, is_present, marking_time, student_id, manual, slug, on_premises, coordinates_id) VALUES (390, false, NULL, 13, false, '538636_1709524567', false, NULL);
INSERT INTO public."Session_attendance" (id, is_present, marking_time, student_id, manual, slug, on_premises, coordinates_id) VALUES (391, false, NULL, 14, false, '320649_1709524567', false, NULL);
INSERT INTO public."Session_attendance" (id, is_present, marking_time, student_id, manual, slug, on_premises, coordinates_id) VALUES (392, false, NULL, 15, false, '194078_1709524567', false, NULL);
INSERT INTO public."Session_attendance" (id, is_present, marking_time, student_id, manual, slug, on_premises, coordinates_id) VALUES (393, false, NULL, 16, false, '150604_1709524567', false, NULL);
INSERT INTO public."Session_attendance" (id, is_present, marking_time, student_id, manual, slug, on_premises, coordinates_id) VALUES (394, false, NULL, 17, false, '338179_1709524567', false, NULL);
INSERT INTO public."Session_attendance" (id, is_present, marking_time, student_id, manual, slug, on_premises, coordinates_id) VALUES (395, false, NULL, 18, false, '263048_1709524567', false, NULL);
INSERT INTO public."Session_attendance" (id, is_present, marking_time, student_id, manual, slug, on_premises, coordinates_id) VALUES (396, false, NULL, 19, false, '272147_1709524567', false, NULL);
INSERT INTO public."Session_attendance" (id, is_present, marking_time, student_id, manual, slug, on_premises, coordinates_id) VALUES (397, false, NULL, 20, false, '156630_1709524567', false, NULL);
INSERT INTO public."Session_attendance" (id, is_present, marking_time, student_id, manual, slug, on_premises, coordinates_id) VALUES (398, false, NULL, 21, false, '159111_1709524567', false, NULL);
INSERT INTO public."Session_attendance" (id, is_present, marking_time, student_id, manual, slug, on_premises, coordinates_id) VALUES (399, false, NULL, 22, false, '222447_1709524567', false, NULL);
INSERT INTO public."Session_attendance" (id, is_present, marking_time, student_id, manual, slug, on_premises, coordinates_id) VALUES (400, false, NULL, 23, false, '885202_1709524567', false, NULL);
INSERT INTO public."Session_attendance" (id, is_present, marking_time, student_id, manual, slug, on_premises, coordinates_id) VALUES (401, false, NULL, 24, false, '212846_1709524567', false, NULL);
INSERT INTO public."Session_attendance" (id, is_present, marking_time, student_id, manual, slug, on_premises, coordinates_id) VALUES (402, false, NULL, 25, false, '269433_1709524567', false, NULL);
INSERT INTO public."Session_attendance" (id, is_present, marking_time, student_id, manual, slug, on_premises, coordinates_id) VALUES (403, false, NULL, 26, false, '629689_1709524567', false, NULL);
INSERT INTO public."Session_attendance" (id, is_present, marking_time, student_id, manual, slug, on_premises, coordinates_id) VALUES (404, false, NULL, 27, false, '194954_1709524567', false, NULL);
INSERT INTO public."Session_attendance" (id, is_present, marking_time, student_id, manual, slug, on_premises, coordinates_id) VALUES (405, false, NULL, 55, false, '180937_1709524567', false, NULL);
INSERT INTO public."Session_attendance" (id, is_present, marking_time, student_id, manual, slug, on_premises, coordinates_id) VALUES (406, false, NULL, 56, false, '567797_1709524567', false, NULL);
INSERT INTO public."Session_attendance" (id, is_present, marking_time, student_id, manual, slug, on_premises, coordinates_id) VALUES (407, false, NULL, 57, false, '208094_1709524567', false, NULL);
INSERT INTO public."Session_attendance" (id, is_present, marking_time, student_id, manual, slug, on_premises, coordinates_id) VALUES (408, false, NULL, 58, false, '322892_1709524567', false, NULL);
INSERT INTO public."Session_attendance" (id, is_present, marking_time, student_id, manual, slug, on_premises, coordinates_id) VALUES (409, false, NULL, 59, false, '112634_1709524567', false, NULL);
INSERT INTO public."Session_attendance" (id, is_present, marking_time, student_id, manual, slug, on_premises, coordinates_id) VALUES (410, false, NULL, 60, false, '560015_1709524567', false, NULL);
INSERT INTO public."Session_attendance" (id, is_present, marking_time, student_id, manual, slug, on_premises, coordinates_id) VALUES (411, false, NULL, 61, false, '340220_1709524567', false, NULL);
INSERT INTO public."Session_attendance" (id, is_present, marking_time, student_id, manual, slug, on_premises, coordinates_id) VALUES (412, false, NULL, 62, false, '200551_1709524567', false, NULL);
INSERT INTO public."Session_attendance" (id, is_present, marking_time, student_id, manual, slug, on_premises, coordinates_id) VALUES (413, false, NULL, 63, false, '180051_1709524567', false, NULL);
INSERT INTO public."Session_attendance" (id, is_present, marking_time, student_id, manual, slug, on_premises, coordinates_id) VALUES (414, false, NULL, 64, false, '322873_1709524567', false, NULL);
INSERT INTO public."Session_attendance" (id, is_present, marking_time, student_id, manual, slug, on_premises, coordinates_id) VALUES (415, false, NULL, 65, false, '126257_1709524567', false, NULL);
INSERT INTO public."Session_attendance" (id, is_present, marking_time, student_id, manual, slug, on_premises, coordinates_id) VALUES (416, false, NULL, 66, false, '169405_1709524567', false, NULL);
INSERT INTO public."Session_attendance" (id, is_present, marking_time, student_id, manual, slug, on_premises, coordinates_id) VALUES (417, false, NULL, 67, false, '280079_1709524567', false, NULL);
INSERT INTO public."Session_attendance" (id, is_present, marking_time, student_id, manual, slug, on_premises, coordinates_id) VALUES (418, false, NULL, 68, false, '276658_1709524567', false, NULL);
INSERT INTO public."Session_attendance" (id, is_present, marking_time, student_id, manual, slug, on_premises, coordinates_id) VALUES (419, false, NULL, 69, false, '109179_1709524567', false, NULL);
INSERT INTO public."Session_attendance" (id, is_present, marking_time, student_id, manual, slug, on_premises, coordinates_id) VALUES (420, false, NULL, 70, false, '776320_1709524567', false, NULL);
INSERT INTO public."Session_attendance" (id, is_present, marking_time, student_id, manual, slug, on_premises, coordinates_id) VALUES (421, false, NULL, 71, false, '135458_1709524567', false, NULL);
INSERT INTO public."Session_attendance" (id, is_present, marking_time, student_id, manual, slug, on_premises, coordinates_id) VALUES (422, false, NULL, 72, false, '216832_1709524567', false, NULL);
INSERT INTO public."Session_attendance" (id, is_present, marking_time, student_id, manual, slug, on_premises, coordinates_id) VALUES (423, false, NULL, 73, false, '458923_1709524567', false, NULL);
INSERT INTO public."Session_attendance" (id, is_present, marking_time, student_id, manual, slug, on_premises, coordinates_id) VALUES (424, false, NULL, 74, false, '211059_1709524567', false, NULL);
INSERT INTO public."Session_attendance" (id, is_present, marking_time, student_id, manual, slug, on_premises, coordinates_id) VALUES (425, false, NULL, 75, false, '228215_1709524567', false, NULL);
INSERT INTO public."Session_attendance" (id, is_present, marking_time, student_id, manual, slug, on_premises, coordinates_id) VALUES (426, false, NULL, 76, false, '205030_1709524567', false, NULL);
INSERT INTO public."Session_attendance" (id, is_present, marking_time, student_id, manual, slug, on_premises, coordinates_id) VALUES (427, false, NULL, 77, false, '274649_1709524567', false, NULL);
INSERT INTO public."Session_attendance" (id, is_present, marking_time, student_id, manual, slug, on_premises, coordinates_id) VALUES (428, false, NULL, 78, false, '118043_1709524567', false, NULL);
INSERT INTO public."Session_attendance" (id, is_present, marking_time, student_id, manual, slug, on_premises, coordinates_id) VALUES (429, false, NULL, 79, false, '339203_1709524567', false, NULL);
INSERT INTO public."Session_attendance" (id, is_present, marking_time, student_id, manual, slug, on_premises, coordinates_id) VALUES (430, false, NULL, 80, false, '393106_1709524567', false, NULL);
INSERT INTO public."Session_attendance" (id, is_present, marking_time, student_id, manual, slug, on_premises, coordinates_id) VALUES (431, false, NULL, 81, false, '100413_1709524567', false, NULL);
INSERT INTO public."Session_attendance" (id, is_present, marking_time, student_id, manual, slug, on_premises, coordinates_id) VALUES (432, false, NULL, 28, false, '302931_1709524567', false, NULL);
INSERT INTO public."Session_attendance" (id, is_present, marking_time, student_id, manual, slug, on_premises, coordinates_id) VALUES (433, false, NULL, 29, false, '269529_1709524567', false, NULL);
INSERT INTO public."Session_attendance" (id, is_present, marking_time, student_id, manual, slug, on_premises, coordinates_id) VALUES (434, false, NULL, 30, false, '270706_1709524567', false, NULL);
INSERT INTO public."Session_attendance" (id, is_present, marking_time, student_id, manual, slug, on_premises, coordinates_id) VALUES (435, false, NULL, 31, false, '629644_1709524567', false, NULL);
INSERT INTO public."Session_attendance" (id, is_present, marking_time, student_id, manual, slug, on_premises, coordinates_id) VALUES (436, false, NULL, 32, false, '284138_1709524567', false, NULL);
INSERT INTO public."Session_attendance" (id, is_present, marking_time, student_id, manual, slug, on_premises, coordinates_id) VALUES (437, false, NULL, 33, false, '170799_1709524567', false, NULL);
INSERT INTO public."Session_attendance" (id, is_present, marking_time, student_id, manual, slug, on_premises, coordinates_id) VALUES (438, false, NULL, 34, false, '111918_1709524567', false, NULL);
INSERT INTO public."Session_attendance" (id, is_present, marking_time, student_id, manual, slug, on_premises, coordinates_id) VALUES (439, false, NULL, 35, false, '438364_1709524567', false, NULL);
INSERT INTO public."Session_attendance" (id, is_present, marking_time, student_id, manual, slug, on_premises, coordinates_id) VALUES (440, false, NULL, 36, false, '120318_1709524567', false, NULL);
INSERT INTO public."Session_attendance" (id, is_present, marking_time, student_id, manual, slug, on_premises, coordinates_id) VALUES (441, false, NULL, 37, false, '119389_1709524567', false, NULL);
INSERT INTO public."Session_attendance" (id, is_present, marking_time, student_id, manual, slug, on_premises, coordinates_id) VALUES (442, false, NULL, 38, false, '167910_1709524567', false, NULL);
INSERT INTO public."Session_attendance" (id, is_present, marking_time, student_id, manual, slug, on_premises, coordinates_id) VALUES (443, false, NULL, 39, false, '760492_1709524567', false, NULL);
INSERT INTO public."Session_attendance" (id, is_present, marking_time, student_id, manual, slug, on_premises, coordinates_id) VALUES (444, false, NULL, 40, false, '705979_1709524567', false, NULL);
INSERT INTO public."Session_attendance" (id, is_present, marking_time, student_id, manual, slug, on_premises, coordinates_id) VALUES (445, false, NULL, 41, false, '705367_1709524567', false, NULL);
INSERT INTO public."Session_attendance" (id, is_present, marking_time, student_id, manual, slug, on_premises, coordinates_id) VALUES (446, false, NULL, 42, false, '306579_1709524567', false, NULL);
INSERT INTO public."Session_attendance" (id, is_present, marking_time, student_id, manual, slug, on_premises, coordinates_id) VALUES (447, false, NULL, 43, false, '716400_1709524567', false, NULL);
INSERT INTO public."Session_attendance" (id, is_present, marking_time, student_id, manual, slug, on_premises, coordinates_id) VALUES (448, false, NULL, 44, false, '176464_1709524567', false, NULL);
INSERT INTO public."Session_attendance" (id, is_present, marking_time, student_id, manual, slug, on_premises, coordinates_id) VALUES (449, false, NULL, 45, false, '148017_1709524567', false, NULL);
INSERT INTO public."Session_attendance" (id, is_present, marking_time, student_id, manual, slug, on_premises, coordinates_id) VALUES (450, false, NULL, 46, false, '952385_1709524567', false, NULL);
INSERT INTO public."Session_attendance" (id, is_present, marking_time, student_id, manual, slug, on_premises, coordinates_id) VALUES (451, false, NULL, 47, false, '318850_1709524567', false, NULL);
INSERT INTO public."Session_attendance" (id, is_present, marking_time, student_id, manual, slug, on_premises, coordinates_id) VALUES (452, false, NULL, 48, false, '484043_1709524567', false, NULL);
INSERT INTO public."Session_attendance" (id, is_present, marking_time, student_id, manual, slug, on_premises, coordinates_id) VALUES (453, false, NULL, 49, false, '822775_1709524567', false, NULL);
INSERT INTO public."Session_attendance" (id, is_present, marking_time, student_id, manual, slug, on_premises, coordinates_id) VALUES (454, false, NULL, 50, false, '117882_1709524567', false, NULL);
INSERT INTO public."Session_attendance" (id, is_present, marking_time, student_id, manual, slug, on_premises, coordinates_id) VALUES (455, false, NULL, 51, false, '236325_1709524567', false, NULL);
INSERT INTO public."Session_attendance" (id, is_present, marking_time, student_id, manual, slug, on_premises, coordinates_id) VALUES (456, false, NULL, 52, false, '201111_1709524567', false, NULL);
INSERT INTO public."Session_attendance" (id, is_present, marking_time, student_id, manual, slug, on_premises, coordinates_id) VALUES (457, false, NULL, 53, false, '147500_1709524567', false, NULL);
INSERT INTO public."Session_attendance" (id, is_present, marking_time, student_id, manual, slug, on_premises, coordinates_id) VALUES (458, false, NULL, 54, false, '391158_1709524567', false, NULL);
INSERT INTO public."Session_attendance" (id, is_present, marking_time, student_id, manual, slug, on_premises, coordinates_id) VALUES (459, false, NULL, 55, false, '186949_1709524610', false, NULL);
INSERT INTO public."Session_attendance" (id, is_present, marking_time, student_id, manual, slug, on_premises, coordinates_id) VALUES (460, false, NULL, 56, false, '249142_1709524610', false, NULL);
INSERT INTO public."Session_attendance" (id, is_present, marking_time, student_id, manual, slug, on_premises, coordinates_id) VALUES (461, false, NULL, 57, false, '336363_1709524610', false, NULL);
INSERT INTO public."Session_attendance" (id, is_present, marking_time, student_id, manual, slug, on_premises, coordinates_id) VALUES (462, false, NULL, 58, false, '693009_1709524610', false, NULL);
INSERT INTO public."Session_attendance" (id, is_present, marking_time, student_id, manual, slug, on_premises, coordinates_id) VALUES (463, false, NULL, 59, false, '269543_1709524610', false, NULL);
INSERT INTO public."Session_attendance" (id, is_present, marking_time, student_id, manual, slug, on_premises, coordinates_id) VALUES (464, false, NULL, 60, false, '336819_1709524610', false, NULL);
INSERT INTO public."Session_attendance" (id, is_present, marking_time, student_id, manual, slug, on_premises, coordinates_id) VALUES (465, false, NULL, 61, false, '681381_1709524610', false, NULL);
INSERT INTO public."Session_attendance" (id, is_present, marking_time, student_id, manual, slug, on_premises, coordinates_id) VALUES (466, false, NULL, 62, false, '469687_1709524610', false, NULL);
INSERT INTO public."Session_attendance" (id, is_present, marking_time, student_id, manual, slug, on_premises, coordinates_id) VALUES (467, false, NULL, 63, false, '136397_1709524610', false, NULL);
INSERT INTO public."Session_attendance" (id, is_present, marking_time, student_id, manual, slug, on_premises, coordinates_id) VALUES (468, false, NULL, 64, false, '269398_1709524610', false, NULL);
INSERT INTO public."Session_attendance" (id, is_present, marking_time, student_id, manual, slug, on_premises, coordinates_id) VALUES (469, false, NULL, 65, false, '310694_1709524610', false, NULL);
INSERT INTO public."Session_attendance" (id, is_present, marking_time, student_id, manual, slug, on_premises, coordinates_id) VALUES (470, false, NULL, 66, false, '108280_1709524610', false, NULL);
INSERT INTO public."Session_attendance" (id, is_present, marking_time, student_id, manual, slug, on_premises, coordinates_id) VALUES (471, false, NULL, 67, false, '298568_1709524610', false, NULL);
INSERT INTO public."Session_attendance" (id, is_present, marking_time, student_id, manual, slug, on_premises, coordinates_id) VALUES (472, false, NULL, 68, false, '265332_1709524610', false, NULL);
INSERT INTO public."Session_attendance" (id, is_present, marking_time, student_id, manual, slug, on_premises, coordinates_id) VALUES (473, false, NULL, 69, false, '202019_1709524610', false, NULL);
INSERT INTO public."Session_attendance" (id, is_present, marking_time, student_id, manual, slug, on_premises, coordinates_id) VALUES (474, false, NULL, 70, false, '187980_1709524610', false, NULL);
INSERT INTO public."Session_attendance" (id, is_present, marking_time, student_id, manual, slug, on_premises, coordinates_id) VALUES (475, false, NULL, 71, false, '704656_1709524610', false, NULL);
INSERT INTO public."Session_attendance" (id, is_present, marking_time, student_id, manual, slug, on_premises, coordinates_id) VALUES (476, false, NULL, 72, false, '190088_1709524610', false, NULL);
INSERT INTO public."Session_attendance" (id, is_present, marking_time, student_id, manual, slug, on_premises, coordinates_id) VALUES (477, false, NULL, 73, false, '240313_1709524610', false, NULL);
INSERT INTO public."Session_attendance" (id, is_present, marking_time, student_id, manual, slug, on_premises, coordinates_id) VALUES (478, false, NULL, 74, false, '232387_1709524610', false, NULL);
INSERT INTO public."Session_attendance" (id, is_present, marking_time, student_id, manual, slug, on_premises, coordinates_id) VALUES (479, false, NULL, 75, false, '107112_1709524610', false, NULL);
INSERT INTO public."Session_attendance" (id, is_present, marking_time, student_id, manual, slug, on_premises, coordinates_id) VALUES (480, false, NULL, 76, false, '172391_1709524610', false, NULL);
INSERT INTO public."Session_attendance" (id, is_present, marking_time, student_id, manual, slug, on_premises, coordinates_id) VALUES (481, false, NULL, 77, false, '123336_1709524610', false, NULL);
INSERT INTO public."Session_attendance" (id, is_present, marking_time, student_id, manual, slug, on_premises, coordinates_id) VALUES (482, false, NULL, 78, false, '318158_1709524610', false, NULL);
INSERT INTO public."Session_attendance" (id, is_present, marking_time, student_id, manual, slug, on_premises, coordinates_id) VALUES (483, false, NULL, 79, false, '512149_1709524610', false, NULL);
INSERT INTO public."Session_attendance" (id, is_present, marking_time, student_id, manual, slug, on_premises, coordinates_id) VALUES (484, false, NULL, 80, false, '306313_1709524610', false, NULL);
INSERT INTO public."Session_attendance" (id, is_present, marking_time, student_id, manual, slug, on_premises, coordinates_id) VALUES (485, false, NULL, 81, false, '166869_1709524610', false, NULL);
INSERT INTO public."Session_attendance" (id, is_present, marking_time, student_id, manual, slug, on_premises, coordinates_id) VALUES (594, false, NULL, 136, false, '204260_1709524811', false, NULL);
INSERT INTO public."Session_attendance" (id, is_present, marking_time, student_id, manual, slug, on_premises, coordinates_id) VALUES (595, false, NULL, 137, false, '241775_1709524811', false, NULL);
INSERT INTO public."Session_attendance" (id, is_present, marking_time, student_id, manual, slug, on_premises, coordinates_id) VALUES (596, false, NULL, 138, false, '174790_1709524811', false, NULL);
INSERT INTO public."Session_attendance" (id, is_present, marking_time, student_id, manual, slug, on_premises, coordinates_id) VALUES (597, false, NULL, 139, false, '604217_1709524811', false, NULL);
INSERT INTO public."Session_attendance" (id, is_present, marking_time, student_id, manual, slug, on_premises, coordinates_id) VALUES (598, false, NULL, 140, false, '255637_1709524811', false, NULL);
INSERT INTO public."Session_attendance" (id, is_present, marking_time, student_id, manual, slug, on_premises, coordinates_id) VALUES (599, false, NULL, 141, false, '274454_1709524811', false, NULL);
INSERT INTO public."Session_attendance" (id, is_present, marking_time, student_id, manual, slug, on_premises, coordinates_id) VALUES (600, false, NULL, 142, false, '878712_1709524811', false, NULL);
INSERT INTO public."Session_attendance" (id, is_present, marking_time, student_id, manual, slug, on_premises, coordinates_id) VALUES (601, false, NULL, 143, false, '920450_1709524811', false, NULL);
INSERT INTO public."Session_attendance" (id, is_present, marking_time, student_id, manual, slug, on_premises, coordinates_id) VALUES (602, false, NULL, 144, false, '594201_1709524811', false, NULL);
INSERT INTO public."Session_attendance" (id, is_present, marking_time, student_id, manual, slug, on_premises, coordinates_id) VALUES (603, false, NULL, 145, false, '213014_1709524811', false, NULL);
INSERT INTO public."Session_attendance" (id, is_present, marking_time, student_id, manual, slug, on_premises, coordinates_id) VALUES (604, false, NULL, 146, false, '202601_1709524811', false, NULL);
INSERT INTO public."Session_attendance" (id, is_present, marking_time, student_id, manual, slug, on_premises, coordinates_id) VALUES (605, false, NULL, 147, false, '309622_1709524811', false, NULL);
INSERT INTO public."Session_attendance" (id, is_present, marking_time, student_id, manual, slug, on_premises, coordinates_id) VALUES (606, false, NULL, 148, false, '149102_1709524811', false, NULL);
INSERT INTO public."Session_attendance" (id, is_present, marking_time, student_id, manual, slug, on_premises, coordinates_id) VALUES (607, false, NULL, 149, false, '123749_1709524811', false, NULL);
INSERT INTO public."Session_attendance" (id, is_present, marking_time, student_id, manual, slug, on_premises, coordinates_id) VALUES (608, false, NULL, 150, false, '145730_1709524811', false, NULL);
INSERT INTO public."Session_attendance" (id, is_present, marking_time, student_id, manual, slug, on_premises, coordinates_id) VALUES (609, false, NULL, 151, false, '179515_1709524811', false, NULL);
INSERT INTO public."Session_attendance" (id, is_present, marking_time, student_id, manual, slug, on_premises, coordinates_id) VALUES (610, false, NULL, 152, false, '235366_1709524811', false, NULL);
INSERT INTO public."Session_attendance" (id, is_present, marking_time, student_id, manual, slug, on_premises, coordinates_id) VALUES (611, false, NULL, 153, false, '171161_1709524811', false, NULL);
INSERT INTO public."Session_attendance" (id, is_present, marking_time, student_id, manual, slug, on_premises, coordinates_id) VALUES (612, false, NULL, 154, false, '128395_1709524811', false, NULL);
INSERT INTO public."Session_attendance" (id, is_present, marking_time, student_id, manual, slug, on_premises, coordinates_id) VALUES (613, false, NULL, 155, false, '195330_1709524811', false, NULL);
INSERT INTO public."Session_attendance" (id, is_present, marking_time, student_id, manual, slug, on_premises, coordinates_id) VALUES (614, false, NULL, 156, false, '750685_1709524811', false, NULL);
INSERT INTO public."Session_attendance" (id, is_present, marking_time, student_id, manual, slug, on_premises, coordinates_id) VALUES (615, false, NULL, 157, false, '208387_1709524811', false, NULL);
INSERT INTO public."Session_attendance" (id, is_present, marking_time, student_id, manual, slug, on_premises, coordinates_id) VALUES (616, false, NULL, 158, false, '265258_1709524811', false, NULL);
INSERT INTO public."Session_attendance" (id, is_present, marking_time, student_id, manual, slug, on_premises, coordinates_id) VALUES (617, false, NULL, 159, false, '304242_1709524811', false, NULL);
INSERT INTO public."Session_attendance" (id, is_present, marking_time, student_id, manual, slug, on_premises, coordinates_id) VALUES (618, false, NULL, 160, false, '917746_1709524811', false, NULL);
INSERT INTO public."Session_attendance" (id, is_present, marking_time, student_id, manual, slug, on_premises, coordinates_id) VALUES (619, false, NULL, 161, false, '560206_1709524811', false, NULL);
INSERT INTO public."Session_attendance" (id, is_present, marking_time, student_id, manual, slug, on_premises, coordinates_id) VALUES (620, false, NULL, 162, false, '104162_1709524811', false, NULL);
INSERT INTO public."Session_attendance" (id, is_present, marking_time, student_id, manual, slug, on_premises, coordinates_id) VALUES (621, false, NULL, 163, false, '179012_1709524811', false, NULL);
INSERT INTO public."Session_attendance" (id, is_present, marking_time, student_id, manual, slug, on_premises, coordinates_id) VALUES (622, false, NULL, 128, false, '233334_1709524811', false, NULL);
INSERT INTO public."Session_attendance" (id, is_present, marking_time, student_id, manual, slug, on_premises, coordinates_id) VALUES (623, false, NULL, 129, false, '238731_1709524811', false, NULL);
INSERT INTO public."Session_attendance" (id, is_present, marking_time, student_id, manual, slug, on_premises, coordinates_id) VALUES (624, false, NULL, 130, false, '811423_1709524811', false, NULL);
INSERT INTO public."Session_attendance" (id, is_present, marking_time, student_id, manual, slug, on_premises, coordinates_id) VALUES (625, false, NULL, 131, false, '264664_1709524811', false, NULL);
INSERT INTO public."Session_attendance" (id, is_present, marking_time, student_id, manual, slug, on_premises, coordinates_id) VALUES (626, false, NULL, 132, false, '166567_1709524811', false, NULL);
INSERT INTO public."Session_attendance" (id, is_present, marking_time, student_id, manual, slug, on_premises, coordinates_id) VALUES (627, false, NULL, 133, false, '647892_1709524811', false, NULL);
INSERT INTO public."Session_attendance" (id, is_present, marking_time, student_id, manual, slug, on_premises, coordinates_id) VALUES (628, false, NULL, 134, false, '116937_1709524811', false, NULL);
INSERT INTO public."Session_attendance" (id, is_present, marking_time, student_id, manual, slug, on_premises, coordinates_id) VALUES (629, false, NULL, 135, false, '337204_1709524811', false, NULL);
INSERT INTO public."Session_attendance" (id, is_present, marking_time, student_id, manual, slug, on_premises, coordinates_id) VALUES (630, false, NULL, 109, false, '658641_1709524811', false, NULL);
INSERT INTO public."Session_attendance" (id, is_present, marking_time, student_id, manual, slug, on_premises, coordinates_id) VALUES (631, false, NULL, 110, false, '232945_1709524811', false, NULL);
INSERT INTO public."Session_attendance" (id, is_present, marking_time, student_id, manual, slug, on_premises, coordinates_id) VALUES (632, false, NULL, 111, false, '144210_1709524811', false, NULL);
INSERT INTO public."Session_attendance" (id, is_present, marking_time, student_id, manual, slug, on_premises, coordinates_id) VALUES (633, false, NULL, 112, false, '315982_1709524811', false, NULL);
INSERT INTO public."Session_attendance" (id, is_present, marking_time, student_id, manual, slug, on_premises, coordinates_id) VALUES (634, false, NULL, 113, false, '178208_1709524811', false, NULL);
INSERT INTO public."Session_attendance" (id, is_present, marking_time, student_id, manual, slug, on_premises, coordinates_id) VALUES (635, false, NULL, 114, false, '165308_1709524811', false, NULL);
INSERT INTO public."Session_attendance" (id, is_present, marking_time, student_id, manual, slug, on_premises, coordinates_id) VALUES (636, false, NULL, 115, false, '201299_1709524811', false, NULL);
INSERT INTO public."Session_attendance" (id, is_present, marking_time, student_id, manual, slug, on_premises, coordinates_id) VALUES (637, false, NULL, 116, false, '305687_1709524811', false, NULL);
INSERT INTO public."Session_attendance" (id, is_present, marking_time, student_id, manual, slug, on_premises, coordinates_id) VALUES (638, false, NULL, 117, false, '331084_1709524811', false, NULL);
INSERT INTO public."Session_attendance" (id, is_present, marking_time, student_id, manual, slug, on_premises, coordinates_id) VALUES (639, false, NULL, 118, false, '309252_1709524811', false, NULL);
INSERT INTO public."Session_attendance" (id, is_present, marking_time, student_id, manual, slug, on_premises, coordinates_id) VALUES (640, false, NULL, 119, false, '109472_1709524811', false, NULL);
INSERT INTO public."Session_attendance" (id, is_present, marking_time, student_id, manual, slug, on_premises, coordinates_id) VALUES (641, false, NULL, 120, false, '277954_1709524811', false, NULL);
INSERT INTO public."Session_attendance" (id, is_present, marking_time, student_id, manual, slug, on_premises, coordinates_id) VALUES (642, false, NULL, 121, false, '266719_1709524811', false, NULL);
INSERT INTO public."Session_attendance" (id, is_present, marking_time, student_id, manual, slug, on_premises, coordinates_id) VALUES (643, false, NULL, 122, false, '125460_1709524811', false, NULL);
INSERT INTO public."Session_attendance" (id, is_present, marking_time, student_id, manual, slug, on_premises, coordinates_id) VALUES (644, false, NULL, 123, false, '297337_1709524811', false, NULL);
INSERT INTO public."Session_attendance" (id, is_present, marking_time, student_id, manual, slug, on_premises, coordinates_id) VALUES (645, false, NULL, 124, false, '202721_1709524811', false, NULL);
INSERT INTO public."Session_attendance" (id, is_present, marking_time, student_id, manual, slug, on_premises, coordinates_id) VALUES (646, false, NULL, 125, false, '113138_1709524811', false, NULL);
INSERT INTO public."Session_attendance" (id, is_present, marking_time, student_id, manual, slug, on_premises, coordinates_id) VALUES (647, false, NULL, 126, false, '333374_1709524811', false, NULL);
INSERT INTO public."Session_attendance" (id, is_present, marking_time, student_id, manual, slug, on_premises, coordinates_id) VALUES (648, false, NULL, 127, false, '192073_1709524811', false, NULL);
INSERT INTO public."Session_attendance" (id, is_present, marking_time, student_id, manual, slug, on_premises, coordinates_id) VALUES (649, false, NULL, 82, false, '199077_1709524811', false, NULL);
INSERT INTO public."Session_attendance" (id, is_present, marking_time, student_id, manual, slug, on_premises, coordinates_id) VALUES (650, false, NULL, 83, false, '970065_1709524811', false, NULL);
INSERT INTO public."Session_attendance" (id, is_present, marking_time, student_id, manual, slug, on_premises, coordinates_id) VALUES (651, false, NULL, 84, false, '203477_1709524811', false, NULL);
INSERT INTO public."Session_attendance" (id, is_present, marking_time, student_id, manual, slug, on_premises, coordinates_id) VALUES (652, false, NULL, 85, false, '203587_1709524811', false, NULL);
INSERT INTO public."Session_attendance" (id, is_present, marking_time, student_id, manual, slug, on_premises, coordinates_id) VALUES (653, false, NULL, 86, false, '157754_1709524811', false, NULL);
INSERT INTO public."Session_attendance" (id, is_present, marking_time, student_id, manual, slug, on_premises, coordinates_id) VALUES (654, false, NULL, 87, false, '504591_1709524811', false, NULL);
INSERT INTO public."Session_attendance" (id, is_present, marking_time, student_id, manual, slug, on_premises, coordinates_id) VALUES (655, false, NULL, 88, false, '380277_1709524811', false, NULL);
INSERT INTO public."Session_attendance" (id, is_present, marking_time, student_id, manual, slug, on_premises, coordinates_id) VALUES (656, false, NULL, 89, false, '294826_1709524811', false, NULL);
INSERT INTO public."Session_attendance" (id, is_present, marking_time, student_id, manual, slug, on_premises, coordinates_id) VALUES (657, false, NULL, 90, false, '214515_1709524811', false, NULL);
INSERT INTO public."Session_attendance" (id, is_present, marking_time, student_id, manual, slug, on_premises, coordinates_id) VALUES (658, false, NULL, 91, false, '209608_1709524811', false, NULL);
INSERT INTO public."Session_attendance" (id, is_present, marking_time, student_id, manual, slug, on_premises, coordinates_id) VALUES (659, false, NULL, 92, false, '265485_1709524811', false, NULL);
INSERT INTO public."Session_attendance" (id, is_present, marking_time, student_id, manual, slug, on_premises, coordinates_id) VALUES (660, false, NULL, 93, false, '317668_1709524811', false, NULL);
INSERT INTO public."Session_attendance" (id, is_present, marking_time, student_id, manual, slug, on_premises, coordinates_id) VALUES (661, false, NULL, 94, false, '132050_1709524811', false, NULL);
INSERT INTO public."Session_attendance" (id, is_present, marking_time, student_id, manual, slug, on_premises, coordinates_id) VALUES (662, false, NULL, 95, false, '150625_1709524811', false, NULL);
INSERT INTO public."Session_attendance" (id, is_present, marking_time, student_id, manual, slug, on_premises, coordinates_id) VALUES (663, false, NULL, 96, false, '188791_1709524811', false, NULL);
INSERT INTO public."Session_attendance" (id, is_present, marking_time, student_id, manual, slug, on_premises, coordinates_id) VALUES (664, false, NULL, 97, false, '210062_1709524811', false, NULL);
INSERT INTO public."Session_attendance" (id, is_present, marking_time, student_id, manual, slug, on_premises, coordinates_id) VALUES (665, false, NULL, 98, false, '193891_1709524811', false, NULL);
INSERT INTO public."Session_attendance" (id, is_present, marking_time, student_id, manual, slug, on_premises, coordinates_id) VALUES (666, false, NULL, 99, false, '258081_1709524811', false, NULL);
INSERT INTO public."Session_attendance" (id, is_present, marking_time, student_id, manual, slug, on_premises, coordinates_id) VALUES (667, false, NULL, 100, false, '158150_1709524811', false, NULL);
INSERT INTO public."Session_attendance" (id, is_present, marking_time, student_id, manual, slug, on_premises, coordinates_id) VALUES (668, false, NULL, 101, false, '281123_1709524811', false, NULL);
INSERT INTO public."Session_attendance" (id, is_present, marking_time, student_id, manual, slug, on_premises, coordinates_id) VALUES (669, false, NULL, 102, false, '366492_1709524811', false, NULL);
INSERT INTO public."Session_attendance" (id, is_present, marking_time, student_id, manual, slug, on_premises, coordinates_id) VALUES (670, false, NULL, 103, false, '154722_1709524811', false, NULL);
INSERT INTO public."Session_attendance" (id, is_present, marking_time, student_id, manual, slug, on_premises, coordinates_id) VALUES (671, false, NULL, 104, false, '306972_1709524811', false, NULL);
INSERT INTO public."Session_attendance" (id, is_present, marking_time, student_id, manual, slug, on_premises, coordinates_id) VALUES (672, false, NULL, 105, false, '329671_1709524811', false, NULL);
INSERT INTO public."Session_attendance" (id, is_present, marking_time, student_id, manual, slug, on_premises, coordinates_id) VALUES (673, false, NULL, 106, false, '177526_1709524811', false, NULL);
INSERT INTO public."Session_attendance" (id, is_present, marking_time, student_id, manual, slug, on_premises, coordinates_id) VALUES (674, false, NULL, 107, false, '902830_1709524811', false, NULL);
INSERT INTO public."Session_attendance" (id, is_present, marking_time, student_id, manual, slug, on_premises, coordinates_id) VALUES (675, false, NULL, 108, false, '250069_1709524811', false, NULL);
INSERT INTO public."Session_attendance" (id, is_present, marking_time, student_id, manual, slug, on_premises, coordinates_id) VALUES (676, false, NULL, 136, false, '407004_1709524884', false, NULL);
INSERT INTO public."Session_attendance" (id, is_present, marking_time, student_id, manual, slug, on_premises, coordinates_id) VALUES (677, false, NULL, 137, false, '302913_1709524884', false, NULL);
INSERT INTO public."Session_attendance" (id, is_present, marking_time, student_id, manual, slug, on_premises, coordinates_id) VALUES (678, false, NULL, 138, false, '289126_1709524884', false, NULL);
INSERT INTO public."Session_attendance" (id, is_present, marking_time, student_id, manual, slug, on_premises, coordinates_id) VALUES (679, false, NULL, 139, false, '193910_1709524884', false, NULL);
INSERT INTO public."Session_attendance" (id, is_present, marking_time, student_id, manual, slug, on_premises, coordinates_id) VALUES (680, false, NULL, 140, false, '915590_1709524884', false, NULL);
INSERT INTO public."Session_attendance" (id, is_present, marking_time, student_id, manual, slug, on_premises, coordinates_id) VALUES (681, false, NULL, 141, false, '517514_1709524884', false, NULL);
INSERT INTO public."Session_attendance" (id, is_present, marking_time, student_id, manual, slug, on_premises, coordinates_id) VALUES (682, false, NULL, 142, false, '326238_1709524884', false, NULL);
INSERT INTO public."Session_attendance" (id, is_present, marking_time, student_id, manual, slug, on_premises, coordinates_id) VALUES (683, false, NULL, 143, false, '247449_1709524884', false, NULL);
INSERT INTO public."Session_attendance" (id, is_present, marking_time, student_id, manual, slug, on_premises, coordinates_id) VALUES (684, false, NULL, 144, false, '254347_1709524884', false, NULL);
INSERT INTO public."Session_attendance" (id, is_present, marking_time, student_id, manual, slug, on_premises, coordinates_id) VALUES (685, false, NULL, 145, false, '114193_1709524884', false, NULL);
INSERT INTO public."Session_attendance" (id, is_present, marking_time, student_id, manual, slug, on_premises, coordinates_id) VALUES (686, false, NULL, 146, false, '595111_1709524884', false, NULL);
INSERT INTO public."Session_attendance" (id, is_present, marking_time, student_id, manual, slug, on_premises, coordinates_id) VALUES (687, false, NULL, 147, false, '530519_1709524884', false, NULL);
INSERT INTO public."Session_attendance" (id, is_present, marking_time, student_id, manual, slug, on_premises, coordinates_id) VALUES (688, false, NULL, 148, false, '306120_1709524884', false, NULL);
INSERT INTO public."Session_attendance" (id, is_present, marking_time, student_id, manual, slug, on_premises, coordinates_id) VALUES (689, false, NULL, 149, false, '218821_1709524884', false, NULL);
INSERT INTO public."Session_attendance" (id, is_present, marking_time, student_id, manual, slug, on_premises, coordinates_id) VALUES (690, false, NULL, 150, false, '183831_1709524884', false, NULL);
INSERT INTO public."Session_attendance" (id, is_present, marking_time, student_id, manual, slug, on_premises, coordinates_id) VALUES (691, false, NULL, 151, false, '107498_1709524884', false, NULL);
INSERT INTO public."Session_attendance" (id, is_present, marking_time, student_id, manual, slug, on_premises, coordinates_id) VALUES (692, false, NULL, 152, false, '894184_1709524884', false, NULL);
INSERT INTO public."Session_attendance" (id, is_present, marking_time, student_id, manual, slug, on_premises, coordinates_id) VALUES (693, false, NULL, 153, false, '320656_1709524884', false, NULL);
INSERT INTO public."Session_attendance" (id, is_present, marking_time, student_id, manual, slug, on_premises, coordinates_id) VALUES (694, false, NULL, 154, false, '196730_1709524884', false, NULL);
INSERT INTO public."Session_attendance" (id, is_present, marking_time, student_id, manual, slug, on_premises, coordinates_id) VALUES (695, false, NULL, 155, false, '192622_1709524884', false, NULL);
INSERT INTO public."Session_attendance" (id, is_present, marking_time, student_id, manual, slug, on_premises, coordinates_id) VALUES (696, false, NULL, 156, false, '228526_1709524884', false, NULL);
INSERT INTO public."Session_attendance" (id, is_present, marking_time, student_id, manual, slug, on_premises, coordinates_id) VALUES (697, false, NULL, 157, false, '175508_1709524884', false, NULL);
INSERT INTO public."Session_attendance" (id, is_present, marking_time, student_id, manual, slug, on_premises, coordinates_id) VALUES (698, false, NULL, 158, false, '431575_1709524884', false, NULL);
INSERT INTO public."Session_attendance" (id, is_present, marking_time, student_id, manual, slug, on_premises, coordinates_id) VALUES (699, false, NULL, 159, false, '290115_1709524884', false, NULL);
INSERT INTO public."Session_attendance" (id, is_present, marking_time, student_id, manual, slug, on_premises, coordinates_id) VALUES (700, false, NULL, 160, false, '824755_1709524884', false, NULL);
INSERT INTO public."Session_attendance" (id, is_present, marking_time, student_id, manual, slug, on_premises, coordinates_id) VALUES (701, false, NULL, 161, false, '121709_1709524884', false, NULL);
INSERT INTO public."Session_attendance" (id, is_present, marking_time, student_id, manual, slug, on_premises, coordinates_id) VALUES (702, false, NULL, 162, false, '637192_1709524884', false, NULL);
INSERT INTO public."Session_attendance" (id, is_present, marking_time, student_id, manual, slug, on_premises, coordinates_id) VALUES (703, false, NULL, 163, false, '268236_1709524884', false, NULL);
INSERT INTO public."Session_attendance" (id, is_present, marking_time, student_id, manual, slug, on_premises, coordinates_id) VALUES (704, false, NULL, 128, false, '162125_1709524884', false, NULL);
INSERT INTO public."Session_attendance" (id, is_present, marking_time, student_id, manual, slug, on_premises, coordinates_id) VALUES (705, false, NULL, 129, false, '518807_1709524884', false, NULL);
INSERT INTO public."Session_attendance" (id, is_present, marking_time, student_id, manual, slug, on_premises, coordinates_id) VALUES (706, false, NULL, 130, false, '177704_1709524884', false, NULL);
INSERT INTO public."Session_attendance" (id, is_present, marking_time, student_id, manual, slug, on_premises, coordinates_id) VALUES (707, false, NULL, 131, false, '307387_1709524884', false, NULL);
INSERT INTO public."Session_attendance" (id, is_present, marking_time, student_id, manual, slug, on_premises, coordinates_id) VALUES (708, false, NULL, 132, false, '541308_1709524884', false, NULL);
INSERT INTO public."Session_attendance" (id, is_present, marking_time, student_id, manual, slug, on_premises, coordinates_id) VALUES (709, false, NULL, 133, false, '261736_1709524884', false, NULL);
INSERT INTO public."Session_attendance" (id, is_present, marking_time, student_id, manual, slug, on_premises, coordinates_id) VALUES (710, false, NULL, 134, false, '879214_1709524884', false, NULL);
INSERT INTO public."Session_attendance" (id, is_present, marking_time, student_id, manual, slug, on_premises, coordinates_id) VALUES (711, false, NULL, 135, false, '179326_1709524884', false, NULL);
INSERT INTO public."Session_attendance" (id, is_present, marking_time, student_id, manual, slug, on_premises, coordinates_id) VALUES (712, false, NULL, 109, false, '201269_1709524884', false, NULL);
INSERT INTO public."Session_attendance" (id, is_present, marking_time, student_id, manual, slug, on_premises, coordinates_id) VALUES (713, false, NULL, 110, false, '318840_1709524884', false, NULL);
INSERT INTO public."Session_attendance" (id, is_present, marking_time, student_id, manual, slug, on_premises, coordinates_id) VALUES (714, false, NULL, 111, false, '240656_1709524884', false, NULL);
INSERT INTO public."Session_attendance" (id, is_present, marking_time, student_id, manual, slug, on_premises, coordinates_id) VALUES (715, false, NULL, 112, false, '200000_1709524884', false, NULL);
INSERT INTO public."Session_attendance" (id, is_present, marking_time, student_id, manual, slug, on_premises, coordinates_id) VALUES (716, false, NULL, 113, false, '164454_1709524884', false, NULL);
INSERT INTO public."Session_attendance" (id, is_present, marking_time, student_id, manual, slug, on_premises, coordinates_id) VALUES (717, false, NULL, 114, false, '192183_1709524884', false, NULL);
INSERT INTO public."Session_attendance" (id, is_present, marking_time, student_id, manual, slug, on_premises, coordinates_id) VALUES (718, false, NULL, 115, false, '302898_1709524884', false, NULL);
INSERT INTO public."Session_attendance" (id, is_present, marking_time, student_id, manual, slug, on_premises, coordinates_id) VALUES (719, false, NULL, 116, false, '634949_1709524884', false, NULL);
INSERT INTO public."Session_attendance" (id, is_present, marking_time, student_id, manual, slug, on_premises, coordinates_id) VALUES (720, false, NULL, 117, false, '209193_1709524884', false, NULL);
INSERT INTO public."Session_attendance" (id, is_present, marking_time, student_id, manual, slug, on_premises, coordinates_id) VALUES (721, false, NULL, 118, false, '337070_1709524884', false, NULL);
INSERT INTO public."Session_attendance" (id, is_present, marking_time, student_id, manual, slug, on_premises, coordinates_id) VALUES (722, false, NULL, 119, false, '316610_1709524884', false, NULL);
INSERT INTO public."Session_attendance" (id, is_present, marking_time, student_id, manual, slug, on_premises, coordinates_id) VALUES (723, false, NULL, 120, false, '274791_1709524884', false, NULL);
INSERT INTO public."Session_attendance" (id, is_present, marking_time, student_id, manual, slug, on_premises, coordinates_id) VALUES (724, false, NULL, 121, false, '110260_1709524884', false, NULL);
INSERT INTO public."Session_attendance" (id, is_present, marking_time, student_id, manual, slug, on_premises, coordinates_id) VALUES (725, false, NULL, 122, false, '156399_1709524884', false, NULL);
INSERT INTO public."Session_attendance" (id, is_present, marking_time, student_id, manual, slug, on_premises, coordinates_id) VALUES (726, false, NULL, 123, false, '969289_1709524884', false, NULL);
INSERT INTO public."Session_attendance" (id, is_present, marking_time, student_id, manual, slug, on_premises, coordinates_id) VALUES (727, false, NULL, 124, false, '209909_1709524884', false, NULL);
INSERT INTO public."Session_attendance" (id, is_present, marking_time, student_id, manual, slug, on_premises, coordinates_id) VALUES (728, false, NULL, 125, false, '658951_1709524884', false, NULL);
INSERT INTO public."Session_attendance" (id, is_present, marking_time, student_id, manual, slug, on_premises, coordinates_id) VALUES (729, false, NULL, 126, false, '111477_1709524884', false, NULL);
INSERT INTO public."Session_attendance" (id, is_present, marking_time, student_id, manual, slug, on_premises, coordinates_id) VALUES (730, false, NULL, 127, false, '968105_1709524884', false, NULL);
INSERT INTO public."Session_attendance" (id, is_present, marking_time, student_id, manual, slug, on_premises, coordinates_id) VALUES (731, false, NULL, 82, false, '217324_1709524884', false, NULL);
INSERT INTO public."Session_attendance" (id, is_present, marking_time, student_id, manual, slug, on_premises, coordinates_id) VALUES (732, false, NULL, 83, false, '935149_1709524884', false, NULL);
INSERT INTO public."Session_attendance" (id, is_present, marking_time, student_id, manual, slug, on_premises, coordinates_id) VALUES (733, false, NULL, 84, false, '672130_1709524884', false, NULL);
INSERT INTO public."Session_attendance" (id, is_present, marking_time, student_id, manual, slug, on_premises, coordinates_id) VALUES (734, false, NULL, 85, false, '227912_1709524884', false, NULL);
INSERT INTO public."Session_attendance" (id, is_present, marking_time, student_id, manual, slug, on_premises, coordinates_id) VALUES (735, false, NULL, 86, false, '274072_1709524884', false, NULL);
INSERT INTO public."Session_attendance" (id, is_present, marking_time, student_id, manual, slug, on_premises, coordinates_id) VALUES (736, false, NULL, 87, false, '216606_1709524884', false, NULL);
INSERT INTO public."Session_attendance" (id, is_present, marking_time, student_id, manual, slug, on_premises, coordinates_id) VALUES (737, false, NULL, 88, false, '538511_1709524884', false, NULL);
INSERT INTO public."Session_attendance" (id, is_present, marking_time, student_id, manual, slug, on_premises, coordinates_id) VALUES (738, false, NULL, 89, false, '885553_1709524884', false, NULL);
INSERT INTO public."Session_attendance" (id, is_present, marking_time, student_id, manual, slug, on_premises, coordinates_id) VALUES (739, false, NULL, 90, false, '159598_1709524884', false, NULL);
INSERT INTO public."Session_attendance" (id, is_present, marking_time, student_id, manual, slug, on_premises, coordinates_id) VALUES (740, false, NULL, 91, false, '277036_1709524884', false, NULL);
INSERT INTO public."Session_attendance" (id, is_present, marking_time, student_id, manual, slug, on_premises, coordinates_id) VALUES (741, false, NULL, 92, false, '300084_1709524884', false, NULL);
INSERT INTO public."Session_attendance" (id, is_present, marking_time, student_id, manual, slug, on_premises, coordinates_id) VALUES (742, false, NULL, 93, false, '685261_1709524884', false, NULL);
INSERT INTO public."Session_attendance" (id, is_present, marking_time, student_id, manual, slug, on_premises, coordinates_id) VALUES (743, false, NULL, 94, false, '199511_1709524884', false, NULL);
INSERT INTO public."Session_attendance" (id, is_present, marking_time, student_id, manual, slug, on_premises, coordinates_id) VALUES (744, false, NULL, 95, false, '918032_1709524884', false, NULL);
INSERT INTO public."Session_attendance" (id, is_present, marking_time, student_id, manual, slug, on_premises, coordinates_id) VALUES (745, false, NULL, 96, false, '548215_1709524884', false, NULL);
INSERT INTO public."Session_attendance" (id, is_present, marking_time, student_id, manual, slug, on_premises, coordinates_id) VALUES (746, false, NULL, 97, false, '168014_1709524884', false, NULL);
INSERT INTO public."Session_attendance" (id, is_present, marking_time, student_id, manual, slug, on_premises, coordinates_id) VALUES (747, false, NULL, 98, false, '225126_1709524884', false, NULL);
INSERT INTO public."Session_attendance" (id, is_present, marking_time, student_id, manual, slug, on_premises, coordinates_id) VALUES (748, false, NULL, 99, false, '462120_1709524884', false, NULL);
INSERT INTO public."Session_attendance" (id, is_present, marking_time, student_id, manual, slug, on_premises, coordinates_id) VALUES (749, false, NULL, 100, false, '191747_1709524884', false, NULL);
INSERT INTO public."Session_attendance" (id, is_present, marking_time, student_id, manual, slug, on_premises, coordinates_id) VALUES (750, false, NULL, 101, false, '225016_1709524884', false, NULL);
INSERT INTO public."Session_attendance" (id, is_present, marking_time, student_id, manual, slug, on_premises, coordinates_id) VALUES (751, false, NULL, 102, false, '241324_1709524884', false, NULL);
INSERT INTO public."Session_attendance" (id, is_present, marking_time, student_id, manual, slug, on_premises, coordinates_id) VALUES (752, false, NULL, 103, false, '298268_1709524884', false, NULL);
INSERT INTO public."Session_attendance" (id, is_present, marking_time, student_id, manual, slug, on_premises, coordinates_id) VALUES (753, false, NULL, 104, false, '230404_1709524884', false, NULL);
INSERT INTO public."Session_attendance" (id, is_present, marking_time, student_id, manual, slug, on_premises, coordinates_id) VALUES (754, false, NULL, 105, false, '239605_1709524884', false, NULL);
INSERT INTO public."Session_attendance" (id, is_present, marking_time, student_id, manual, slug, on_premises, coordinates_id) VALUES (755, false, NULL, 106, false, '238255_1709524884', false, NULL);
INSERT INTO public."Session_attendance" (id, is_present, marking_time, student_id, manual, slug, on_premises, coordinates_id) VALUES (756, false, NULL, 107, false, '177836_1709524884', false, NULL);
INSERT INTO public."Session_attendance" (id, is_present, marking_time, student_id, manual, slug, on_premises, coordinates_id) VALUES (757, false, NULL, 108, false, '423854_1709524884', false, NULL);
INSERT INTO public."Session_attendance" (id, is_present, marking_time, student_id, manual, slug, on_premises, coordinates_id) VALUES (791, false, NULL, 198, false, '214913_1709700733', false, NULL);
INSERT INTO public."Session_attendance" (id, is_present, marking_time, student_id, manual, slug, on_premises, coordinates_id) VALUES (792, false, NULL, 199, false, '235876_1709700733', false, NULL);
INSERT INTO public."Session_attendance" (id, is_present, marking_time, student_id, manual, slug, on_premises, coordinates_id) VALUES (793, false, NULL, 201, false, '156212_1709700733', false, NULL);
INSERT INTO public."Session_attendance" (id, is_present, marking_time, student_id, manual, slug, on_premises, coordinates_id) VALUES (794, false, NULL, 202, false, '329184_1709700733', false, NULL);
INSERT INTO public."Session_attendance" (id, is_present, marking_time, student_id, manual, slug, on_premises, coordinates_id) VALUES (795, false, NULL, 204, false, '114157_1709700733', false, NULL);
INSERT INTO public."Session_attendance" (id, is_present, marking_time, student_id, manual, slug, on_premises, coordinates_id) VALUES (796, false, NULL, 180, false, '834052_1709700733', false, NULL);
INSERT INTO public."Session_attendance" (id, is_present, marking_time, student_id, manual, slug, on_premises, coordinates_id) VALUES (797, false, NULL, 183, false, '283339_1709700733', false, NULL);
INSERT INTO public."Session_attendance" (id, is_present, marking_time, student_id, manual, slug, on_premises, coordinates_id) VALUES (798, false, NULL, 186, false, '234937_1709700733', false, NULL);
INSERT INTO public."Session_attendance" (id, is_present, marking_time, student_id, manual, slug, on_premises, coordinates_id) VALUES (799, false, NULL, 188, false, '271651_1709700733', false, NULL);
INSERT INTO public."Session_attendance" (id, is_present, marking_time, student_id, manual, slug, on_premises, coordinates_id) VALUES (800, false, NULL, 190, false, '198593_1709700733', false, NULL);
INSERT INTO public."Session_attendance" (id, is_present, marking_time, student_id, manual, slug, on_premises, coordinates_id) VALUES (801, false, NULL, 175, false, '139938_1709700733', false, NULL);
INSERT INTO public."Session_attendance" (id, is_present, marking_time, student_id, manual, slug, on_premises, coordinates_id) VALUES (802, true, '2024-03-06 05:01:57.31+00', 198, false, '996678_1709701166', true, 63);
INSERT INTO public."Session_attendance" (id, is_present, marking_time, student_id, manual, slug, on_premises, coordinates_id) VALUES (803, true, '2024-03-06 05:01:03.548+00', 199, false, '976506_1709701166', true, 60);
INSERT INTO public."Session_attendance" (id, is_present, marking_time, student_id, manual, slug, on_premises, coordinates_id) VALUES (804, false, NULL, 201, false, '250585_1709701166', false, NULL);
INSERT INTO public."Session_attendance" (id, is_present, marking_time, student_id, manual, slug, on_premises, coordinates_id) VALUES (805, true, '2024-03-06 05:03:16.817+00', 202, false, '165631_1709701166', true, 64);
INSERT INTO public."Session_attendance" (id, is_present, marking_time, student_id, manual, slug, on_premises, coordinates_id) VALUES (806, false, NULL, 204, false, '276856_1709701166', false, NULL);
INSERT INTO public."Session_attendance" (id, is_present, marking_time, student_id, manual, slug, on_premises, coordinates_id) VALUES (807, false, NULL, 180, false, '239408_1709701166', false, NULL);
INSERT INTO public."Session_attendance" (id, is_present, marking_time, student_id, manual, slug, on_premises, coordinates_id) VALUES (808, true, '2024-03-06 05:01:31.661+00', 183, false, '244348_1709701166', true, 61);
INSERT INTO public."Session_attendance" (id, is_present, marking_time, student_id, manual, slug, on_premises, coordinates_id) VALUES (809, true, '2024-03-06 05:03:23.807+00', 186, false, '291252_1709701166', true, 65);
INSERT INTO public."Session_attendance" (id, is_present, marking_time, student_id, manual, slug, on_premises, coordinates_id) VALUES (810, true, '2024-03-06 05:01:50.98+00', 188, false, '287098_1709701166', true, 62);
INSERT INTO public."Session_attendance" (id, is_present, marking_time, student_id, manual, slug, on_premises, coordinates_id) VALUES (811, false, NULL, 190, false, '820649_1709701166', false, NULL);
INSERT INTO public."Session_attendance" (id, is_present, marking_time, student_id, manual, slug, on_premises, coordinates_id) VALUES (812, true, '2024-03-06 05:00:34.356+00', 175, false, '273119_1709701166', true, 59);
INSERT INTO public."Session_attendance" (id, is_present, marking_time, student_id, manual, slug, on_premises, coordinates_id) VALUES (813, false, NULL, 192, false, '123428_1709702497', false, NULL);
INSERT INTO public."Session_attendance" (id, is_present, marking_time, student_id, manual, slug, on_premises, coordinates_id) VALUES (814, false, NULL, 193, false, '337422_1709702497', false, NULL);
INSERT INTO public."Session_attendance" (id, is_present, marking_time, student_id, manual, slug, on_premises, coordinates_id) VALUES (815, false, NULL, 179, false, '326920_1709702497', false, NULL);
INSERT INTO public."Session_attendance" (id, is_present, marking_time, student_id, manual, slug, on_premises, coordinates_id) VALUES (816, false, NULL, 180, false, '777827_1709702497', false, NULL);
INSERT INTO public."Session_attendance" (id, is_present, marking_time, student_id, manual, slug, on_premises, coordinates_id) VALUES (817, false, NULL, 181, false, '421090_1709702497', false, NULL);
INSERT INTO public."Session_attendance" (id, is_present, marking_time, student_id, manual, slug, on_premises, coordinates_id) VALUES (818, true, '2024-03-06 05:57:48.568+00', 182, false, '236987_1709702497', true, 67);
INSERT INTO public."Session_attendance" (id, is_present, marking_time, student_id, manual, slug, on_premises, coordinates_id) VALUES (819, true, '2024-03-06 05:58:07.238+00', 183, false, '490655_1709702497', true, 78);
INSERT INTO public."Session_attendance" (id, is_present, marking_time, student_id, manual, slug, on_premises, coordinates_id) VALUES (820, true, '2024-03-06 05:58:10.551+00', 184, false, '321885_1709702497', true, 81);
INSERT INTO public."Session_attendance" (id, is_present, marking_time, student_id, manual, slug, on_premises, coordinates_id) VALUES (821, false, NULL, 185, false, '263207_1709702497', false, NULL);
INSERT INTO public."Session_attendance" (id, is_present, marking_time, student_id, manual, slug, on_premises, coordinates_id) VALUES (822, true, '2024-03-06 05:57:53.003+00', 186, false, '178055_1709702497', true, 70);
INSERT INTO public."Session_attendance" (id, is_present, marking_time, student_id, manual, slug, on_premises, coordinates_id) VALUES (823, false, NULL, 187, false, '602057_1709702497', false, NULL);
INSERT INTO public."Session_attendance" (id, is_present, marking_time, student_id, manual, slug, on_premises, coordinates_id) VALUES (824, true, '2024-03-06 05:57:57.193+00', 188, false, '152950_1709702497', true, 75);
INSERT INTO public."Session_attendance" (id, is_present, marking_time, student_id, manual, slug, on_premises, coordinates_id) VALUES (825, false, NULL, 189, false, '217598_1709702497', false, NULL);
INSERT INTO public."Session_attendance" (id, is_present, marking_time, student_id, manual, slug, on_premises, coordinates_id) VALUES (826, false, NULL, 190, false, '276154_1709702497', false, NULL);
INSERT INTO public."Session_attendance" (id, is_present, marking_time, student_id, manual, slug, on_premises, coordinates_id) VALUES (827, false, NULL, 191, false, '109026_1709702497', false, NULL);
INSERT INTO public."Session_attendance" (id, is_present, marking_time, student_id, manual, slug, on_premises, coordinates_id) VALUES (828, false, NULL, 194, false, '338251_1709702497', false, NULL);
INSERT INTO public."Session_attendance" (id, is_present, marking_time, student_id, manual, slug, on_premises, coordinates_id) VALUES (829, true, '2024-03-06 05:57:54.279+00', 195, false, '657171_1709702497', true, 71);
INSERT INTO public."Session_attendance" (id, is_present, marking_time, student_id, manual, slug, on_premises, coordinates_id) VALUES (830, true, '2024-03-06 06:02:30.588+00', 196, false, '326671_1709702497', true, 85);
INSERT INTO public."Session_attendance" (id, is_present, marking_time, student_id, manual, slug, on_premises, coordinates_id) VALUES (831, true, '2024-03-06 06:02:48.566+00', 197, false, '299541_1709702497', true, 86);
INSERT INTO public."Session_attendance" (id, is_present, marking_time, student_id, manual, slug, on_premises, coordinates_id) VALUES (832, true, '2024-03-06 05:57:49.148+00', 198, false, '226768_1709702497', true, 68);
INSERT INTO public."Session_attendance" (id, is_present, marking_time, student_id, manual, slug, on_premises, coordinates_id) VALUES (833, true, '2024-03-06 05:58:04.179+00', 199, false, '226678_1709702497', true, 77);
INSERT INTO public."Session_attendance" (id, is_present, marking_time, student_id, manual, slug, on_premises, coordinates_id) VALUES (834, true, '2024-03-06 05:58:07.752+00', 200, false, '122570_1709702497', true, 79);
INSERT INTO public."Session_attendance" (id, is_present, marking_time, student_id, manual, slug, on_premises, coordinates_id) VALUES (835, false, NULL, 201, false, '326772_1709702497', false, NULL);
INSERT INTO public."Session_attendance" (id, is_present, marking_time, student_id, manual, slug, on_premises, coordinates_id) VALUES (836, true, '2024-03-06 05:58:00.525+00', 202, false, '938227_1709702497', true, 76);
INSERT INTO public."Session_attendance" (id, is_present, marking_time, student_id, manual, slug, on_premises, coordinates_id) VALUES (837, false, NULL, 203, false, '903345_1709702497', false, NULL);
INSERT INTO public."Session_attendance" (id, is_present, marking_time, student_id, manual, slug, on_premises, coordinates_id) VALUES (838, false, NULL, 204, false, '337106_1709702497', false, NULL);
INSERT INTO public."Session_attendance" (id, is_present, marking_time, student_id, manual, slug, on_premises, coordinates_id) VALUES (839, true, '2024-03-06 06:02:25.179+00', 205, false, '187988_1709702497', true, 84);
INSERT INTO public."Session_attendance" (id, is_present, marking_time, student_id, manual, slug, on_premises, coordinates_id) VALUES (840, false, NULL, 206, false, '125266_1709702497', false, NULL);
INSERT INTO public."Session_attendance" (id, is_present, marking_time, student_id, manual, slug, on_premises, coordinates_id) VALUES (841, false, NULL, 207, false, '322974_1709702497', false, NULL);
INSERT INTO public."Session_attendance" (id, is_present, marking_time, student_id, manual, slug, on_premises, coordinates_id) VALUES (842, false, NULL, 208, false, '299965_1709702497', false, NULL);
INSERT INTO public."Session_attendance" (id, is_present, marking_time, student_id, manual, slug, on_premises, coordinates_id) VALUES (843, true, '2024-03-06 05:57:51.616+00', 209, false, '153271_1709702497', true, 69);
INSERT INTO public."Session_attendance" (id, is_present, marking_time, student_id, manual, slug, on_premises, coordinates_id) VALUES (844, true, '2024-03-06 05:58:58.677+00', 164, false, '110846_1709702497', true, 83);
INSERT INTO public."Session_attendance" (id, is_present, marking_time, student_id, manual, slug, on_premises, coordinates_id) VALUES (845, true, '2024-03-06 05:58:37.32+00', 165, false, '261304_1709702497', true, 82);
INSERT INTO public."Session_attendance" (id, is_present, marking_time, student_id, manual, slug, on_premises, coordinates_id) VALUES (846, false, NULL, 166, false, '295539_1709702497', false, NULL);
INSERT INTO public."Session_attendance" (id, is_present, marking_time, student_id, manual, slug, on_premises, coordinates_id) VALUES (847, false, NULL, 167, false, '256386_1709702497', false, NULL);
INSERT INTO public."Session_attendance" (id, is_present, marking_time, student_id, manual, slug, on_premises, coordinates_id) VALUES (848, true, '2024-03-06 05:57:55.48+00', 168, false, '860966_1709702497', true, 73);
INSERT INTO public."Session_attendance" (id, is_present, marking_time, student_id, manual, slug, on_premises, coordinates_id) VALUES (849, false, NULL, 169, false, '920892_1709702497', false, NULL);
INSERT INTO public."Session_attendance" (id, is_present, marking_time, student_id, manual, slug, on_premises, coordinates_id) VALUES (850, false, NULL, 170, false, '480507_1709702497', false, NULL);
INSERT INTO public."Session_attendance" (id, is_present, marking_time, student_id, manual, slug, on_premises, coordinates_id) VALUES (851, false, NULL, 171, false, '136883_1709702497', false, NULL);
INSERT INTO public."Session_attendance" (id, is_present, marking_time, student_id, manual, slug, on_premises, coordinates_id) VALUES (852, false, NULL, 172, false, '326838_1709702497', false, NULL);
INSERT INTO public."Session_attendance" (id, is_present, marking_time, student_id, manual, slug, on_premises, coordinates_id) VALUES (853, false, NULL, 173, false, '102803_1709702497', false, NULL);
INSERT INTO public."Session_attendance" (id, is_present, marking_time, student_id, manual, slug, on_premises, coordinates_id) VALUES (854, true, '2024-03-06 05:58:10.329+00', 174, false, '867777_1709702497', true, 80);
INSERT INTO public."Session_attendance" (id, is_present, marking_time, student_id, manual, slug, on_premises, coordinates_id) VALUES (855, true, '2024-03-06 05:57:54.639+00', 175, false, '240591_1709702497', true, 72);
INSERT INTO public."Session_attendance" (id, is_present, marking_time, student_id, manual, slug, on_premises, coordinates_id) VALUES (856, true, '2024-03-06 05:57:55.593+00', 176, false, '719602_1709702497', true, 74);
INSERT INTO public."Session_attendance" (id, is_present, marking_time, student_id, manual, slug, on_premises, coordinates_id) VALUES (857, false, NULL, 177, false, '861652_1709702497', false, NULL);
INSERT INTO public."Session_attendance" (id, is_present, marking_time, student_id, manual, slug, on_premises, coordinates_id) VALUES (858, false, NULL, 178, false, '116551_1709702497', false, NULL);
INSERT INTO public."Session_attendance" (id, is_present, marking_time, student_id, manual, slug, on_premises, coordinates_id) VALUES (859, false, NULL, 1, false, '301236_1709717300', false, NULL);
INSERT INTO public."Session_attendance" (id, is_present, marking_time, student_id, manual, slug, on_premises, coordinates_id) VALUES (860, true, '2024-03-06 09:32:29.474+00', 2, false, '988827_1709717300', true, 94);
INSERT INTO public."Session_attendance" (id, is_present, marking_time, student_id, manual, slug, on_premises, coordinates_id) VALUES (861, true, '2024-03-06 09:31:40.217+00', 3, false, '188878_1709717300', true, 87);
INSERT INTO public."Session_attendance" (id, is_present, marking_time, student_id, manual, slug, on_premises, coordinates_id) VALUES (862, true, '2024-03-06 09:40:51.013+00', 4, true, '290597_1709717300', false, NULL);
INSERT INTO public."Session_attendance" (id, is_present, marking_time, student_id, manual, slug, on_premises, coordinates_id) VALUES (863, true, '2024-03-06 09:34:59.587+00', 5, false, '727760_1709717300', true, 105);
INSERT INTO public."Session_attendance" (id, is_present, marking_time, student_id, manual, slug, on_premises, coordinates_id) VALUES (864, false, NULL, 6, false, '165600_1709717300', false, NULL);
INSERT INTO public."Session_attendance" (id, is_present, marking_time, student_id, manual, slug, on_premises, coordinates_id) VALUES (865, true, '2024-03-06 09:32:25.614+00', 7, false, '878164_1709717300', true, 93);
INSERT INTO public."Session_attendance" (id, is_present, marking_time, student_id, manual, slug, on_premises, coordinates_id) VALUES (866, false, NULL, 8, false, '255659_1709717300', false, NULL);
INSERT INTO public."Session_attendance" (id, is_present, marking_time, student_id, manual, slug, on_premises, coordinates_id) VALUES (867, true, '2024-03-06 09:32:43.214+00', 9, false, '139290_1709717300', true, 96);
INSERT INTO public."Session_attendance" (id, is_present, marking_time, student_id, manual, slug, on_premises, coordinates_id) VALUES (868, false, NULL, 10, false, '466121_1709717300', false, NULL);
INSERT INTO public."Session_attendance" (id, is_present, marking_time, student_id, manual, slug, on_premises, coordinates_id) VALUES (869, false, NULL, 11, false, '265917_1709717300', false, NULL);
INSERT INTO public."Session_attendance" (id, is_present, marking_time, student_id, manual, slug, on_premises, coordinates_id) VALUES (870, true, '2024-03-06 09:40:08.221+00', 12, true, '330948_1709717300', false, NULL);
INSERT INTO public."Session_attendance" (id, is_present, marking_time, student_id, manual, slug, on_premises, coordinates_id) VALUES (871, false, NULL, 13, false, '181442_1709717300', false, NULL);
INSERT INTO public."Session_attendance" (id, is_present, marking_time, student_id, manual, slug, on_premises, coordinates_id) VALUES (872, false, NULL, 14, false, '108104_1709717300', false, NULL);
INSERT INTO public."Session_attendance" (id, is_present, marking_time, student_id, manual, slug, on_premises, coordinates_id) VALUES (873, false, NULL, 15, false, '413299_1709717300', false, NULL);
INSERT INTO public."Session_attendance" (id, is_present, marking_time, student_id, manual, slug, on_premises, coordinates_id) VALUES (874, true, '2024-03-06 09:32:09.5+00', 16, false, '884480_1709717300', true, 91);
INSERT INTO public."Session_attendance" (id, is_present, marking_time, student_id, manual, slug, on_premises, coordinates_id) VALUES (875, false, NULL, 17, false, '866928_1709717300', false, NULL);
INSERT INTO public."Session_attendance" (id, is_present, marking_time, student_id, manual, slug, on_premises, coordinates_id) VALUES (876, false, NULL, 18, false, '222988_1709717300', false, NULL);
INSERT INTO public."Session_attendance" (id, is_present, marking_time, student_id, manual, slug, on_premises, coordinates_id) VALUES (877, true, '2024-03-06 09:37:46.969+00', 19, true, '209057_1709717300', false, NULL);
INSERT INTO public."Session_attendance" (id, is_present, marking_time, student_id, manual, slug, on_premises, coordinates_id) VALUES (878, true, '2024-03-06 09:34:25.68+00', 20, false, '241117_1709717300', true, 102);
INSERT INTO public."Session_attendance" (id, is_present, marking_time, student_id, manual, slug, on_premises, coordinates_id) VALUES (879, true, '2024-03-06 09:38:12.262+00', 21, true, '127547_1709717300', false, NULL);
INSERT INTO public."Session_attendance" (id, is_present, marking_time, student_id, manual, slug, on_premises, coordinates_id) VALUES (880, true, '2024-03-06 09:32:04.624+00', 22, false, '456875_1709717300', true, 89);
INSERT INTO public."Session_attendance" (id, is_present, marking_time, student_id, manual, slug, on_premises, coordinates_id) VALUES (881, false, NULL, 23, false, '949378_1709717300', false, NULL);
INSERT INTO public."Session_attendance" (id, is_present, marking_time, student_id, manual, slug, on_premises, coordinates_id) VALUES (882, true, '2024-03-06 09:32:15.716+00', 24, false, '265847_1709717300', true, 92);
INSERT INTO public."Session_attendance" (id, is_present, marking_time, student_id, manual, slug, on_premises, coordinates_id) VALUES (883, false, NULL, 25, false, '139127_1709717300', false, NULL);
INSERT INTO public."Session_attendance" (id, is_present, marking_time, student_id, manual, slug, on_premises, coordinates_id) VALUES (884, false, NULL, 26, false, '274862_1709717300', false, NULL);
INSERT INTO public."Session_attendance" (id, is_present, marking_time, student_id, manual, slug, on_premises, coordinates_id) VALUES (885, false, NULL, 27, false, '310523_1709717300', false, NULL);
INSERT INTO public."Session_attendance" (id, is_present, marking_time, student_id, manual, slug, on_premises, coordinates_id) VALUES (886, true, '2024-03-06 09:33:30.595+00', 28, false, '195836_1709717300', true, 100);
INSERT INTO public."Session_attendance" (id, is_present, marking_time, student_id, manual, slug, on_premises, coordinates_id) VALUES (887, false, NULL, 29, false, '790952_1709717300', false, NULL);
INSERT INTO public."Session_attendance" (id, is_present, marking_time, student_id, manual, slug, on_premises, coordinates_id) VALUES (888, true, '2024-03-06 09:33:32.167+00', 30, false, '419733_1709717300', true, 101);
INSERT INTO public."Session_attendance" (id, is_present, marking_time, student_id, manual, slug, on_premises, coordinates_id) VALUES (889, false, NULL, 31, false, '300810_1709717300', false, NULL);
INSERT INTO public."Session_attendance" (id, is_present, marking_time, student_id, manual, slug, on_premises, coordinates_id) VALUES (890, false, NULL, 32, false, '223511_1709717300', false, NULL);
INSERT INTO public."Session_attendance" (id, is_present, marking_time, student_id, manual, slug, on_premises, coordinates_id) VALUES (891, false, NULL, 33, false, '431119_1709717300', false, NULL);
INSERT INTO public."Session_attendance" (id, is_present, marking_time, student_id, manual, slug, on_premises, coordinates_id) VALUES (892, false, NULL, 34, false, '663859_1709717300', false, NULL);
INSERT INTO public."Session_attendance" (id, is_present, marking_time, student_id, manual, slug, on_premises, coordinates_id) VALUES (893, false, NULL, 35, false, '326967_1709717300', false, NULL);
INSERT INTO public."Session_attendance" (id, is_present, marking_time, student_id, manual, slug, on_premises, coordinates_id) VALUES (894, false, NULL, 36, false, '278792_1709717300', false, NULL);
INSERT INTO public."Session_attendance" (id, is_present, marking_time, student_id, manual, slug, on_premises, coordinates_id) VALUES (895, false, NULL, 37, false, '117739_1709717300', false, NULL);
INSERT INTO public."Session_attendance" (id, is_present, marking_time, student_id, manual, slug, on_premises, coordinates_id) VALUES (896, true, '2024-03-06 09:32:06.479+00', 38, false, '171717_1709717300', true, 90);
INSERT INTO public."Session_attendance" (id, is_present, marking_time, student_id, manual, slug, on_premises, coordinates_id) VALUES (897, true, '2024-03-06 09:33:09.576+00', 39, false, '287539_1709717300', true, 99);
INSERT INTO public."Session_attendance" (id, is_present, marking_time, student_id, manual, slug, on_premises, coordinates_id) VALUES (898, true, '2024-03-06 09:35:55.294+00', 40, false, '151013_1709717300', true, 106);
INSERT INTO public."Session_attendance" (id, is_present, marking_time, student_id, manual, slug, on_premises, coordinates_id) VALUES (899, true, '2024-03-06 09:34:42.941+00', 41, false, '763388_1709717300', true, 104);
INSERT INTO public."Session_attendance" (id, is_present, marking_time, student_id, manual, slug, on_premises, coordinates_id) VALUES (900, false, NULL, 42, false, '827565_1709717300', false, NULL);
INSERT INTO public."Session_attendance" (id, is_present, marking_time, student_id, manual, slug, on_premises, coordinates_id) VALUES (901, false, NULL, 43, false, '331113_1709717300', false, NULL);
INSERT INTO public."Session_attendance" (id, is_present, marking_time, student_id, manual, slug, on_premises, coordinates_id) VALUES (902, false, NULL, 44, false, '543173_1709717300', false, NULL);
INSERT INTO public."Session_attendance" (id, is_present, marking_time, student_id, manual, slug, on_premises, coordinates_id) VALUES (903, false, NULL, 45, false, '325676_1709717300', false, NULL);
INSERT INTO public."Session_attendance" (id, is_present, marking_time, student_id, manual, slug, on_premises, coordinates_id) VALUES (904, false, NULL, 46, false, '113652_1709717300', false, NULL);
INSERT INTO public."Session_attendance" (id, is_present, marking_time, student_id, manual, slug, on_premises, coordinates_id) VALUES (905, false, NULL, 47, false, '157991_1709717300', false, NULL);
INSERT INTO public."Session_attendance" (id, is_present, marking_time, student_id, manual, slug, on_premises, coordinates_id) VALUES (906, false, NULL, 48, false, '199198_1709717300', false, NULL);
INSERT INTO public."Session_attendance" (id, is_present, marking_time, student_id, manual, slug, on_premises, coordinates_id) VALUES (907, true, '2024-03-06 09:32:32.104+00', 49, false, '323187_1709717300', true, 95);
INSERT INTO public."Session_attendance" (id, is_present, marking_time, student_id, manual, slug, on_premises, coordinates_id) VALUES (908, false, NULL, 50, false, '305299_1709717300', false, NULL);
INSERT INTO public."Session_attendance" (id, is_present, marking_time, student_id, manual, slug, on_premises, coordinates_id) VALUES (909, true, '2024-03-06 09:40:02.287+00', 51, true, '295903_1709717300', false, NULL);
INSERT INTO public."Session_attendance" (id, is_present, marking_time, student_id, manual, slug, on_premises, coordinates_id) VALUES (910, true, '2024-03-06 09:32:53.092+00', 52, false, '178178_1709717300', true, 97);
INSERT INTO public."Session_attendance" (id, is_present, marking_time, student_id, manual, slug, on_premises, coordinates_id) VALUES (911, false, NULL, 53, false, '330447_1709717300', false, NULL);
INSERT INTO public."Session_attendance" (id, is_present, marking_time, student_id, manual, slug, on_premises, coordinates_id) VALUES (912, false, NULL, 54, false, '459821_1709717300', false, NULL);
INSERT INTO public."Session_attendance" (id, is_present, marking_time, student_id, manual, slug, on_premises, coordinates_id) VALUES (913, true, '2024-03-06 09:37:36.277+00', 55, true, '309579_1709717300', false, NULL);
INSERT INTO public."Session_attendance" (id, is_present, marking_time, student_id, manual, slug, on_premises, coordinates_id) VALUES (914, true, '2024-03-06 09:38:23.311+00', 56, true, '895031_1709717300', false, NULL);
INSERT INTO public."Session_attendance" (id, is_present, marking_time, student_id, manual, slug, on_premises, coordinates_id) VALUES (915, false, NULL, 57, false, '257222_1709717300', false, NULL);
INSERT INTO public."Session_attendance" (id, is_present, marking_time, student_id, manual, slug, on_premises, coordinates_id) VALUES (916, true, '2024-03-06 09:36:19.709+00', 58, false, '334817_1709717300', true, 107);
INSERT INTO public."Session_attendance" (id, is_present, marking_time, student_id, manual, slug, on_premises, coordinates_id) VALUES (917, true, '2024-03-06 09:31:47.398+00', 59, false, '205366_1709717300', true, 88);
INSERT INTO public."Session_attendance" (id, is_present, marking_time, student_id, manual, slug, on_premises, coordinates_id) VALUES (918, false, NULL, 60, false, '968369_1709717300', false, NULL);
INSERT INTO public."Session_attendance" (id, is_present, marking_time, student_id, manual, slug, on_premises, coordinates_id) VALUES (919, false, NULL, 61, false, '180477_1709717300', false, NULL);
INSERT INTO public."Session_attendance" (id, is_present, marking_time, student_id, manual, slug, on_premises, coordinates_id) VALUES (920, true, '2024-03-06 09:32:56.447+00', 62, false, '328259_1709717300', true, 98);
INSERT INTO public."Session_attendance" (id, is_present, marking_time, student_id, manual, slug, on_premises, coordinates_id) VALUES (921, false, NULL, 63, false, '208720_1709717300', false, NULL);
INSERT INTO public."Session_attendance" (id, is_present, marking_time, student_id, manual, slug, on_premises, coordinates_id) VALUES (922, false, NULL, 64, false, '163640_1709717300', false, NULL);
INSERT INTO public."Session_attendance" (id, is_present, marking_time, student_id, manual, slug, on_premises, coordinates_id) VALUES (923, false, NULL, 65, false, '314817_1709717300', false, NULL);
INSERT INTO public."Session_attendance" (id, is_present, marking_time, student_id, manual, slug, on_premises, coordinates_id) VALUES (924, true, '2024-03-06 09:34:40.137+00', 66, false, '207944_1709717300', true, 103);
INSERT INTO public."Session_attendance" (id, is_present, marking_time, student_id, manual, slug, on_premises, coordinates_id) VALUES (925, false, NULL, 67, false, '120933_1709717300', false, NULL);
INSERT INTO public."Session_attendance" (id, is_present, marking_time, student_id, manual, slug, on_premises, coordinates_id) VALUES (926, true, '2024-03-06 09:38:42.396+00', 68, true, '313124_1709717300', false, NULL);
INSERT INTO public."Session_attendance" (id, is_present, marking_time, student_id, manual, slug, on_premises, coordinates_id) VALUES (927, false, NULL, 69, false, '326038_1709717300', false, NULL);
INSERT INTO public."Session_attendance" (id, is_present, marking_time, student_id, manual, slug, on_premises, coordinates_id) VALUES (928, false, NULL, 70, false, '311493_1709717300', false, NULL);
INSERT INTO public."Session_attendance" (id, is_present, marking_time, student_id, manual, slug, on_premises, coordinates_id) VALUES (929, true, '2024-03-06 09:39:04.03+00', 71, true, '165105_1709717300', false, NULL);
INSERT INTO public."Session_attendance" (id, is_present, marking_time, student_id, manual, slug, on_premises, coordinates_id) VALUES (930, true, '2024-03-06 09:38:29.947+00', 72, true, '245096_1709717300', false, NULL);
INSERT INTO public."Session_attendance" (id, is_present, marking_time, student_id, manual, slug, on_premises, coordinates_id) VALUES (931, false, NULL, 73, false, '157794_1709717300', false, NULL);
INSERT INTO public."Session_attendance" (id, is_present, marking_time, student_id, manual, slug, on_premises, coordinates_id) VALUES (932, false, NULL, 74, false, '311902_1709717300', false, NULL);
INSERT INTO public."Session_attendance" (id, is_present, marking_time, student_id, manual, slug, on_premises, coordinates_id) VALUES (933, false, NULL, 75, false, '212416_1709717300', false, NULL);
INSERT INTO public."Session_attendance" (id, is_present, marking_time, student_id, manual, slug, on_premises, coordinates_id) VALUES (934, false, NULL, 76, false, '253037_1709717300', false, NULL);
INSERT INTO public."Session_attendance" (id, is_present, marking_time, student_id, manual, slug, on_premises, coordinates_id) VALUES (935, false, NULL, 77, false, '341240_1709717300', false, NULL);
INSERT INTO public."Session_attendance" (id, is_present, marking_time, student_id, manual, slug, on_premises, coordinates_id) VALUES (936, false, NULL, 78, false, '218446_1709717300', false, NULL);
INSERT INTO public."Session_attendance" (id, is_present, marking_time, student_id, manual, slug, on_premises, coordinates_id) VALUES (937, false, NULL, 79, false, '318727_1709717300', false, NULL);
INSERT INTO public."Session_attendance" (id, is_present, marking_time, student_id, manual, slug, on_premises, coordinates_id) VALUES (938, false, NULL, 80, false, '171408_1709717300', false, NULL);
INSERT INTO public."Session_attendance" (id, is_present, marking_time, student_id, manual, slug, on_premises, coordinates_id) VALUES (939, false, NULL, 81, false, '365770_1709717300', false, NULL);
INSERT INTO public."Session_attendance" (id, is_present, marking_time, student_id, manual, slug, on_premises, coordinates_id) VALUES (940, false, NULL, 28, false, '949241_1709717429', false, NULL);
INSERT INTO public."Session_attendance" (id, is_present, marking_time, student_id, manual, slug, on_premises, coordinates_id) VALUES (941, false, NULL, 29, false, '165333_1709717429', false, NULL);
INSERT INTO public."Session_attendance" (id, is_present, marking_time, student_id, manual, slug, on_premises, coordinates_id) VALUES (942, false, NULL, 30, false, '337348_1709717429', false, NULL);
INSERT INTO public."Session_attendance" (id, is_present, marking_time, student_id, manual, slug, on_premises, coordinates_id) VALUES (943, false, NULL, 31, false, '201359_1709717429', false, NULL);
INSERT INTO public."Session_attendance" (id, is_present, marking_time, student_id, manual, slug, on_premises, coordinates_id) VALUES (944, false, NULL, 32, false, '171912_1709717429', false, NULL);
INSERT INTO public."Session_attendance" (id, is_present, marking_time, student_id, manual, slug, on_premises, coordinates_id) VALUES (945, false, NULL, 33, false, '388168_1709717429', false, NULL);
INSERT INTO public."Session_attendance" (id, is_present, marking_time, student_id, manual, slug, on_premises, coordinates_id) VALUES (946, false, NULL, 34, false, '109786_1709717429', false, NULL);
INSERT INTO public."Session_attendance" (id, is_present, marking_time, student_id, manual, slug, on_premises, coordinates_id) VALUES (947, false, NULL, 35, false, '735365_1709717429', false, NULL);
INSERT INTO public."Session_attendance" (id, is_present, marking_time, student_id, manual, slug, on_premises, coordinates_id) VALUES (948, false, NULL, 36, false, '169470_1709717429', false, NULL);
INSERT INTO public."Session_attendance" (id, is_present, marking_time, student_id, manual, slug, on_premises, coordinates_id) VALUES (949, false, NULL, 37, false, '190959_1709717429', false, NULL);
INSERT INTO public."Session_attendance" (id, is_present, marking_time, student_id, manual, slug, on_premises, coordinates_id) VALUES (950, false, NULL, 38, false, '326981_1709717429', false, NULL);
INSERT INTO public."Session_attendance" (id, is_present, marking_time, student_id, manual, slug, on_premises, coordinates_id) VALUES (951, false, NULL, 39, false, '189864_1709717429', false, NULL);
INSERT INTO public."Session_attendance" (id, is_present, marking_time, student_id, manual, slug, on_premises, coordinates_id) VALUES (952, false, NULL, 40, false, '237211_1709717429', false, NULL);
INSERT INTO public."Session_attendance" (id, is_present, marking_time, student_id, manual, slug, on_premises, coordinates_id) VALUES (953, false, NULL, 41, false, '323029_1709717429', false, NULL);
INSERT INTO public."Session_attendance" (id, is_present, marking_time, student_id, manual, slug, on_premises, coordinates_id) VALUES (954, false, NULL, 42, false, '130467_1709717429', false, NULL);
INSERT INTO public."Session_attendance" (id, is_present, marking_time, student_id, manual, slug, on_premises, coordinates_id) VALUES (955, false, NULL, 43, false, '185403_1709717429', false, NULL);
INSERT INTO public."Session_attendance" (id, is_present, marking_time, student_id, manual, slug, on_premises, coordinates_id) VALUES (956, false, NULL, 44, false, '165262_1709717429', false, NULL);
INSERT INTO public."Session_attendance" (id, is_present, marking_time, student_id, manual, slug, on_premises, coordinates_id) VALUES (957, false, NULL, 45, false, '313038_1709717429', false, NULL);
INSERT INTO public."Session_attendance" (id, is_present, marking_time, student_id, manual, slug, on_premises, coordinates_id) VALUES (958, false, NULL, 46, false, '211511_1709717429', false, NULL);
INSERT INTO public."Session_attendance" (id, is_present, marking_time, student_id, manual, slug, on_premises, coordinates_id) VALUES (959, false, NULL, 47, false, '879365_1709717429', false, NULL);
INSERT INTO public."Session_attendance" (id, is_present, marking_time, student_id, manual, slug, on_premises, coordinates_id) VALUES (960, false, NULL, 48, false, '122797_1709717429', false, NULL);
INSERT INTO public."Session_attendance" (id, is_present, marking_time, student_id, manual, slug, on_premises, coordinates_id) VALUES (961, false, NULL, 49, false, '184989_1709717429', false, NULL);
INSERT INTO public."Session_attendance" (id, is_present, marking_time, student_id, manual, slug, on_premises, coordinates_id) VALUES (962, false, NULL, 50, false, '333763_1709717429', false, NULL);
INSERT INTO public."Session_attendance" (id, is_present, marking_time, student_id, manual, slug, on_premises, coordinates_id) VALUES (963, false, NULL, 51, false, '544682_1709717429', false, NULL);
INSERT INTO public."Session_attendance" (id, is_present, marking_time, student_id, manual, slug, on_premises, coordinates_id) VALUES (964, false, NULL, 52, false, '307312_1709717429', false, NULL);
INSERT INTO public."Session_attendance" (id, is_present, marking_time, student_id, manual, slug, on_premises, coordinates_id) VALUES (965, false, NULL, 53, false, '815803_1709717429', false, NULL);
INSERT INTO public."Session_attendance" (id, is_present, marking_time, student_id, manual, slug, on_premises, coordinates_id) VALUES (966, false, NULL, 54, false, '146079_1709717429', false, NULL);


--
-- Data for Name: Session_session; Type: TABLE DATA; Schema: public; Owner: manav1011
--

INSERT INTO public."Session_session" (id, session_id, created_at, active, lecture_id, day) VALUES (8, '62719a2a1abb4058d8324a5b5721e2f366895142aa1c3dff7bdb1601e4184647', '2024-03-04 03:46:25.897+00', 'post', 8, '2024-03-04');
INSERT INTO public."Session_session" (id, session_id, created_at, active, lecture_id, day) VALUES (9, '3807fd11d33f4ea2ac8e61520df2846bf9423cf9685595628f1b95c2a4fbf43c', '2024-03-04 03:52:13.033+00', 'pre', 9, '2024-03-04');
INSERT INTO public."Session_session" (id, session_id, created_at, active, lecture_id, day) VALUES (10, '4562645b96f0bb5cbb552f0a74ca7f8377bb08e74067d6f1fe11047f052cd041', '2024-03-04 03:56:07.548+00', 'pre', 10, '2024-03-04');
INSERT INTO public."Session_session" (id, session_id, created_at, active, lecture_id, day) VALUES (11, '25884c385e1fc0064fe15ef2827d3a0da2661f348a4ab2f6736641e66dce79e2', '2024-03-04 03:56:50.136+00', 'pre', 11, '2024-03-04');
INSERT INTO public."Session_session" (id, session_id, created_at, active, lecture_id, day) VALUES (14, 'd5871727b01503775e7c7b14ad2d6b5c1d0555d5f49e4ec6f7326e45e5bfb65d', '2024-03-04 04:00:11.06+00', 'pre', 14, '2024-03-04');
INSERT INTO public."Session_session" (id, session_id, created_at, active, lecture_id, day) VALUES (15, '54d47bcb044491b7bcaee148d2ad7dbf61f0a65fe20ae5aa6c8793c80259c774', '2024-03-04 04:01:24.38+00', 'pre', 15, '2024-03-04');
INSERT INTO public."Session_session" (id, session_id, created_at, active, lecture_id, day) VALUES (19, '57c0c5bf585595f8ce3a5ee7244b26d7a432746ce2a2e607f7fc7dfa8a888695', '2024-03-06 04:52:13.021+00', 'pre', 19, '2024-03-06');
INSERT INTO public."Session_session" (id, session_id, created_at, active, lecture_id, day) VALUES (20, 'd610407a24e1b047e231c24d1be162e101cd5baade58ddc83b0878b43a530926', '2024-03-06 04:59:26.217+00', 'post', 20, '2024-03-06');
INSERT INTO public."Session_session" (id, session_id, created_at, active, lecture_id, day) VALUES (21, '38703853de75fc076d16e8c935295fbeb7a6184e528a39f2310cac7479137d76', '2024-03-06 05:21:37.622+00', 'post', 21, '2024-03-06');
INSERT INTO public."Session_session" (id, session_id, created_at, active, lecture_id, day) VALUES (22, '3f08fb244e77a73d0eec35b00a61bc13236b754a0aef2894ab9e7c35aa00e32d', '2024-03-06 09:28:20.573+00', 'post', 22, '2024-03-06');
INSERT INTO public."Session_session" (id, session_id, created_at, active, lecture_id, day) VALUES (23, '02384b5f7b8e645ca4e0b1d61c6ee319b5f715d5dcaeee282b2263969664acfd', '2024-03-06 09:30:29.531+00', 'pre', 23, '2024-03-06');


--
-- Data for Name: Session_session_attendances; Type: TABLE DATA; Schema: public; Owner: manav1011
--

INSERT INTO public."Session_session_attendances" (id, session_id, attendance_id) VALUES (1, 8, 323);
INSERT INTO public."Session_session_attendances" (id, session_id, attendance_id) VALUES (2, 8, 324);
INSERT INTO public."Session_session_attendances" (id, session_id, attendance_id) VALUES (3, 8, 325);
INSERT INTO public."Session_session_attendances" (id, session_id, attendance_id) VALUES (4, 8, 326);
INSERT INTO public."Session_session_attendances" (id, session_id, attendance_id) VALUES (5, 8, 327);
INSERT INTO public."Session_session_attendances" (id, session_id, attendance_id) VALUES (6, 8, 328);
INSERT INTO public."Session_session_attendances" (id, session_id, attendance_id) VALUES (7, 8, 329);
INSERT INTO public."Session_session_attendances" (id, session_id, attendance_id) VALUES (8, 8, 330);
INSERT INTO public."Session_session_attendances" (id, session_id, attendance_id) VALUES (9, 8, 331);
INSERT INTO public."Session_session_attendances" (id, session_id, attendance_id) VALUES (10, 8, 332);
INSERT INTO public."Session_session_attendances" (id, session_id, attendance_id) VALUES (11, 8, 333);
INSERT INTO public."Session_session_attendances" (id, session_id, attendance_id) VALUES (12, 8, 334);
INSERT INTO public."Session_session_attendances" (id, session_id, attendance_id) VALUES (13, 8, 335);
INSERT INTO public."Session_session_attendances" (id, session_id, attendance_id) VALUES (14, 8, 336);
INSERT INTO public."Session_session_attendances" (id, session_id, attendance_id) VALUES (15, 8, 337);
INSERT INTO public."Session_session_attendances" (id, session_id, attendance_id) VALUES (16, 8, 338);
INSERT INTO public."Session_session_attendances" (id, session_id, attendance_id) VALUES (17, 8, 339);
INSERT INTO public."Session_session_attendances" (id, session_id, attendance_id) VALUES (18, 8, 340);
INSERT INTO public."Session_session_attendances" (id, session_id, attendance_id) VALUES (19, 8, 341);
INSERT INTO public."Session_session_attendances" (id, session_id, attendance_id) VALUES (20, 8, 342);
INSERT INTO public."Session_session_attendances" (id, session_id, attendance_id) VALUES (21, 8, 343);
INSERT INTO public."Session_session_attendances" (id, session_id, attendance_id) VALUES (22, 8, 344);
INSERT INTO public."Session_session_attendances" (id, session_id, attendance_id) VALUES (23, 8, 345);
INSERT INTO public."Session_session_attendances" (id, session_id, attendance_id) VALUES (24, 8, 346);
INSERT INTO public."Session_session_attendances" (id, session_id, attendance_id) VALUES (25, 8, 347);
INSERT INTO public."Session_session_attendances" (id, session_id, attendance_id) VALUES (26, 8, 348);
INSERT INTO public."Session_session_attendances" (id, session_id, attendance_id) VALUES (27, 8, 349);
INSERT INTO public."Session_session_attendances" (id, session_id, attendance_id) VALUES (28, 9, 350);
INSERT INTO public."Session_session_attendances" (id, session_id, attendance_id) VALUES (29, 9, 351);
INSERT INTO public."Session_session_attendances" (id, session_id, attendance_id) VALUES (30, 9, 352);
INSERT INTO public."Session_session_attendances" (id, session_id, attendance_id) VALUES (31, 9, 353);
INSERT INTO public."Session_session_attendances" (id, session_id, attendance_id) VALUES (32, 9, 354);
INSERT INTO public."Session_session_attendances" (id, session_id, attendance_id) VALUES (33, 9, 355);
INSERT INTO public."Session_session_attendances" (id, session_id, attendance_id) VALUES (34, 9, 356);
INSERT INTO public."Session_session_attendances" (id, session_id, attendance_id) VALUES (35, 9, 357);
INSERT INTO public."Session_session_attendances" (id, session_id, attendance_id) VALUES (36, 9, 358);
INSERT INTO public."Session_session_attendances" (id, session_id, attendance_id) VALUES (37, 9, 359);
INSERT INTO public."Session_session_attendances" (id, session_id, attendance_id) VALUES (38, 9, 360);
INSERT INTO public."Session_session_attendances" (id, session_id, attendance_id) VALUES (39, 9, 361);
INSERT INTO public."Session_session_attendances" (id, session_id, attendance_id) VALUES (40, 9, 362);
INSERT INTO public."Session_session_attendances" (id, session_id, attendance_id) VALUES (41, 9, 363);
INSERT INTO public."Session_session_attendances" (id, session_id, attendance_id) VALUES (42, 9, 364);
INSERT INTO public."Session_session_attendances" (id, session_id, attendance_id) VALUES (43, 9, 365);
INSERT INTO public."Session_session_attendances" (id, session_id, attendance_id) VALUES (44, 9, 366);
INSERT INTO public."Session_session_attendances" (id, session_id, attendance_id) VALUES (45, 9, 367);
INSERT INTO public."Session_session_attendances" (id, session_id, attendance_id) VALUES (46, 9, 368);
INSERT INTO public."Session_session_attendances" (id, session_id, attendance_id) VALUES (47, 9, 369);
INSERT INTO public."Session_session_attendances" (id, session_id, attendance_id) VALUES (48, 9, 370);
INSERT INTO public."Session_session_attendances" (id, session_id, attendance_id) VALUES (49, 9, 371);
INSERT INTO public."Session_session_attendances" (id, session_id, attendance_id) VALUES (50, 9, 372);
INSERT INTO public."Session_session_attendances" (id, session_id, attendance_id) VALUES (51, 9, 373);
INSERT INTO public."Session_session_attendances" (id, session_id, attendance_id) VALUES (52, 9, 374);
INSERT INTO public."Session_session_attendances" (id, session_id, attendance_id) VALUES (53, 9, 375);
INSERT INTO public."Session_session_attendances" (id, session_id, attendance_id) VALUES (54, 9, 376);
INSERT INTO public."Session_session_attendances" (id, session_id, attendance_id) VALUES (55, 9, 377);
INSERT INTO public."Session_session_attendances" (id, session_id, attendance_id) VALUES (56, 10, 378);
INSERT INTO public."Session_session_attendances" (id, session_id, attendance_id) VALUES (57, 10, 379);
INSERT INTO public."Session_session_attendances" (id, session_id, attendance_id) VALUES (58, 10, 380);
INSERT INTO public."Session_session_attendances" (id, session_id, attendance_id) VALUES (59, 10, 381);
INSERT INTO public."Session_session_attendances" (id, session_id, attendance_id) VALUES (60, 10, 382);
INSERT INTO public."Session_session_attendances" (id, session_id, attendance_id) VALUES (61, 10, 383);
INSERT INTO public."Session_session_attendances" (id, session_id, attendance_id) VALUES (62, 10, 384);
INSERT INTO public."Session_session_attendances" (id, session_id, attendance_id) VALUES (63, 10, 385);
INSERT INTO public."Session_session_attendances" (id, session_id, attendance_id) VALUES (64, 10, 386);
INSERT INTO public."Session_session_attendances" (id, session_id, attendance_id) VALUES (65, 10, 387);
INSERT INTO public."Session_session_attendances" (id, session_id, attendance_id) VALUES (66, 10, 388);
INSERT INTO public."Session_session_attendances" (id, session_id, attendance_id) VALUES (67, 10, 389);
INSERT INTO public."Session_session_attendances" (id, session_id, attendance_id) VALUES (68, 10, 390);
INSERT INTO public."Session_session_attendances" (id, session_id, attendance_id) VALUES (69, 10, 391);
INSERT INTO public."Session_session_attendances" (id, session_id, attendance_id) VALUES (70, 10, 392);
INSERT INTO public."Session_session_attendances" (id, session_id, attendance_id) VALUES (71, 10, 393);
INSERT INTO public."Session_session_attendances" (id, session_id, attendance_id) VALUES (72, 10, 394);
INSERT INTO public."Session_session_attendances" (id, session_id, attendance_id) VALUES (73, 10, 395);
INSERT INTO public."Session_session_attendances" (id, session_id, attendance_id) VALUES (74, 10, 396);
INSERT INTO public."Session_session_attendances" (id, session_id, attendance_id) VALUES (75, 10, 397);
INSERT INTO public."Session_session_attendances" (id, session_id, attendance_id) VALUES (76, 10, 398);
INSERT INTO public."Session_session_attendances" (id, session_id, attendance_id) VALUES (77, 10, 399);
INSERT INTO public."Session_session_attendances" (id, session_id, attendance_id) VALUES (78, 10, 400);
INSERT INTO public."Session_session_attendances" (id, session_id, attendance_id) VALUES (79, 10, 401);
INSERT INTO public."Session_session_attendances" (id, session_id, attendance_id) VALUES (80, 10, 402);
INSERT INTO public."Session_session_attendances" (id, session_id, attendance_id) VALUES (81, 10, 403);
INSERT INTO public."Session_session_attendances" (id, session_id, attendance_id) VALUES (82, 10, 404);
INSERT INTO public."Session_session_attendances" (id, session_id, attendance_id) VALUES (83, 10, 405);
INSERT INTO public."Session_session_attendances" (id, session_id, attendance_id) VALUES (84, 10, 406);
INSERT INTO public."Session_session_attendances" (id, session_id, attendance_id) VALUES (85, 10, 407);
INSERT INTO public."Session_session_attendances" (id, session_id, attendance_id) VALUES (86, 10, 408);
INSERT INTO public."Session_session_attendances" (id, session_id, attendance_id) VALUES (87, 10, 409);
INSERT INTO public."Session_session_attendances" (id, session_id, attendance_id) VALUES (88, 10, 410);
INSERT INTO public."Session_session_attendances" (id, session_id, attendance_id) VALUES (89, 10, 411);
INSERT INTO public."Session_session_attendances" (id, session_id, attendance_id) VALUES (90, 10, 412);
INSERT INTO public."Session_session_attendances" (id, session_id, attendance_id) VALUES (91, 10, 413);
INSERT INTO public."Session_session_attendances" (id, session_id, attendance_id) VALUES (92, 10, 414);
INSERT INTO public."Session_session_attendances" (id, session_id, attendance_id) VALUES (93, 10, 415);
INSERT INTO public."Session_session_attendances" (id, session_id, attendance_id) VALUES (94, 10, 416);
INSERT INTO public."Session_session_attendances" (id, session_id, attendance_id) VALUES (95, 10, 417);
INSERT INTO public."Session_session_attendances" (id, session_id, attendance_id) VALUES (96, 10, 418);
INSERT INTO public."Session_session_attendances" (id, session_id, attendance_id) VALUES (97, 10, 419);
INSERT INTO public."Session_session_attendances" (id, session_id, attendance_id) VALUES (98, 10, 420);
INSERT INTO public."Session_session_attendances" (id, session_id, attendance_id) VALUES (99, 10, 421);
INSERT INTO public."Session_session_attendances" (id, session_id, attendance_id) VALUES (100, 10, 422);
INSERT INTO public."Session_session_attendances" (id, session_id, attendance_id) VALUES (101, 10, 423);
INSERT INTO public."Session_session_attendances" (id, session_id, attendance_id) VALUES (102, 10, 424);
INSERT INTO public."Session_session_attendances" (id, session_id, attendance_id) VALUES (103, 10, 425);
INSERT INTO public."Session_session_attendances" (id, session_id, attendance_id) VALUES (104, 10, 426);
INSERT INTO public."Session_session_attendances" (id, session_id, attendance_id) VALUES (105, 10, 427);
INSERT INTO public."Session_session_attendances" (id, session_id, attendance_id) VALUES (106, 10, 428);
INSERT INTO public."Session_session_attendances" (id, session_id, attendance_id) VALUES (107, 10, 429);
INSERT INTO public."Session_session_attendances" (id, session_id, attendance_id) VALUES (108, 10, 430);
INSERT INTO public."Session_session_attendances" (id, session_id, attendance_id) VALUES (109, 10, 431);
INSERT INTO public."Session_session_attendances" (id, session_id, attendance_id) VALUES (110, 10, 432);
INSERT INTO public."Session_session_attendances" (id, session_id, attendance_id) VALUES (111, 10, 433);
INSERT INTO public."Session_session_attendances" (id, session_id, attendance_id) VALUES (112, 10, 434);
INSERT INTO public."Session_session_attendances" (id, session_id, attendance_id) VALUES (113, 10, 435);
INSERT INTO public."Session_session_attendances" (id, session_id, attendance_id) VALUES (114, 10, 436);
INSERT INTO public."Session_session_attendances" (id, session_id, attendance_id) VALUES (115, 10, 437);
INSERT INTO public."Session_session_attendances" (id, session_id, attendance_id) VALUES (116, 10, 438);
INSERT INTO public."Session_session_attendances" (id, session_id, attendance_id) VALUES (117, 10, 439);
INSERT INTO public."Session_session_attendances" (id, session_id, attendance_id) VALUES (118, 10, 440);
INSERT INTO public."Session_session_attendances" (id, session_id, attendance_id) VALUES (119, 10, 441);
INSERT INTO public."Session_session_attendances" (id, session_id, attendance_id) VALUES (120, 10, 442);
INSERT INTO public."Session_session_attendances" (id, session_id, attendance_id) VALUES (121, 10, 443);
INSERT INTO public."Session_session_attendances" (id, session_id, attendance_id) VALUES (122, 10, 444);
INSERT INTO public."Session_session_attendances" (id, session_id, attendance_id) VALUES (123, 10, 445);
INSERT INTO public."Session_session_attendances" (id, session_id, attendance_id) VALUES (124, 10, 446);
INSERT INTO public."Session_session_attendances" (id, session_id, attendance_id) VALUES (125, 10, 447);
INSERT INTO public."Session_session_attendances" (id, session_id, attendance_id) VALUES (126, 10, 448);
INSERT INTO public."Session_session_attendances" (id, session_id, attendance_id) VALUES (127, 10, 449);
INSERT INTO public."Session_session_attendances" (id, session_id, attendance_id) VALUES (128, 10, 450);
INSERT INTO public."Session_session_attendances" (id, session_id, attendance_id) VALUES (129, 10, 451);
INSERT INTO public."Session_session_attendances" (id, session_id, attendance_id) VALUES (130, 10, 452);
INSERT INTO public."Session_session_attendances" (id, session_id, attendance_id) VALUES (131, 10, 453);
INSERT INTO public."Session_session_attendances" (id, session_id, attendance_id) VALUES (132, 10, 454);
INSERT INTO public."Session_session_attendances" (id, session_id, attendance_id) VALUES (133, 10, 455);
INSERT INTO public."Session_session_attendances" (id, session_id, attendance_id) VALUES (134, 10, 456);
INSERT INTO public."Session_session_attendances" (id, session_id, attendance_id) VALUES (135, 10, 457);
INSERT INTO public."Session_session_attendances" (id, session_id, attendance_id) VALUES (136, 10, 458);
INSERT INTO public."Session_session_attendances" (id, session_id, attendance_id) VALUES (137, 11, 459);
INSERT INTO public."Session_session_attendances" (id, session_id, attendance_id) VALUES (138, 11, 460);
INSERT INTO public."Session_session_attendances" (id, session_id, attendance_id) VALUES (139, 11, 461);
INSERT INTO public."Session_session_attendances" (id, session_id, attendance_id) VALUES (140, 11, 462);
INSERT INTO public."Session_session_attendances" (id, session_id, attendance_id) VALUES (141, 11, 463);
INSERT INTO public."Session_session_attendances" (id, session_id, attendance_id) VALUES (142, 11, 464);
INSERT INTO public."Session_session_attendances" (id, session_id, attendance_id) VALUES (143, 11, 465);
INSERT INTO public."Session_session_attendances" (id, session_id, attendance_id) VALUES (144, 11, 466);
INSERT INTO public."Session_session_attendances" (id, session_id, attendance_id) VALUES (145, 11, 467);
INSERT INTO public."Session_session_attendances" (id, session_id, attendance_id) VALUES (146, 11, 468);
INSERT INTO public."Session_session_attendances" (id, session_id, attendance_id) VALUES (147, 11, 469);
INSERT INTO public."Session_session_attendances" (id, session_id, attendance_id) VALUES (148, 11, 470);
INSERT INTO public."Session_session_attendances" (id, session_id, attendance_id) VALUES (149, 11, 471);
INSERT INTO public."Session_session_attendances" (id, session_id, attendance_id) VALUES (150, 11, 472);
INSERT INTO public."Session_session_attendances" (id, session_id, attendance_id) VALUES (151, 11, 473);
INSERT INTO public."Session_session_attendances" (id, session_id, attendance_id) VALUES (152, 11, 474);
INSERT INTO public."Session_session_attendances" (id, session_id, attendance_id) VALUES (153, 11, 475);
INSERT INTO public."Session_session_attendances" (id, session_id, attendance_id) VALUES (154, 11, 476);
INSERT INTO public."Session_session_attendances" (id, session_id, attendance_id) VALUES (155, 11, 477);
INSERT INTO public."Session_session_attendances" (id, session_id, attendance_id) VALUES (156, 11, 478);
INSERT INTO public."Session_session_attendances" (id, session_id, attendance_id) VALUES (157, 11, 479);
INSERT INTO public."Session_session_attendances" (id, session_id, attendance_id) VALUES (158, 11, 480);
INSERT INTO public."Session_session_attendances" (id, session_id, attendance_id) VALUES (159, 11, 481);
INSERT INTO public."Session_session_attendances" (id, session_id, attendance_id) VALUES (160, 11, 482);
INSERT INTO public."Session_session_attendances" (id, session_id, attendance_id) VALUES (161, 11, 483);
INSERT INTO public."Session_session_attendances" (id, session_id, attendance_id) VALUES (162, 11, 484);
INSERT INTO public."Session_session_attendances" (id, session_id, attendance_id) VALUES (163, 11, 485);
INSERT INTO public."Session_session_attendances" (id, session_id, attendance_id) VALUES (164, 14, 594);
INSERT INTO public."Session_session_attendances" (id, session_id, attendance_id) VALUES (165, 14, 595);
INSERT INTO public."Session_session_attendances" (id, session_id, attendance_id) VALUES (166, 14, 596);
INSERT INTO public."Session_session_attendances" (id, session_id, attendance_id) VALUES (167, 14, 597);
INSERT INTO public."Session_session_attendances" (id, session_id, attendance_id) VALUES (168, 14, 598);
INSERT INTO public."Session_session_attendances" (id, session_id, attendance_id) VALUES (169, 14, 599);
INSERT INTO public."Session_session_attendances" (id, session_id, attendance_id) VALUES (170, 14, 600);
INSERT INTO public."Session_session_attendances" (id, session_id, attendance_id) VALUES (171, 14, 601);
INSERT INTO public."Session_session_attendances" (id, session_id, attendance_id) VALUES (172, 14, 602);
INSERT INTO public."Session_session_attendances" (id, session_id, attendance_id) VALUES (173, 14, 603);
INSERT INTO public."Session_session_attendances" (id, session_id, attendance_id) VALUES (174, 14, 604);
INSERT INTO public."Session_session_attendances" (id, session_id, attendance_id) VALUES (175, 14, 605);
INSERT INTO public."Session_session_attendances" (id, session_id, attendance_id) VALUES (176, 14, 606);
INSERT INTO public."Session_session_attendances" (id, session_id, attendance_id) VALUES (177, 14, 607);
INSERT INTO public."Session_session_attendances" (id, session_id, attendance_id) VALUES (178, 14, 608);
INSERT INTO public."Session_session_attendances" (id, session_id, attendance_id) VALUES (179, 14, 609);
INSERT INTO public."Session_session_attendances" (id, session_id, attendance_id) VALUES (180, 14, 610);
INSERT INTO public."Session_session_attendances" (id, session_id, attendance_id) VALUES (181, 14, 611);
INSERT INTO public."Session_session_attendances" (id, session_id, attendance_id) VALUES (182, 14, 612);
INSERT INTO public."Session_session_attendances" (id, session_id, attendance_id) VALUES (183, 14, 613);
INSERT INTO public."Session_session_attendances" (id, session_id, attendance_id) VALUES (184, 14, 614);
INSERT INTO public."Session_session_attendances" (id, session_id, attendance_id) VALUES (185, 14, 615);
INSERT INTO public."Session_session_attendances" (id, session_id, attendance_id) VALUES (186, 14, 616);
INSERT INTO public."Session_session_attendances" (id, session_id, attendance_id) VALUES (187, 14, 617);
INSERT INTO public."Session_session_attendances" (id, session_id, attendance_id) VALUES (188, 14, 618);
INSERT INTO public."Session_session_attendances" (id, session_id, attendance_id) VALUES (189, 14, 619);
INSERT INTO public."Session_session_attendances" (id, session_id, attendance_id) VALUES (190, 14, 620);
INSERT INTO public."Session_session_attendances" (id, session_id, attendance_id) VALUES (191, 14, 621);
INSERT INTO public."Session_session_attendances" (id, session_id, attendance_id) VALUES (192, 14, 622);
INSERT INTO public."Session_session_attendances" (id, session_id, attendance_id) VALUES (193, 14, 623);
INSERT INTO public."Session_session_attendances" (id, session_id, attendance_id) VALUES (194, 14, 624);
INSERT INTO public."Session_session_attendances" (id, session_id, attendance_id) VALUES (195, 14, 625);
INSERT INTO public."Session_session_attendances" (id, session_id, attendance_id) VALUES (196, 14, 626);
INSERT INTO public."Session_session_attendances" (id, session_id, attendance_id) VALUES (197, 14, 627);
INSERT INTO public."Session_session_attendances" (id, session_id, attendance_id) VALUES (198, 14, 628);
INSERT INTO public."Session_session_attendances" (id, session_id, attendance_id) VALUES (199, 14, 629);
INSERT INTO public."Session_session_attendances" (id, session_id, attendance_id) VALUES (200, 14, 630);
INSERT INTO public."Session_session_attendances" (id, session_id, attendance_id) VALUES (201, 14, 631);
INSERT INTO public."Session_session_attendances" (id, session_id, attendance_id) VALUES (202, 14, 632);
INSERT INTO public."Session_session_attendances" (id, session_id, attendance_id) VALUES (203, 14, 633);
INSERT INTO public."Session_session_attendances" (id, session_id, attendance_id) VALUES (204, 14, 634);
INSERT INTO public."Session_session_attendances" (id, session_id, attendance_id) VALUES (205, 14, 635);
INSERT INTO public."Session_session_attendances" (id, session_id, attendance_id) VALUES (206, 14, 636);
INSERT INTO public."Session_session_attendances" (id, session_id, attendance_id) VALUES (207, 14, 637);
INSERT INTO public."Session_session_attendances" (id, session_id, attendance_id) VALUES (208, 14, 638);
INSERT INTO public."Session_session_attendances" (id, session_id, attendance_id) VALUES (209, 14, 639);
INSERT INTO public."Session_session_attendances" (id, session_id, attendance_id) VALUES (210, 14, 640);
INSERT INTO public."Session_session_attendances" (id, session_id, attendance_id) VALUES (211, 14, 641);
INSERT INTO public."Session_session_attendances" (id, session_id, attendance_id) VALUES (212, 14, 642);
INSERT INTO public."Session_session_attendances" (id, session_id, attendance_id) VALUES (213, 14, 643);
INSERT INTO public."Session_session_attendances" (id, session_id, attendance_id) VALUES (214, 14, 644);
INSERT INTO public."Session_session_attendances" (id, session_id, attendance_id) VALUES (215, 14, 645);
INSERT INTO public."Session_session_attendances" (id, session_id, attendance_id) VALUES (216, 14, 646);
INSERT INTO public."Session_session_attendances" (id, session_id, attendance_id) VALUES (217, 14, 647);
INSERT INTO public."Session_session_attendances" (id, session_id, attendance_id) VALUES (218, 14, 648);
INSERT INTO public."Session_session_attendances" (id, session_id, attendance_id) VALUES (219, 14, 649);
INSERT INTO public."Session_session_attendances" (id, session_id, attendance_id) VALUES (220, 14, 650);
INSERT INTO public."Session_session_attendances" (id, session_id, attendance_id) VALUES (221, 14, 651);
INSERT INTO public."Session_session_attendances" (id, session_id, attendance_id) VALUES (222, 14, 652);
INSERT INTO public."Session_session_attendances" (id, session_id, attendance_id) VALUES (223, 14, 653);
INSERT INTO public."Session_session_attendances" (id, session_id, attendance_id) VALUES (224, 14, 654);
INSERT INTO public."Session_session_attendances" (id, session_id, attendance_id) VALUES (225, 14, 655);
INSERT INTO public."Session_session_attendances" (id, session_id, attendance_id) VALUES (226, 14, 656);
INSERT INTO public."Session_session_attendances" (id, session_id, attendance_id) VALUES (227, 14, 657);
INSERT INTO public."Session_session_attendances" (id, session_id, attendance_id) VALUES (228, 14, 658);
INSERT INTO public."Session_session_attendances" (id, session_id, attendance_id) VALUES (229, 14, 659);
INSERT INTO public."Session_session_attendances" (id, session_id, attendance_id) VALUES (230, 14, 660);
INSERT INTO public."Session_session_attendances" (id, session_id, attendance_id) VALUES (231, 14, 661);
INSERT INTO public."Session_session_attendances" (id, session_id, attendance_id) VALUES (232, 14, 662);
INSERT INTO public."Session_session_attendances" (id, session_id, attendance_id) VALUES (233, 14, 663);
INSERT INTO public."Session_session_attendances" (id, session_id, attendance_id) VALUES (234, 14, 664);
INSERT INTO public."Session_session_attendances" (id, session_id, attendance_id) VALUES (235, 14, 665);
INSERT INTO public."Session_session_attendances" (id, session_id, attendance_id) VALUES (236, 14, 666);
INSERT INTO public."Session_session_attendances" (id, session_id, attendance_id) VALUES (237, 14, 667);
INSERT INTO public."Session_session_attendances" (id, session_id, attendance_id) VALUES (238, 14, 668);
INSERT INTO public."Session_session_attendances" (id, session_id, attendance_id) VALUES (239, 14, 669);
INSERT INTO public."Session_session_attendances" (id, session_id, attendance_id) VALUES (240, 14, 670);
INSERT INTO public."Session_session_attendances" (id, session_id, attendance_id) VALUES (241, 14, 671);
INSERT INTO public."Session_session_attendances" (id, session_id, attendance_id) VALUES (242, 14, 672);
INSERT INTO public."Session_session_attendances" (id, session_id, attendance_id) VALUES (243, 14, 673);
INSERT INTO public."Session_session_attendances" (id, session_id, attendance_id) VALUES (244, 14, 674);
INSERT INTO public."Session_session_attendances" (id, session_id, attendance_id) VALUES (245, 14, 675);
INSERT INTO public."Session_session_attendances" (id, session_id, attendance_id) VALUES (246, 15, 676);
INSERT INTO public."Session_session_attendances" (id, session_id, attendance_id) VALUES (247, 15, 677);
INSERT INTO public."Session_session_attendances" (id, session_id, attendance_id) VALUES (248, 15, 678);
INSERT INTO public."Session_session_attendances" (id, session_id, attendance_id) VALUES (249, 15, 679);
INSERT INTO public."Session_session_attendances" (id, session_id, attendance_id) VALUES (250, 15, 680);
INSERT INTO public."Session_session_attendances" (id, session_id, attendance_id) VALUES (251, 15, 681);
INSERT INTO public."Session_session_attendances" (id, session_id, attendance_id) VALUES (252, 15, 682);
INSERT INTO public."Session_session_attendances" (id, session_id, attendance_id) VALUES (253, 15, 683);
INSERT INTO public."Session_session_attendances" (id, session_id, attendance_id) VALUES (254, 15, 684);
INSERT INTO public."Session_session_attendances" (id, session_id, attendance_id) VALUES (255, 15, 685);
INSERT INTO public."Session_session_attendances" (id, session_id, attendance_id) VALUES (256, 15, 686);
INSERT INTO public."Session_session_attendances" (id, session_id, attendance_id) VALUES (257, 15, 687);
INSERT INTO public."Session_session_attendances" (id, session_id, attendance_id) VALUES (258, 15, 688);
INSERT INTO public."Session_session_attendances" (id, session_id, attendance_id) VALUES (259, 15, 689);
INSERT INTO public."Session_session_attendances" (id, session_id, attendance_id) VALUES (260, 15, 690);
INSERT INTO public."Session_session_attendances" (id, session_id, attendance_id) VALUES (261, 15, 691);
INSERT INTO public."Session_session_attendances" (id, session_id, attendance_id) VALUES (262, 15, 692);
INSERT INTO public."Session_session_attendances" (id, session_id, attendance_id) VALUES (263, 15, 693);
INSERT INTO public."Session_session_attendances" (id, session_id, attendance_id) VALUES (264, 15, 694);
INSERT INTO public."Session_session_attendances" (id, session_id, attendance_id) VALUES (265, 15, 695);
INSERT INTO public."Session_session_attendances" (id, session_id, attendance_id) VALUES (266, 15, 696);
INSERT INTO public."Session_session_attendances" (id, session_id, attendance_id) VALUES (267, 15, 697);
INSERT INTO public."Session_session_attendances" (id, session_id, attendance_id) VALUES (268, 15, 698);
INSERT INTO public."Session_session_attendances" (id, session_id, attendance_id) VALUES (269, 15, 699);
INSERT INTO public."Session_session_attendances" (id, session_id, attendance_id) VALUES (270, 15, 700);
INSERT INTO public."Session_session_attendances" (id, session_id, attendance_id) VALUES (271, 15, 701);
INSERT INTO public."Session_session_attendances" (id, session_id, attendance_id) VALUES (272, 15, 702);
INSERT INTO public."Session_session_attendances" (id, session_id, attendance_id) VALUES (273, 15, 703);
INSERT INTO public."Session_session_attendances" (id, session_id, attendance_id) VALUES (274, 15, 704);
INSERT INTO public."Session_session_attendances" (id, session_id, attendance_id) VALUES (275, 15, 705);
INSERT INTO public."Session_session_attendances" (id, session_id, attendance_id) VALUES (276, 15, 706);
INSERT INTO public."Session_session_attendances" (id, session_id, attendance_id) VALUES (277, 15, 707);
INSERT INTO public."Session_session_attendances" (id, session_id, attendance_id) VALUES (278, 15, 708);
INSERT INTO public."Session_session_attendances" (id, session_id, attendance_id) VALUES (279, 15, 709);
INSERT INTO public."Session_session_attendances" (id, session_id, attendance_id) VALUES (280, 15, 710);
INSERT INTO public."Session_session_attendances" (id, session_id, attendance_id) VALUES (281, 15, 711);
INSERT INTO public."Session_session_attendances" (id, session_id, attendance_id) VALUES (282, 15, 712);
INSERT INTO public."Session_session_attendances" (id, session_id, attendance_id) VALUES (283, 15, 713);
INSERT INTO public."Session_session_attendances" (id, session_id, attendance_id) VALUES (284, 15, 714);
INSERT INTO public."Session_session_attendances" (id, session_id, attendance_id) VALUES (285, 15, 715);
INSERT INTO public."Session_session_attendances" (id, session_id, attendance_id) VALUES (286, 15, 716);
INSERT INTO public."Session_session_attendances" (id, session_id, attendance_id) VALUES (287, 15, 717);
INSERT INTO public."Session_session_attendances" (id, session_id, attendance_id) VALUES (288, 15, 718);
INSERT INTO public."Session_session_attendances" (id, session_id, attendance_id) VALUES (289, 15, 719);
INSERT INTO public."Session_session_attendances" (id, session_id, attendance_id) VALUES (290, 15, 720);
INSERT INTO public."Session_session_attendances" (id, session_id, attendance_id) VALUES (291, 15, 721);
INSERT INTO public."Session_session_attendances" (id, session_id, attendance_id) VALUES (292, 15, 722);
INSERT INTO public."Session_session_attendances" (id, session_id, attendance_id) VALUES (293, 15, 723);
INSERT INTO public."Session_session_attendances" (id, session_id, attendance_id) VALUES (294, 15, 724);
INSERT INTO public."Session_session_attendances" (id, session_id, attendance_id) VALUES (295, 15, 725);
INSERT INTO public."Session_session_attendances" (id, session_id, attendance_id) VALUES (296, 15, 726);
INSERT INTO public."Session_session_attendances" (id, session_id, attendance_id) VALUES (297, 15, 727);
INSERT INTO public."Session_session_attendances" (id, session_id, attendance_id) VALUES (298, 15, 728);
INSERT INTO public."Session_session_attendances" (id, session_id, attendance_id) VALUES (299, 15, 729);
INSERT INTO public."Session_session_attendances" (id, session_id, attendance_id) VALUES (300, 15, 730);
INSERT INTO public."Session_session_attendances" (id, session_id, attendance_id) VALUES (301, 15, 731);
INSERT INTO public."Session_session_attendances" (id, session_id, attendance_id) VALUES (302, 15, 732);
INSERT INTO public."Session_session_attendances" (id, session_id, attendance_id) VALUES (303, 15, 733);
INSERT INTO public."Session_session_attendances" (id, session_id, attendance_id) VALUES (304, 15, 734);
INSERT INTO public."Session_session_attendances" (id, session_id, attendance_id) VALUES (305, 15, 735);
INSERT INTO public."Session_session_attendances" (id, session_id, attendance_id) VALUES (306, 15, 736);
INSERT INTO public."Session_session_attendances" (id, session_id, attendance_id) VALUES (307, 15, 737);
INSERT INTO public."Session_session_attendances" (id, session_id, attendance_id) VALUES (308, 15, 738);
INSERT INTO public."Session_session_attendances" (id, session_id, attendance_id) VALUES (309, 15, 739);
INSERT INTO public."Session_session_attendances" (id, session_id, attendance_id) VALUES (310, 15, 740);
INSERT INTO public."Session_session_attendances" (id, session_id, attendance_id) VALUES (311, 15, 741);
INSERT INTO public."Session_session_attendances" (id, session_id, attendance_id) VALUES (312, 15, 742);
INSERT INTO public."Session_session_attendances" (id, session_id, attendance_id) VALUES (313, 15, 743);
INSERT INTO public."Session_session_attendances" (id, session_id, attendance_id) VALUES (314, 15, 744);
INSERT INTO public."Session_session_attendances" (id, session_id, attendance_id) VALUES (315, 15, 745);
INSERT INTO public."Session_session_attendances" (id, session_id, attendance_id) VALUES (316, 15, 746);
INSERT INTO public."Session_session_attendances" (id, session_id, attendance_id) VALUES (317, 15, 747);
INSERT INTO public."Session_session_attendances" (id, session_id, attendance_id) VALUES (318, 15, 748);
INSERT INTO public."Session_session_attendances" (id, session_id, attendance_id) VALUES (319, 15, 749);
INSERT INTO public."Session_session_attendances" (id, session_id, attendance_id) VALUES (320, 15, 750);
INSERT INTO public."Session_session_attendances" (id, session_id, attendance_id) VALUES (321, 15, 751);
INSERT INTO public."Session_session_attendances" (id, session_id, attendance_id) VALUES (322, 15, 752);
INSERT INTO public."Session_session_attendances" (id, session_id, attendance_id) VALUES (323, 15, 753);
INSERT INTO public."Session_session_attendances" (id, session_id, attendance_id) VALUES (324, 15, 754);
INSERT INTO public."Session_session_attendances" (id, session_id, attendance_id) VALUES (325, 15, 755);
INSERT INTO public."Session_session_attendances" (id, session_id, attendance_id) VALUES (326, 15, 756);
INSERT INTO public."Session_session_attendances" (id, session_id, attendance_id) VALUES (327, 15, 757);
INSERT INTO public."Session_session_attendances" (id, session_id, attendance_id) VALUES (328, 19, 800);
INSERT INTO public."Session_session_attendances" (id, session_id, attendance_id) VALUES (329, 19, 801);
INSERT INTO public."Session_session_attendances" (id, session_id, attendance_id) VALUES (330, 19, 791);
INSERT INTO public."Session_session_attendances" (id, session_id, attendance_id) VALUES (331, 19, 792);
INSERT INTO public."Session_session_attendances" (id, session_id, attendance_id) VALUES (332, 19, 793);
INSERT INTO public."Session_session_attendances" (id, session_id, attendance_id) VALUES (333, 19, 794);
INSERT INTO public."Session_session_attendances" (id, session_id, attendance_id) VALUES (334, 19, 795);
INSERT INTO public."Session_session_attendances" (id, session_id, attendance_id) VALUES (335, 19, 796);
INSERT INTO public."Session_session_attendances" (id, session_id, attendance_id) VALUES (336, 19, 797);
INSERT INTO public."Session_session_attendances" (id, session_id, attendance_id) VALUES (337, 19, 798);
INSERT INTO public."Session_session_attendances" (id, session_id, attendance_id) VALUES (338, 19, 799);
INSERT INTO public."Session_session_attendances" (id, session_id, attendance_id) VALUES (339, 20, 802);
INSERT INTO public."Session_session_attendances" (id, session_id, attendance_id) VALUES (340, 20, 803);
INSERT INTO public."Session_session_attendances" (id, session_id, attendance_id) VALUES (341, 20, 804);
INSERT INTO public."Session_session_attendances" (id, session_id, attendance_id) VALUES (342, 20, 805);
INSERT INTO public."Session_session_attendances" (id, session_id, attendance_id) VALUES (343, 20, 806);
INSERT INTO public."Session_session_attendances" (id, session_id, attendance_id) VALUES (344, 20, 807);
INSERT INTO public."Session_session_attendances" (id, session_id, attendance_id) VALUES (345, 20, 808);
INSERT INTO public."Session_session_attendances" (id, session_id, attendance_id) VALUES (346, 20, 809);
INSERT INTO public."Session_session_attendances" (id, session_id, attendance_id) VALUES (347, 20, 810);
INSERT INTO public."Session_session_attendances" (id, session_id, attendance_id) VALUES (348, 20, 811);
INSERT INTO public."Session_session_attendances" (id, session_id, attendance_id) VALUES (349, 20, 812);
INSERT INTO public."Session_session_attendances" (id, session_id, attendance_id) VALUES (350, 21, 813);
INSERT INTO public."Session_session_attendances" (id, session_id, attendance_id) VALUES (351, 21, 814);
INSERT INTO public."Session_session_attendances" (id, session_id, attendance_id) VALUES (352, 21, 815);
INSERT INTO public."Session_session_attendances" (id, session_id, attendance_id) VALUES (353, 21, 816);
INSERT INTO public."Session_session_attendances" (id, session_id, attendance_id) VALUES (354, 21, 817);
INSERT INTO public."Session_session_attendances" (id, session_id, attendance_id) VALUES (355, 21, 818);
INSERT INTO public."Session_session_attendances" (id, session_id, attendance_id) VALUES (356, 21, 819);
INSERT INTO public."Session_session_attendances" (id, session_id, attendance_id) VALUES (357, 21, 820);
INSERT INTO public."Session_session_attendances" (id, session_id, attendance_id) VALUES (358, 21, 821);
INSERT INTO public."Session_session_attendances" (id, session_id, attendance_id) VALUES (359, 21, 822);
INSERT INTO public."Session_session_attendances" (id, session_id, attendance_id) VALUES (360, 21, 823);
INSERT INTO public."Session_session_attendances" (id, session_id, attendance_id) VALUES (361, 21, 824);
INSERT INTO public."Session_session_attendances" (id, session_id, attendance_id) VALUES (362, 21, 825);
INSERT INTO public."Session_session_attendances" (id, session_id, attendance_id) VALUES (363, 21, 826);
INSERT INTO public."Session_session_attendances" (id, session_id, attendance_id) VALUES (364, 21, 827);
INSERT INTO public."Session_session_attendances" (id, session_id, attendance_id) VALUES (365, 21, 828);
INSERT INTO public."Session_session_attendances" (id, session_id, attendance_id) VALUES (366, 21, 829);
INSERT INTO public."Session_session_attendances" (id, session_id, attendance_id) VALUES (367, 21, 830);
INSERT INTO public."Session_session_attendances" (id, session_id, attendance_id) VALUES (368, 21, 831);
INSERT INTO public."Session_session_attendances" (id, session_id, attendance_id) VALUES (369, 21, 832);
INSERT INTO public."Session_session_attendances" (id, session_id, attendance_id) VALUES (370, 21, 833);
INSERT INTO public."Session_session_attendances" (id, session_id, attendance_id) VALUES (371, 21, 834);
INSERT INTO public."Session_session_attendances" (id, session_id, attendance_id) VALUES (372, 21, 835);
INSERT INTO public."Session_session_attendances" (id, session_id, attendance_id) VALUES (373, 21, 836);
INSERT INTO public."Session_session_attendances" (id, session_id, attendance_id) VALUES (374, 21, 837);
INSERT INTO public."Session_session_attendances" (id, session_id, attendance_id) VALUES (375, 21, 838);
INSERT INTO public."Session_session_attendances" (id, session_id, attendance_id) VALUES (376, 21, 839);
INSERT INTO public."Session_session_attendances" (id, session_id, attendance_id) VALUES (377, 21, 840);
INSERT INTO public."Session_session_attendances" (id, session_id, attendance_id) VALUES (378, 21, 841);
INSERT INTO public."Session_session_attendances" (id, session_id, attendance_id) VALUES (379, 21, 842);
INSERT INTO public."Session_session_attendances" (id, session_id, attendance_id) VALUES (380, 21, 843);
INSERT INTO public."Session_session_attendances" (id, session_id, attendance_id) VALUES (381, 21, 844);
INSERT INTO public."Session_session_attendances" (id, session_id, attendance_id) VALUES (382, 21, 845);
INSERT INTO public."Session_session_attendances" (id, session_id, attendance_id) VALUES (383, 21, 846);
INSERT INTO public."Session_session_attendances" (id, session_id, attendance_id) VALUES (384, 21, 847);
INSERT INTO public."Session_session_attendances" (id, session_id, attendance_id) VALUES (385, 21, 848);
INSERT INTO public."Session_session_attendances" (id, session_id, attendance_id) VALUES (386, 21, 849);
INSERT INTO public."Session_session_attendances" (id, session_id, attendance_id) VALUES (387, 21, 850);
INSERT INTO public."Session_session_attendances" (id, session_id, attendance_id) VALUES (388, 21, 851);
INSERT INTO public."Session_session_attendances" (id, session_id, attendance_id) VALUES (389, 21, 852);
INSERT INTO public."Session_session_attendances" (id, session_id, attendance_id) VALUES (390, 21, 853);
INSERT INTO public."Session_session_attendances" (id, session_id, attendance_id) VALUES (391, 21, 854);
INSERT INTO public."Session_session_attendances" (id, session_id, attendance_id) VALUES (392, 21, 855);
INSERT INTO public."Session_session_attendances" (id, session_id, attendance_id) VALUES (393, 21, 856);
INSERT INTO public."Session_session_attendances" (id, session_id, attendance_id) VALUES (394, 21, 857);
INSERT INTO public."Session_session_attendances" (id, session_id, attendance_id) VALUES (395, 21, 858);
INSERT INTO public."Session_session_attendances" (id, session_id, attendance_id) VALUES (396, 22, 859);
INSERT INTO public."Session_session_attendances" (id, session_id, attendance_id) VALUES (397, 22, 860);
INSERT INTO public."Session_session_attendances" (id, session_id, attendance_id) VALUES (398, 22, 861);
INSERT INTO public."Session_session_attendances" (id, session_id, attendance_id) VALUES (399, 22, 862);
INSERT INTO public."Session_session_attendances" (id, session_id, attendance_id) VALUES (400, 22, 863);
INSERT INTO public."Session_session_attendances" (id, session_id, attendance_id) VALUES (401, 22, 864);
INSERT INTO public."Session_session_attendances" (id, session_id, attendance_id) VALUES (402, 22, 865);
INSERT INTO public."Session_session_attendances" (id, session_id, attendance_id) VALUES (403, 22, 866);
INSERT INTO public."Session_session_attendances" (id, session_id, attendance_id) VALUES (404, 22, 867);
INSERT INTO public."Session_session_attendances" (id, session_id, attendance_id) VALUES (405, 22, 868);
INSERT INTO public."Session_session_attendances" (id, session_id, attendance_id) VALUES (406, 22, 869);
INSERT INTO public."Session_session_attendances" (id, session_id, attendance_id) VALUES (407, 22, 870);
INSERT INTO public."Session_session_attendances" (id, session_id, attendance_id) VALUES (408, 22, 871);
INSERT INTO public."Session_session_attendances" (id, session_id, attendance_id) VALUES (409, 22, 872);
INSERT INTO public."Session_session_attendances" (id, session_id, attendance_id) VALUES (410, 22, 873);
INSERT INTO public."Session_session_attendances" (id, session_id, attendance_id) VALUES (411, 22, 874);
INSERT INTO public."Session_session_attendances" (id, session_id, attendance_id) VALUES (412, 22, 875);
INSERT INTO public."Session_session_attendances" (id, session_id, attendance_id) VALUES (413, 22, 876);
INSERT INTO public."Session_session_attendances" (id, session_id, attendance_id) VALUES (414, 22, 877);
INSERT INTO public."Session_session_attendances" (id, session_id, attendance_id) VALUES (415, 22, 878);
INSERT INTO public."Session_session_attendances" (id, session_id, attendance_id) VALUES (416, 22, 879);
INSERT INTO public."Session_session_attendances" (id, session_id, attendance_id) VALUES (417, 22, 880);
INSERT INTO public."Session_session_attendances" (id, session_id, attendance_id) VALUES (418, 22, 881);
INSERT INTO public."Session_session_attendances" (id, session_id, attendance_id) VALUES (419, 22, 882);
INSERT INTO public."Session_session_attendances" (id, session_id, attendance_id) VALUES (420, 22, 883);
INSERT INTO public."Session_session_attendances" (id, session_id, attendance_id) VALUES (421, 22, 884);
INSERT INTO public."Session_session_attendances" (id, session_id, attendance_id) VALUES (422, 22, 885);
INSERT INTO public."Session_session_attendances" (id, session_id, attendance_id) VALUES (423, 22, 886);
INSERT INTO public."Session_session_attendances" (id, session_id, attendance_id) VALUES (424, 22, 887);
INSERT INTO public."Session_session_attendances" (id, session_id, attendance_id) VALUES (425, 22, 888);
INSERT INTO public."Session_session_attendances" (id, session_id, attendance_id) VALUES (426, 22, 889);
INSERT INTO public."Session_session_attendances" (id, session_id, attendance_id) VALUES (427, 22, 890);
INSERT INTO public."Session_session_attendances" (id, session_id, attendance_id) VALUES (428, 22, 891);
INSERT INTO public."Session_session_attendances" (id, session_id, attendance_id) VALUES (429, 22, 892);
INSERT INTO public."Session_session_attendances" (id, session_id, attendance_id) VALUES (430, 22, 893);
INSERT INTO public."Session_session_attendances" (id, session_id, attendance_id) VALUES (431, 22, 894);
INSERT INTO public."Session_session_attendances" (id, session_id, attendance_id) VALUES (432, 22, 895);
INSERT INTO public."Session_session_attendances" (id, session_id, attendance_id) VALUES (433, 22, 896);
INSERT INTO public."Session_session_attendances" (id, session_id, attendance_id) VALUES (434, 22, 897);
INSERT INTO public."Session_session_attendances" (id, session_id, attendance_id) VALUES (435, 22, 898);
INSERT INTO public."Session_session_attendances" (id, session_id, attendance_id) VALUES (436, 22, 899);
INSERT INTO public."Session_session_attendances" (id, session_id, attendance_id) VALUES (437, 22, 900);
INSERT INTO public."Session_session_attendances" (id, session_id, attendance_id) VALUES (438, 22, 901);
INSERT INTO public."Session_session_attendances" (id, session_id, attendance_id) VALUES (439, 22, 902);
INSERT INTO public."Session_session_attendances" (id, session_id, attendance_id) VALUES (440, 22, 903);
INSERT INTO public."Session_session_attendances" (id, session_id, attendance_id) VALUES (441, 22, 904);
INSERT INTO public."Session_session_attendances" (id, session_id, attendance_id) VALUES (442, 22, 905);
INSERT INTO public."Session_session_attendances" (id, session_id, attendance_id) VALUES (443, 22, 906);
INSERT INTO public."Session_session_attendances" (id, session_id, attendance_id) VALUES (444, 22, 907);
INSERT INTO public."Session_session_attendances" (id, session_id, attendance_id) VALUES (445, 22, 908);
INSERT INTO public."Session_session_attendances" (id, session_id, attendance_id) VALUES (446, 22, 909);
INSERT INTO public."Session_session_attendances" (id, session_id, attendance_id) VALUES (447, 22, 910);
INSERT INTO public."Session_session_attendances" (id, session_id, attendance_id) VALUES (448, 22, 911);
INSERT INTO public."Session_session_attendances" (id, session_id, attendance_id) VALUES (449, 22, 912);
INSERT INTO public."Session_session_attendances" (id, session_id, attendance_id) VALUES (450, 22, 913);
INSERT INTO public."Session_session_attendances" (id, session_id, attendance_id) VALUES (451, 22, 914);
INSERT INTO public."Session_session_attendances" (id, session_id, attendance_id) VALUES (452, 22, 915);
INSERT INTO public."Session_session_attendances" (id, session_id, attendance_id) VALUES (453, 22, 916);
INSERT INTO public."Session_session_attendances" (id, session_id, attendance_id) VALUES (454, 22, 917);
INSERT INTO public."Session_session_attendances" (id, session_id, attendance_id) VALUES (455, 22, 918);
INSERT INTO public."Session_session_attendances" (id, session_id, attendance_id) VALUES (456, 22, 919);
INSERT INTO public."Session_session_attendances" (id, session_id, attendance_id) VALUES (457, 22, 920);
INSERT INTO public."Session_session_attendances" (id, session_id, attendance_id) VALUES (458, 22, 921);
INSERT INTO public."Session_session_attendances" (id, session_id, attendance_id) VALUES (459, 22, 922);
INSERT INTO public."Session_session_attendances" (id, session_id, attendance_id) VALUES (460, 22, 923);
INSERT INTO public."Session_session_attendances" (id, session_id, attendance_id) VALUES (461, 22, 924);
INSERT INTO public."Session_session_attendances" (id, session_id, attendance_id) VALUES (462, 22, 925);
INSERT INTO public."Session_session_attendances" (id, session_id, attendance_id) VALUES (463, 22, 926);
INSERT INTO public."Session_session_attendances" (id, session_id, attendance_id) VALUES (464, 22, 927);
INSERT INTO public."Session_session_attendances" (id, session_id, attendance_id) VALUES (465, 22, 928);
INSERT INTO public."Session_session_attendances" (id, session_id, attendance_id) VALUES (466, 22, 929);
INSERT INTO public."Session_session_attendances" (id, session_id, attendance_id) VALUES (467, 22, 930);
INSERT INTO public."Session_session_attendances" (id, session_id, attendance_id) VALUES (468, 22, 931);
INSERT INTO public."Session_session_attendances" (id, session_id, attendance_id) VALUES (469, 22, 932);
INSERT INTO public."Session_session_attendances" (id, session_id, attendance_id) VALUES (470, 22, 933);
INSERT INTO public."Session_session_attendances" (id, session_id, attendance_id) VALUES (471, 22, 934);
INSERT INTO public."Session_session_attendances" (id, session_id, attendance_id) VALUES (472, 22, 935);
INSERT INTO public."Session_session_attendances" (id, session_id, attendance_id) VALUES (473, 22, 936);
INSERT INTO public."Session_session_attendances" (id, session_id, attendance_id) VALUES (474, 22, 937);
INSERT INTO public."Session_session_attendances" (id, session_id, attendance_id) VALUES (475, 22, 938);
INSERT INTO public."Session_session_attendances" (id, session_id, attendance_id) VALUES (476, 22, 939);
INSERT INTO public."Session_session_attendances" (id, session_id, attendance_id) VALUES (477, 23, 940);
INSERT INTO public."Session_session_attendances" (id, session_id, attendance_id) VALUES (478, 23, 941);
INSERT INTO public."Session_session_attendances" (id, session_id, attendance_id) VALUES (479, 23, 942);
INSERT INTO public."Session_session_attendances" (id, session_id, attendance_id) VALUES (480, 23, 943);
INSERT INTO public."Session_session_attendances" (id, session_id, attendance_id) VALUES (481, 23, 944);
INSERT INTO public."Session_session_attendances" (id, session_id, attendance_id) VALUES (482, 23, 945);
INSERT INTO public."Session_session_attendances" (id, session_id, attendance_id) VALUES (483, 23, 946);
INSERT INTO public."Session_session_attendances" (id, session_id, attendance_id) VALUES (484, 23, 947);
INSERT INTO public."Session_session_attendances" (id, session_id, attendance_id) VALUES (485, 23, 948);
INSERT INTO public."Session_session_attendances" (id, session_id, attendance_id) VALUES (486, 23, 949);
INSERT INTO public."Session_session_attendances" (id, session_id, attendance_id) VALUES (487, 23, 950);
INSERT INTO public."Session_session_attendances" (id, session_id, attendance_id) VALUES (488, 23, 951);
INSERT INTO public."Session_session_attendances" (id, session_id, attendance_id) VALUES (489, 23, 952);
INSERT INTO public."Session_session_attendances" (id, session_id, attendance_id) VALUES (490, 23, 953);
INSERT INTO public."Session_session_attendances" (id, session_id, attendance_id) VALUES (491, 23, 954);
INSERT INTO public."Session_session_attendances" (id, session_id, attendance_id) VALUES (492, 23, 955);
INSERT INTO public."Session_session_attendances" (id, session_id, attendance_id) VALUES (493, 23, 956);
INSERT INTO public."Session_session_attendances" (id, session_id, attendance_id) VALUES (494, 23, 957);
INSERT INTO public."Session_session_attendances" (id, session_id, attendance_id) VALUES (495, 23, 958);
INSERT INTO public."Session_session_attendances" (id, session_id, attendance_id) VALUES (496, 23, 959);
INSERT INTO public."Session_session_attendances" (id, session_id, attendance_id) VALUES (497, 23, 960);
INSERT INTO public."Session_session_attendances" (id, session_id, attendance_id) VALUES (498, 23, 961);
INSERT INTO public."Session_session_attendances" (id, session_id, attendance_id) VALUES (499, 23, 962);
INSERT INTO public."Session_session_attendances" (id, session_id, attendance_id) VALUES (500, 23, 963);
INSERT INTO public."Session_session_attendances" (id, session_id, attendance_id) VALUES (501, 23, 964);
INSERT INTO public."Session_session_attendances" (id, session_id, attendance_id) VALUES (502, 23, 965);
INSERT INTO public."Session_session_attendances" (id, session_id, attendance_id) VALUES (503, 23, 966);


--
-- Data for Name: StakeHolders_admin; Type: TABLE DATA; Schema: public; Owner: manav1011
--

INSERT INTO public."StakeHolders_admin" (id, slug, profile_id) VALUES (1, '144105_1708928442', 1);
INSERT INTO public."StakeHolders_admin" (id, slug, profile_id) VALUES (2, '723617_1708935862', 168);
INSERT INTO public."StakeHolders_admin" (id, slug, profile_id) VALUES (3, '302212_1709145561', 238);
INSERT INTO public."StakeHolders_admin" (id, slug, profile_id) VALUES (4, '212882_1709224764', 287);
INSERT INTO public."StakeHolders_admin" (id, slug, profile_id) VALUES (5, '453929_1709302728', 341);


--
-- Data for Name: StakeHolders_notificationsubscriptions; Type: TABLE DATA; Schema: public; Owner: manav1011
--



--
-- Data for Name: StakeHolders_student; Type: TABLE DATA; Schema: public; Owner: manav1011
--

INSERT INTO public."StakeHolders_student" (id, enrollment, slug, profile_id, sr_no) VALUES (1, '220280111002', '210447_1708935356', 5, 411001);
INSERT INTO public."StakeHolders_student" (id, enrollment, slug, profile_id, sr_no) VALUES (2, '220280111005', '121019_1708935356', 6, 411002);
INSERT INTO public."StakeHolders_student" (id, enrollment, slug, profile_id, sr_no) VALUES (3, '220280111008', '156364_1708935356', 7, 411003);
INSERT INTO public."StakeHolders_student" (id, enrollment, slug, profile_id, sr_no) VALUES (4, '220280111009', '108406_1708935356', 8, 411004);
INSERT INTO public."StakeHolders_student" (id, enrollment, slug, profile_id, sr_no) VALUES (5, '220280111010', '449443_1708935356', 9, 411005);
INSERT INTO public."StakeHolders_student" (id, enrollment, slug, profile_id, sr_no) VALUES (6, '220280111012', '108700_1708935356', 10, 411006);
INSERT INTO public."StakeHolders_student" (id, enrollment, slug, profile_id, sr_no) VALUES (7, '220280111013', '240700_1708935356', 11, 411007);
INSERT INTO public."StakeHolders_student" (id, enrollment, slug, profile_id, sr_no) VALUES (8, '220280111014', '363609_1708935356', 12, 411008);
INSERT INTO public."StakeHolders_student" (id, enrollment, slug, profile_id, sr_no) VALUES (9, '220280111015', '108949_1708935356', 13, 411009);
INSERT INTO public."StakeHolders_student" (id, enrollment, slug, profile_id, sr_no) VALUES (10, '220280111016', '254305_1708935356', 14, 411010);
INSERT INTO public."StakeHolders_student" (id, enrollment, slug, profile_id, sr_no) VALUES (11, '220280111017', '192569_1708935356', 15, 411011);
INSERT INTO public."StakeHolders_student" (id, enrollment, slug, profile_id, sr_no) VALUES (12, '220280111018', '888502_1708935356', 16, 411012);
INSERT INTO public."StakeHolders_student" (id, enrollment, slug, profile_id, sr_no) VALUES (13, '220280111019', '327689_1708935356', 17, 411013);
INSERT INTO public."StakeHolders_student" (id, enrollment, slug, profile_id, sr_no) VALUES (14, '220280111020', '145743_1708935356', 18, 411014);
INSERT INTO public."StakeHolders_student" (id, enrollment, slug, profile_id, sr_no) VALUES (15, '220280111021', '297996_1708935357', 19, 411015);
INSERT INTO public."StakeHolders_student" (id, enrollment, slug, profile_id, sr_no) VALUES (16, '220280111022', '122056_1708935357', 20, 411016);
INSERT INTO public."StakeHolders_student" (id, enrollment, slug, profile_id, sr_no) VALUES (17, '220280111023', '102165_1708935357', 21, 411017);
INSERT INTO public."StakeHolders_student" (id, enrollment, slug, profile_id, sr_no) VALUES (18, '220280111026', '231127_1708935357', 22, 411018);
INSERT INTO public."StakeHolders_student" (id, enrollment, slug, profile_id, sr_no) VALUES (19, '220280111028', '334405_1708935357', 23, 411019);
INSERT INTO public."StakeHolders_student" (id, enrollment, slug, profile_id, sr_no) VALUES (20, '220280111029', '223665_1708935357', 24, 411020);
INSERT INTO public."StakeHolders_student" (id, enrollment, slug, profile_id, sr_no) VALUES (21, '220280111030', '564765_1708935357', 25, 411021);
INSERT INTO public."StakeHolders_student" (id, enrollment, slug, profile_id, sr_no) VALUES (22, '220280111031', '358816_1708935357', 26, 411022);
INSERT INTO public."StakeHolders_student" (id, enrollment, slug, profile_id, sr_no) VALUES (23, '220280111034', '604529_1708935357', 27, 411023);
INSERT INTO public."StakeHolders_student" (id, enrollment, slug, profile_id, sr_no) VALUES (24, '220280111037', '169846_1708935357', 28, 411024);
INSERT INTO public."StakeHolders_student" (id, enrollment, slug, profile_id, sr_no) VALUES (25, '220280111039', '369077_1708935357', 29, 411025);
INSERT INTO public."StakeHolders_student" (id, enrollment, slug, profile_id, sr_no) VALUES (26, '220280111040', '226889_1708935357', 30, 411026);
INSERT INTO public."StakeHolders_student" (id, enrollment, slug, profile_id, sr_no) VALUES (27, '220280111041', '801190_1708935357', 31, 411027);
INSERT INTO public."StakeHolders_student" (id, enrollment, slug, profile_id, sr_no) VALUES (28, '220280111042', '639232_1708935357', 32, 411028);
INSERT INTO public."StakeHolders_student" (id, enrollment, slug, profile_id, sr_no) VALUES (29, '220280111043', '212244_1708935357', 33, 411029);
INSERT INTO public."StakeHolders_student" (id, enrollment, slug, profile_id, sr_no) VALUES (30, '220280111046', '157643_1708935357', 34, 411030);
INSERT INTO public."StakeHolders_student" (id, enrollment, slug, profile_id, sr_no) VALUES (31, '220280111047', '124788_1708935357', 35, 411031);
INSERT INTO public."StakeHolders_student" (id, enrollment, slug, profile_id, sr_no) VALUES (32, '220280111049', '537515_1708935357', 36, 411032);
INSERT INTO public."StakeHolders_student" (id, enrollment, slug, profile_id, sr_no) VALUES (33, '220280111050', '317429_1708935357', 37, 411033);
INSERT INTO public."StakeHolders_student" (id, enrollment, slug, profile_id, sr_no) VALUES (34, '220280111051', '316325_1708935357', 38, 411034);
INSERT INTO public."StakeHolders_student" (id, enrollment, slug, profile_id, sr_no) VALUES (35, '220280111053', '857970_1708935357', 39, 411035);
INSERT INTO public."StakeHolders_student" (id, enrollment, slug, profile_id, sr_no) VALUES (36, '220280111054', '151294_1708935358', 40, 411036);
INSERT INTO public."StakeHolders_student" (id, enrollment, slug, profile_id, sr_no) VALUES (37, '220280111055', '320953_1708935358', 41, 411037);
INSERT INTO public."StakeHolders_student" (id, enrollment, slug, profile_id, sr_no) VALUES (38, '220280111056', '212059_1708935358', 42, 411038);
INSERT INTO public."StakeHolders_student" (id, enrollment, slug, profile_id, sr_no) VALUES (39, '220280111057', '135482_1708935358', 43, 411039);
INSERT INTO public."StakeHolders_student" (id, enrollment, slug, profile_id, sr_no) VALUES (40, '220280111058', '334163_1708935358', 44, 411040);
INSERT INTO public."StakeHolders_student" (id, enrollment, slug, profile_id, sr_no) VALUES (41, '220280111061', '671738_1708935358', 45, 411041);
INSERT INTO public."StakeHolders_student" (id, enrollment, slug, profile_id, sr_no) VALUES (42, '220280111063', '113683_1708935358', 46, 411042);
INSERT INTO public."StakeHolders_student" (id, enrollment, slug, profile_id, sr_no) VALUES (43, '220280111064', '304117_1708935358', 47, 411043);
INSERT INTO public."StakeHolders_student" (id, enrollment, slug, profile_id, sr_no) VALUES (44, '220280111065', '107982_1708935358', 48, 411044);
INSERT INTO public."StakeHolders_student" (id, enrollment, slug, profile_id, sr_no) VALUES (45, '220280111066', '717387_1708935358', 49, 411045);
INSERT INTO public."StakeHolders_student" (id, enrollment, slug, profile_id, sr_no) VALUES (46, '220280111067', '289721_1708935358', 50, 411046);
INSERT INTO public."StakeHolders_student" (id, enrollment, slug, profile_id, sr_no) VALUES (47, '220280111068', '317815_1708935358', 51, 411047);
INSERT INTO public."StakeHolders_student" (id, enrollment, slug, profile_id, sr_no) VALUES (48, '220280111069', '122957_1708935358', 52, 411048);
INSERT INTO public."StakeHolders_student" (id, enrollment, slug, profile_id, sr_no) VALUES (49, '220280111070', '696547_1708935358', 53, 411049);
INSERT INTO public."StakeHolders_student" (id, enrollment, slug, profile_id, sr_no) VALUES (50, '220280111071', '108905_1708935358', 54, 411050);
INSERT INTO public."StakeHolders_student" (id, enrollment, slug, profile_id, sr_no) VALUES (51, '220280111072', '367742_1708935358', 55, 411051);
INSERT INTO public."StakeHolders_student" (id, enrollment, slug, profile_id, sr_no) VALUES (52, '220280111073', '305764_1708935358', 56, 411052);
INSERT INTO public."StakeHolders_student" (id, enrollment, slug, profile_id, sr_no) VALUES (53, '220280111075', '334167_1708935358', 57, 411053);
INSERT INTO public."StakeHolders_student" (id, enrollment, slug, profile_id, sr_no) VALUES (54, '220280111076', '187108_1708935358', 58, 411054);
INSERT INTO public."StakeHolders_student" (id, enrollment, slug, profile_id, sr_no) VALUES (55, '220280111079', '293034_1708935358', 59, 411055);
INSERT INTO public."StakeHolders_student" (id, enrollment, slug, profile_id, sr_no) VALUES (56, '220280111080', '206345_1708935358', 60, 411056);
INSERT INTO public."StakeHolders_student" (id, enrollment, slug, profile_id, sr_no) VALUES (57, '220280111081', '270836_1708935359', 61, 411057);
INSERT INTO public."StakeHolders_student" (id, enrollment, slug, profile_id, sr_no) VALUES (58, '230283111001', '107558_1708935359', 62, 411058);
INSERT INTO public."StakeHolders_student" (id, enrollment, slug, profile_id, sr_no) VALUES (59, '230283111002', '192083_1708935359', 63, 411059);
INSERT INTO public."StakeHolders_student" (id, enrollment, slug, profile_id, sr_no) VALUES (60, '230283111003', '283937_1708935359', 64, 411060);
INSERT INTO public."StakeHolders_student" (id, enrollment, slug, profile_id, sr_no) VALUES (61, '230283111004', '142983_1708935359', 65, 411061);
INSERT INTO public."StakeHolders_student" (id, enrollment, slug, profile_id, sr_no) VALUES (62, '230283111005', '558262_1708935359', 66, 411062);
INSERT INTO public."StakeHolders_student" (id, enrollment, slug, profile_id, sr_no) VALUES (63, '230283111006', '223814_1708935359', 67, 411063);
INSERT INTO public."StakeHolders_student" (id, enrollment, slug, profile_id, sr_no) VALUES (64, '230283111007', '126173_1708935359', 68, 411064);
INSERT INTO public."StakeHolders_student" (id, enrollment, slug, profile_id, sr_no) VALUES (65, '230283111008', '136126_1708935359', 69, 411065);
INSERT INTO public."StakeHolders_student" (id, enrollment, slug, profile_id, sr_no) VALUES (66, '230283111009', '141719_1708935359', 70, 411066);
INSERT INTO public."StakeHolders_student" (id, enrollment, slug, profile_id, sr_no) VALUES (67, '230283111010', '143669_1708935359', 71, 411067);
INSERT INTO public."StakeHolders_student" (id, enrollment, slug, profile_id, sr_no) VALUES (68, '230283111011', '156145_1708935359', 72, 411068);
INSERT INTO public."StakeHolders_student" (id, enrollment, slug, profile_id, sr_no) VALUES (69, '230283111012', '664525_1708935359', 73, 411069);
INSERT INTO public."StakeHolders_student" (id, enrollment, slug, profile_id, sr_no) VALUES (70, '230283111013', '236254_1708935359', 74, 411070);
INSERT INTO public."StakeHolders_student" (id, enrollment, slug, profile_id, sr_no) VALUES (71, '230283111014', '265875_1708935359', 75, 411071);
INSERT INTO public."StakeHolders_student" (id, enrollment, slug, profile_id, sr_no) VALUES (72, '230283111015', '268302_1708935359', 76, 411072);
INSERT INTO public."StakeHolders_student" (id, enrollment, slug, profile_id, sr_no) VALUES (73, '230283111016', '135520_1708935359', 77, 411073);
INSERT INTO public."StakeHolders_student" (id, enrollment, slug, profile_id, sr_no) VALUES (74, '230283111017', '154619_1708935359', 78, 411074);
INSERT INTO public."StakeHolders_student" (id, enrollment, slug, profile_id, sr_no) VALUES (75, '230283111018', '719276_1708935359', 79, 411075);
INSERT INTO public."StakeHolders_student" (id, enrollment, slug, profile_id, sr_no) VALUES (76, '230283111019', '698585_1708935359', 80, 411076);
INSERT INTO public."StakeHolders_student" (id, enrollment, slug, profile_id, sr_no) VALUES (77, '230283111020', '155318_1708935359', 81, 411077);
INSERT INTO public."StakeHolders_student" (id, enrollment, slug, profile_id, sr_no) VALUES (78, '230283111022', '426889_1708935360', 82, 411078);
INSERT INTO public."StakeHolders_student" (id, enrollment, slug, profile_id, sr_no) VALUES (79, '230283111023', '831492_1708935360', 83, 411079);
INSERT INTO public."StakeHolders_student" (id, enrollment, slug, profile_id, sr_no) VALUES (80, '230283111024', '250452_1708935360', 84, 411080);
INSERT INTO public."StakeHolders_student" (id, enrollment, slug, profile_id, sr_no) VALUES (81, '230283111025', '224417_1708935360', 85, 411081);
INSERT INTO public."StakeHolders_student" (id, enrollment, slug, profile_id, sr_no) VALUES (82, '220280111083', '226237_1708935415', 86, 411082);
INSERT INTO public."StakeHolders_student" (id, enrollment, slug, profile_id, sr_no) VALUES (83, '220280111085', '127651_1708935415', 87, 411083);
INSERT INTO public."StakeHolders_student" (id, enrollment, slug, profile_id, sr_no) VALUES (84, '220280111086', '183406_1708935415', 88, 411084);
INSERT INTO public."StakeHolders_student" (id, enrollment, slug, profile_id, sr_no) VALUES (85, '220280111087', '316336_1708935416', 89, 411085);
INSERT INTO public."StakeHolders_student" (id, enrollment, slug, profile_id, sr_no) VALUES (86, '220280111088', '124462_1708935416', 90, 411086);
INSERT INTO public."StakeHolders_student" (id, enrollment, slug, profile_id, sr_no) VALUES (87, '220280111089', '762481_1708935416', 91, 411087);
INSERT INTO public."StakeHolders_student" (id, enrollment, slug, profile_id, sr_no) VALUES (88, '220280111090', '994936_1708935416', 92, 411088);
INSERT INTO public."StakeHolders_student" (id, enrollment, slug, profile_id, sr_no) VALUES (89, '220280111091', '150282_1708935416', 93, 411089);
INSERT INTO public."StakeHolders_student" (id, enrollment, slug, profile_id, sr_no) VALUES (90, '220280111092', '278469_1708935416', 94, 411090);
INSERT INTO public."StakeHolders_student" (id, enrollment, slug, profile_id, sr_no) VALUES (91, '220280111093', '331455_1708935416', 95, 411091);
INSERT INTO public."StakeHolders_student" (id, enrollment, slug, profile_id, sr_no) VALUES (92, '220280111094', '202955_1708935416', 96, 411092);
INSERT INTO public."StakeHolders_student" (id, enrollment, slug, profile_id, sr_no) VALUES (93, '220280111096', '276579_1708935416', 97, 411093);
INSERT INTO public."StakeHolders_student" (id, enrollment, slug, profile_id, sr_no) VALUES (94, '220280111097', '332319_1708935416', 98, 411094);
INSERT INTO public."StakeHolders_student" (id, enrollment, slug, profile_id, sr_no) VALUES (95, '220280111098', '119125_1708935416', 99, 411095);
INSERT INTO public."StakeHolders_student" (id, enrollment, slug, profile_id, sr_no) VALUES (96, '220280111099', '308111_1708935416', 100, 411096);
INSERT INTO public."StakeHolders_student" (id, enrollment, slug, profile_id, sr_no) VALUES (97, '220280111101', '339720_1708935416', 101, 411097);
INSERT INTO public."StakeHolders_student" (id, enrollment, slug, profile_id, sr_no) VALUES (98, '220280111105', '204890_1708935416', 102, 411098);
INSERT INTO public."StakeHolders_student" (id, enrollment, slug, profile_id, sr_no) VALUES (99, '220280111106', '213120_1708935416', 103, 411099);
INSERT INTO public."StakeHolders_student" (id, enrollment, slug, profile_id, sr_no) VALUES (100, '220280111107', '443930_1708935416', 104, 411100);
INSERT INTO public."StakeHolders_student" (id, enrollment, slug, profile_id, sr_no) VALUES (101, '220280111108', '848445_1708935416', 105, 411101);
INSERT INTO public."StakeHolders_student" (id, enrollment, slug, profile_id, sr_no) VALUES (102, '220280111109', '310233_1708935416', 106, 411102);
INSERT INTO public."StakeHolders_student" (id, enrollment, slug, profile_id, sr_no) VALUES (103, '220280111110', '264968_1708935416', 107, 411103);
INSERT INTO public."StakeHolders_student" (id, enrollment, slug, profile_id, sr_no) VALUES (104, '220280111112', '356150_1708935416', 108, 411104);
INSERT INTO public."StakeHolders_student" (id, enrollment, slug, profile_id, sr_no) VALUES (105, '220280111114', '740691_1708935416', 109, 411105);
INSERT INTO public."StakeHolders_student" (id, enrollment, slug, profile_id, sr_no) VALUES (106, '220280111115', '120094_1708935417', 110, 411106);
INSERT INTO public."StakeHolders_student" (id, enrollment, slug, profile_id, sr_no) VALUES (107, '220280111117', '248816_1708935417', 111, 411107);
INSERT INTO public."StakeHolders_student" (id, enrollment, slug, profile_id, sr_no) VALUES (108, '220280111118', '281727_1708935417', 112, 411108);
INSERT INTO public."StakeHolders_student" (id, enrollment, slug, profile_id, sr_no) VALUES (109, '220280111119', '170130_1708935417', 113, 411109);
INSERT INTO public."StakeHolders_student" (id, enrollment, slug, profile_id, sr_no) VALUES (110, '220280111120', '428568_1708935417', 114, 411110);
INSERT INTO public."StakeHolders_student" (id, enrollment, slug, profile_id, sr_no) VALUES (111, '220280111122', '609954_1708935417', 115, 411111);
INSERT INTO public."StakeHolders_student" (id, enrollment, slug, profile_id, sr_no) VALUES (112, '220280111124', '283492_1708935417', 116, 411112);
INSERT INTO public."StakeHolders_student" (id, enrollment, slug, profile_id, sr_no) VALUES (113, '220280111125', '338898_1708935417', 117, 411113);
INSERT INTO public."StakeHolders_student" (id, enrollment, slug, profile_id, sr_no) VALUES (114, '220280111129', '187873_1708935417', 118, 411114);
INSERT INTO public."StakeHolders_student" (id, enrollment, slug, profile_id, sr_no) VALUES (115, '220280111130', '323128_1708935417', 119, 411115);
INSERT INTO public."StakeHolders_student" (id, enrollment, slug, profile_id, sr_no) VALUES (116, '220280111131', '337444_1708935417', 120, 411116);
INSERT INTO public."StakeHolders_student" (id, enrollment, slug, profile_id, sr_no) VALUES (117, '220280111132', '118461_1708935417', 121, 411117);
INSERT INTO public."StakeHolders_student" (id, enrollment, slug, profile_id, sr_no) VALUES (118, '220280111133', '378438_1708935417', 122, 411118);
INSERT INTO public."StakeHolders_student" (id, enrollment, slug, profile_id, sr_no) VALUES (119, '220280111135', '305454_1708935417', 123, 411119);
INSERT INTO public."StakeHolders_student" (id, enrollment, slug, profile_id, sr_no) VALUES (120, '220280111136', '779382_1708935417', 124, 411120);
INSERT INTO public."StakeHolders_student" (id, enrollment, slug, profile_id, sr_no) VALUES (121, '220280111137', '226515_1708935417', 125, 411121);
INSERT INTO public."StakeHolders_student" (id, enrollment, slug, profile_id, sr_no) VALUES (122, '220280111138', '227554_1708935417', 126, 411122);
INSERT INTO public."StakeHolders_student" (id, enrollment, slug, profile_id, sr_no) VALUES (123, '220280111140', '145530_1708935417', 127, 411123);
INSERT INTO public."StakeHolders_student" (id, enrollment, slug, profile_id, sr_no) VALUES (124, '220280111141', '168393_1708935417', 128, 411124);
INSERT INTO public."StakeHolders_student" (id, enrollment, slug, profile_id, sr_no) VALUES (125, '220280111142', '399388_1708935417', 129, 411125);
INSERT INTO public."StakeHolders_student" (id, enrollment, slug, profile_id, sr_no) VALUES (126, '220280111143', '895172_1708935417', 130, 411126);
INSERT INTO public."StakeHolders_student" (id, enrollment, slug, profile_id, sr_no) VALUES (127, '220280111144', '357634_1708935417', 131, 411127);
INSERT INTO public."StakeHolders_student" (id, enrollment, slug, profile_id, sr_no) VALUES (128, '220280111147', '991515_1708935418', 132, 411128);
INSERT INTO public."StakeHolders_student" (id, enrollment, slug, profile_id, sr_no) VALUES (129, '220280111148', '310105_1708935418', 133, 411129);
INSERT INTO public."StakeHolders_student" (id, enrollment, slug, profile_id, sr_no) VALUES (130, '220280111149', '316398_1708935418', 134, 411130);
INSERT INTO public."StakeHolders_student" (id, enrollment, slug, profile_id, sr_no) VALUES (131, '220280111150', '305826_1708935418', 135, 411131);
INSERT INTO public."StakeHolders_student" (id, enrollment, slug, profile_id, sr_no) VALUES (132, '220280111151', '129553_1708935418', 136, 411132);
INSERT INTO public."StakeHolders_student" (id, enrollment, slug, profile_id, sr_no) VALUES (133, '220280111152', '238226_1708935418', 137, 411133);
INSERT INTO public."StakeHolders_student" (id, enrollment, slug, profile_id, sr_no) VALUES (134, '220280111153', '276851_1708935418', 138, 411134);
INSERT INTO public."StakeHolders_student" (id, enrollment, slug, profile_id, sr_no) VALUES (135, '220280111154', '109105_1708935418', 139, 411135);
INSERT INTO public."StakeHolders_student" (id, enrollment, slug, profile_id, sr_no) VALUES (136, '220280111155', '121462_1708935418', 140, 411136);
INSERT INTO public."StakeHolders_student" (id, enrollment, slug, profile_id, sr_no) VALUES (137, '220280111156', '301520_1708935418', 141, 411137);
INSERT INTO public."StakeHolders_student" (id, enrollment, slug, profile_id, sr_no) VALUES (138, '220280111159', '409682_1708935418', 142, 411138);
INSERT INTO public."StakeHolders_student" (id, enrollment, slug, profile_id, sr_no) VALUES (139, '230283111026', '328421_1708935418', 143, 411139);
INSERT INTO public."StakeHolders_student" (id, enrollment, slug, profile_id, sr_no) VALUES (140, '230283111027', '284124_1708935418', 144, 411140);
INSERT INTO public."StakeHolders_student" (id, enrollment, slug, profile_id, sr_no) VALUES (141, '230283111028', '251841_1708935418', 145, 411141);
INSERT INTO public."StakeHolders_student" (id, enrollment, slug, profile_id, sr_no) VALUES (142, '230283111029', '136436_1708935418', 146, 411142);
INSERT INTO public."StakeHolders_student" (id, enrollment, slug, profile_id, sr_no) VALUES (143, '230283111030', '277251_1708935418', 147, 411143);
INSERT INTO public."StakeHolders_student" (id, enrollment, slug, profile_id, sr_no) VALUES (144, '230283111031', '268023_1708935418', 148, 411144);
INSERT INTO public."StakeHolders_student" (id, enrollment, slug, profile_id, sr_no) VALUES (145, '230283111032', '347893_1708935418', 149, 411145);
INSERT INTO public."StakeHolders_student" (id, enrollment, slug, profile_id, sr_no) VALUES (146, '230283111033', '132608_1708935418', 150, 411146);
INSERT INTO public."StakeHolders_student" (id, enrollment, slug, profile_id, sr_no) VALUES (147, '230283111034', '156129_1708935418', 151, 411147);
INSERT INTO public."StakeHolders_student" (id, enrollment, slug, profile_id, sr_no) VALUES (148, '230283111035', '269751_1708935418', 152, 411148);
INSERT INTO public."StakeHolders_student" (id, enrollment, slug, profile_id, sr_no) VALUES (149, '230283111036', '104298_1708935418', 153, 411149);
INSERT INTO public."StakeHolders_student" (id, enrollment, slug, profile_id, sr_no) VALUES (150, '230283111037', '236210_1708935419', 154, 411150);
INSERT INTO public."StakeHolders_student" (id, enrollment, slug, profile_id, sr_no) VALUES (151, '230283111038', '112923_1708935419', 155, 411151);
INSERT INTO public."StakeHolders_student" (id, enrollment, slug, profile_id, sr_no) VALUES (152, '230283111039', '515093_1708935419', 156, 411152);
INSERT INTO public."StakeHolders_student" (id, enrollment, slug, profile_id, sr_no) VALUES (153, '230283111040', '223357_1708935419', 157, 411153);
INSERT INTO public."StakeHolders_student" (id, enrollment, slug, profile_id, sr_no) VALUES (154, '230283111041', '151560_1708935419', 158, 411154);
INSERT INTO public."StakeHolders_student" (id, enrollment, slug, profile_id, sr_no) VALUES (155, '230283111042', '308140_1708935419', 159, 411155);
INSERT INTO public."StakeHolders_student" (id, enrollment, slug, profile_id, sr_no) VALUES (156, '230283111043', '315694_1708935419', 160, 411156);
INSERT INTO public."StakeHolders_student" (id, enrollment, slug, profile_id, sr_no) VALUES (157, '230283111044', '270684_1708935419', 161, 411157);
INSERT INTO public."StakeHolders_student" (id, enrollment, slug, profile_id, sr_no) VALUES (158, '230283111045', '260318_1708935419', 162, 411158);
INSERT INTO public."StakeHolders_student" (id, enrollment, slug, profile_id, sr_no) VALUES (159, '230283111046', '304921_1708935419', 163, 411159);
INSERT INTO public."StakeHolders_student" (id, enrollment, slug, profile_id, sr_no) VALUES (160, '230283111047', '187448_1708935419', 164, 411160);
INSERT INTO public."StakeHolders_student" (id, enrollment, slug, profile_id, sr_no) VALUES (161, '230283111048', '176404_1708935419', 165, 411161);
INSERT INTO public."StakeHolders_student" (id, enrollment, slug, profile_id, sr_no) VALUES (162, '230283111049', '142335_1708935419', 166, 411162);
INSERT INTO public."StakeHolders_student" (id, enrollment, slug, profile_id, sr_no) VALUES (163, '230283111050', '346616_1708935419', 167, 411163);
INSERT INTO public."StakeHolders_student" (id, enrollment, slug, profile_id, sr_no) VALUES (164, '210280107125', '942195_1708936688', 169, 1);
INSERT INTO public."StakeHolders_student" (id, enrollment, slug, profile_id, sr_no) VALUES (165, '210280107126', '226229_1708936688', 170, 2);
INSERT INTO public."StakeHolders_student" (id, enrollment, slug, profile_id, sr_no) VALUES (166, '210280107127', '119689_1708936688', 171, 3);
INSERT INTO public."StakeHolders_student" (id, enrollment, slug, profile_id, sr_no) VALUES (167, '210280107129', '885193_1708936688', 172, 4);
INSERT INTO public."StakeHolders_student" (id, enrollment, slug, profile_id, sr_no) VALUES (168, '210280107130', '191237_1708936689', 173, 5);
INSERT INTO public."StakeHolders_student" (id, enrollment, slug, profile_id, sr_no) VALUES (169, '210280107131', '245954_1708936689', 174, 6);
INSERT INTO public."StakeHolders_student" (id, enrollment, slug, profile_id, sr_no) VALUES (170, '210280107132', '718786_1708936689', 175, 7);
INSERT INTO public."StakeHolders_student" (id, enrollment, slug, profile_id, sr_no) VALUES (171, '210280107133', '506957_1708936689', 176, 8);
INSERT INTO public."StakeHolders_student" (id, enrollment, slug, profile_id, sr_no) VALUES (172, '210280107134', '263288_1708936689', 177, 9);
INSERT INTO public."StakeHolders_student" (id, enrollment, slug, profile_id, sr_no) VALUES (173, '210280107138', '135778_1708936689', 178, 10);
INSERT INTO public."StakeHolders_student" (id, enrollment, slug, profile_id, sr_no) VALUES (174, '220283107002', '309021_1708936689', 179, 11);
INSERT INTO public."StakeHolders_student" (id, enrollment, slug, profile_id, sr_no) VALUES (175, '220283107003', '220705_1708936689', 180, 12);
INSERT INTO public."StakeHolders_student" (id, enrollment, slug, profile_id, sr_no) VALUES (176, '220283107004', '447653_1708936689', 181, 13);
INSERT INTO public."StakeHolders_student" (id, enrollment, slug, profile_id, sr_no) VALUES (177, '220283107005', '626433_1708936689', 182, 14);
INSERT INTO public."StakeHolders_student" (id, enrollment, slug, profile_id, sr_no) VALUES (178, '220283107006', '305065_1708936689', 183, 15);
INSERT INTO public."StakeHolders_student" (id, enrollment, slug, profile_id, sr_no) VALUES (179, '220283107007', '244687_1708936689', 184, 16);
INSERT INTO public."StakeHolders_student" (id, enrollment, slug, profile_id, sr_no) VALUES (180, '220283107008', '302766_1708936689', 185, 17);
INSERT INTO public."StakeHolders_student" (id, enrollment, slug, profile_id, sr_no) VALUES (181, '220283107009', '481063_1708936689', 186, 18);
INSERT INTO public."StakeHolders_student" (id, enrollment, slug, profile_id, sr_no) VALUES (182, '220283107010', '754283_1708936689', 187, 19);
INSERT INTO public."StakeHolders_student" (id, enrollment, slug, profile_id, sr_no) VALUES (183, '220283107011', '186230_1708936689', 188, 20);
INSERT INTO public."StakeHolders_student" (id, enrollment, slug, profile_id, sr_no) VALUES (184, '220283107014', '145660_1708936689', 189, 21);
INSERT INTO public."StakeHolders_student" (id, enrollment, slug, profile_id, sr_no) VALUES (185, '220283107015', '301131_1708936689', 190, 22);
INSERT INTO public."StakeHolders_student" (id, enrollment, slug, profile_id, sr_no) VALUES (186, '220283107016', '271786_1708936689', 191, 23);
INSERT INTO public."StakeHolders_student" (id, enrollment, slug, profile_id, sr_no) VALUES (187, '220283107017', '285354_1708936689', 192, 24);
INSERT INTO public."StakeHolders_student" (id, enrollment, slug, profile_id, sr_no) VALUES (188, '220283107019', '600682_1708936689', 193, 25);
INSERT INTO public."StakeHolders_student" (id, enrollment, slug, profile_id, sr_no) VALUES (189, '220283107020', '122679_1708936690', 194, 26);
INSERT INTO public."StakeHolders_student" (id, enrollment, slug, profile_id, sr_no) VALUES (190, '220283107022', '307752_1708936690', 195, 27);
INSERT INTO public."StakeHolders_student" (id, enrollment, slug, profile_id, sr_no) VALUES (191, '220283107023', '183228_1708936690', 196, 28);
INSERT INTO public."StakeHolders_student" (id, enrollment, slug, profile_id, sr_no) VALUES (192, '220283107024', '219009_1708936690', 197, 29);
INSERT INTO public."StakeHolders_student" (id, enrollment, slug, profile_id, sr_no) VALUES (193, '220283107025', '101025_1708936690', 198, 30);
INSERT INTO public."StakeHolders_student" (id, enrollment, slug, profile_id, sr_no) VALUES (194, '220283107026', '975534_1708936690', 199, 31);
INSERT INTO public."StakeHolders_student" (id, enrollment, slug, profile_id, sr_no) VALUES (195, '220283107027', '333047_1708936690', 200, 32);
INSERT INTO public."StakeHolders_student" (id, enrollment, slug, profile_id, sr_no) VALUES (196, '220283107028', '183495_1708936690', 201, 33);
INSERT INTO public."StakeHolders_student" (id, enrollment, slug, profile_id, sr_no) VALUES (197, '220283107030', '180934_1708936690', 202, 34);
INSERT INTO public."StakeHolders_student" (id, enrollment, slug, profile_id, sr_no) VALUES (198, '220283107031', '779859_1708936690', 203, 35);
INSERT INTO public."StakeHolders_student" (id, enrollment, slug, profile_id, sr_no) VALUES (199, '220283107033', '481014_1708936690', 204, 36);
INSERT INTO public."StakeHolders_student" (id, enrollment, slug, profile_id, sr_no) VALUES (200, '220283107035', '434254_1708936690', 205, 37);
INSERT INTO public."StakeHolders_student" (id, enrollment, slug, profile_id, sr_no) VALUES (201, '220283107036', '152473_1708936690', 206, 38);
INSERT INTO public."StakeHolders_student" (id, enrollment, slug, profile_id, sr_no) VALUES (202, '220283107037', '898794_1708936690', 207, 39);
INSERT INTO public."StakeHolders_student" (id, enrollment, slug, profile_id, sr_no) VALUES (203, '220283107038', '198966_1708936690', 208, 40);
INSERT INTO public."StakeHolders_student" (id, enrollment, slug, profile_id, sr_no) VALUES (204, '220283107040', '257097_1708936690', 209, 41);
INSERT INTO public."StakeHolders_student" (id, enrollment, slug, profile_id, sr_no) VALUES (205, '210280107023', '162957_1708936690', 210, 42);
INSERT INTO public."StakeHolders_student" (id, enrollment, slug, profile_id, sr_no) VALUES (206, '210280107062', '310539_1708936690', 211, 43);
INSERT INTO public."StakeHolders_student" (id, enrollment, slug, profile_id, sr_no) VALUES (207, '220283107012', '167862_1708936690', 212, 44);
INSERT INTO public."StakeHolders_student" (id, enrollment, slug, profile_id, sr_no) VALUES (208, '220283107039', '955225_1708936690', 213, 45);
INSERT INTO public."StakeHolders_student" (id, enrollment, slug, profile_id, sr_no) VALUES (209, '220283107042', '184705_1708936690', 214, 46);
INSERT INTO public."StakeHolders_student" (id, enrollment, slug, profile_id, sr_no) VALUES (210, '210280107007', '889381_1708936690', 215, 47);
INSERT INTO public."StakeHolders_student" (id, enrollment, slug, profile_id, sr_no) VALUES (211, '210280107013', '248218_1708936691', 216, 48);
INSERT INTO public."StakeHolders_student" (id, enrollment, slug, profile_id, sr_no) VALUES (212, '210280107022', '306108_1708936691', 217, 49);
INSERT INTO public."StakeHolders_student" (id, enrollment, slug, profile_id, sr_no) VALUES (213, '210280107028', '132269_1708936691', 218, 50);
INSERT INTO public."StakeHolders_student" (id, enrollment, slug, profile_id, sr_no) VALUES (214, '210280107036', '172219_1708936691', 219, 51);
INSERT INTO public."StakeHolders_student" (id, enrollment, slug, profile_id, sr_no) VALUES (215, '210280107043', '276794_1708936691', 220, 52);
INSERT INTO public."StakeHolders_student" (id, enrollment, slug, profile_id, sr_no) VALUES (216, '210280107048', '294318_1708936691', 221, 53);
INSERT INTO public."StakeHolders_student" (id, enrollment, slug, profile_id, sr_no) VALUES (217, '210280107050', '515982_1708936691', 222, 54);
INSERT INTO public."StakeHolders_student" (id, enrollment, slug, profile_id, sr_no) VALUES (218, '210280107054', '170405_1708936691', 223, 55);
INSERT INTO public."StakeHolders_student" (id, enrollment, slug, profile_id, sr_no) VALUES (219, '210280107055', '227857_1708936691', 224, 56);
INSERT INTO public."StakeHolders_student" (id, enrollment, slug, profile_id, sr_no) VALUES (220, '210280107061', '309845_1708936691', 225, 57);
INSERT INTO public."StakeHolders_student" (id, enrollment, slug, profile_id, sr_no) VALUES (221, '210280107082', '682499_1708936691', 226, 58);
INSERT INTO public."StakeHolders_student" (id, enrollment, slug, profile_id, sr_no) VALUES (222, '210280107083', '240914_1708936691', 227, 59);
INSERT INTO public."StakeHolders_student" (id, enrollment, slug, profile_id, sr_no) VALUES (223, '210280107084', '232534_1708936691', 228, 60);
INSERT INTO public."StakeHolders_student" (id, enrollment, slug, profile_id, sr_no) VALUES (224, '210280107119', '302327_1708936691', 229, 61);
INSERT INTO public."StakeHolders_student" (id, enrollment, slug, profile_id, sr_no) VALUES (225, '210280107135', '961036_1708936691', 230, 62);
INSERT INTO public."StakeHolders_student" (id, enrollment, slug, profile_id, sr_no) VALUES (226, '210280107136', '145683_1708936691', 231, 63);
INSERT INTO public."StakeHolders_student" (id, enrollment, slug, profile_id, sr_no) VALUES (227, '210280107137', '391316_1708936691', 232, 64);
INSERT INTO public."StakeHolders_student" (id, enrollment, slug, profile_id, sr_no) VALUES (228, '210280107139', '276750_1708936691', 233, 65);
INSERT INTO public."StakeHolders_student" (id, enrollment, slug, profile_id, sr_no) VALUES (229, '210280107140', '314385_1708936691', 234, 66);
INSERT INTO public."StakeHolders_student" (id, enrollment, slug, profile_id, sr_no) VALUES (230, '210280107141', '213044_1708936691', 235, 67);
INSERT INTO public."StakeHolders_student" (id, enrollment, slug, profile_id, sr_no) VALUES (231, '230280773002', '913791_1709145829', 271, 1);
INSERT INTO public."StakeHolders_student" (id, enrollment, slug, profile_id, sr_no) VALUES (232, '230280773003', '297875_1709145829', 272, 2);
INSERT INTO public."StakeHolders_student" (id, enrollment, slug, profile_id, sr_no) VALUES (233, '230280773004', '705078_1709145829', 273, 3);
INSERT INTO public."StakeHolders_student" (id, enrollment, slug, profile_id, sr_no) VALUES (234, '230280773005', '843351_1709145829', 274, 4);
INSERT INTO public."StakeHolders_student" (id, enrollment, slug, profile_id, sr_no) VALUES (235, '230280773006', '261291_1709145829', 275, 5);
INSERT INTO public."StakeHolders_student" (id, enrollment, slug, profile_id, sr_no) VALUES (236, '230280773007', '146151_1709145829', 276, 6);
INSERT INTO public."StakeHolders_student" (id, enrollment, slug, profile_id, sr_no) VALUES (237, '230280773008', '143883_1709145829', 277, 7);
INSERT INTO public."StakeHolders_student" (id, enrollment, slug, profile_id, sr_no) VALUES (238, '230280773009', '193737_1709145829', 278, 8);
INSERT INTO public."StakeHolders_student" (id, enrollment, slug, profile_id, sr_no) VALUES (239, '230280773010', '212253_1709145829', 279, 9);
INSERT INTO public."StakeHolders_student" (id, enrollment, slug, profile_id, sr_no) VALUES (240, '230280773013', '262065_1709145829', 280, 10);
INSERT INTO public."StakeHolders_student" (id, enrollment, slug, profile_id, sr_no) VALUES (241, '230280773015', '678334_1709145829', 281, 11);
INSERT INTO public."StakeHolders_student" (id, enrollment, slug, profile_id, sr_no) VALUES (242, '230280773017', '304643_1709145829', 282, 12);
INSERT INTO public."StakeHolders_student" (id, enrollment, slug, profile_id, sr_no) VALUES (243, '230280773018', '192701_1709145829', 283, 13);
INSERT INTO public."StakeHolders_student" (id, enrollment, slug, profile_id, sr_no) VALUES (244, '230280773020', '208319_1709145829', 284, 14);
INSERT INTO public."StakeHolders_student" (id, enrollment, slug, profile_id, sr_no) VALUES (245, '230280773021', '254676_1709145829', 285, 15);
INSERT INTO public."StakeHolders_student" (id, enrollment, slug, profile_id, sr_no) VALUES (246, '220280702016', '693519_1709145829', 286, 16);
INSERT INTO public."StakeHolders_student" (id, enrollment, slug, profile_id, sr_no) VALUES (247, '210280107035', '240458_1709225004', 288, NULL);
INSERT INTO public."StakeHolders_student" (id, enrollment, slug, profile_id, sr_no) VALUES (248, '210280107111', '141384_1709225004', 289, NULL);
INSERT INTO public."StakeHolders_student" (id, enrollment, slug, profile_id, sr_no) VALUES (249, '210280107020', '162412_1709225004', 290, NULL);
INSERT INTO public."StakeHolders_student" (id, enrollment, slug, profile_id, sr_no) VALUES (250, '210280107011', '155924_1709225004', 291, NULL);
INSERT INTO public."StakeHolders_student" (id, enrollment, slug, profile_id, sr_no) VALUES (251, '210280107123', '308000_1709225004', 292, NULL);
INSERT INTO public."StakeHolders_student" (id, enrollment, slug, profile_id, sr_no) VALUES (252, '210280107029', '483061_1709225004', 293, NULL);
INSERT INTO public."StakeHolders_student" (id, enrollment, slug, profile_id, sr_no) VALUES (253, '210280107032', '263542_1709225004', 294, NULL);
INSERT INTO public."StakeHolders_student" (id, enrollment, slug, profile_id, sr_no) VALUES (254, '210280107026', '133179_1709225004', 295, NULL);
INSERT INTO public."StakeHolders_student" (id, enrollment, slug, profile_id, sr_no) VALUES (255, '210280107095', '142590_1709225004', 296, NULL);
INSERT INTO public."StakeHolders_student" (id, enrollment, slug, profile_id, sr_no) VALUES (256, '210280107056', '249637_1709225004', 297, NULL);
INSERT INTO public."StakeHolders_student" (id, enrollment, slug, profile_id, sr_no) VALUES (257, '210280107052', '759876_1709225004', 298, NULL);
INSERT INTO public."StakeHolders_student" (id, enrollment, slug, profile_id, sr_no) VALUES (258, '210280107060', '810956_1709225004', 299, NULL);
INSERT INTO public."StakeHolders_student" (id, enrollment, slug, profile_id, sr_no) VALUES (259, '210280107024', '316138_1709225004', 300, NULL);
INSERT INTO public."StakeHolders_student" (id, enrollment, slug, profile_id, sr_no) VALUES (260, '210280107122', '691194_1709225004', 301, NULL);
INSERT INTO public."StakeHolders_student" (id, enrollment, slug, profile_id, sr_no) VALUES (261, '210280107104', '218856_1709225004', 302, NULL);
INSERT INTO public."StakeHolders_student" (id, enrollment, slug, profile_id, sr_no) VALUES (262, '210280107065', '177459_1709225004', 303, NULL);
INSERT INTO public."StakeHolders_student" (id, enrollment, slug, profile_id, sr_no) VALUES (263, '210280107067', '190794_1709225014', 304, NULL);
INSERT INTO public."StakeHolders_student" (id, enrollment, slug, profile_id, sr_no) VALUES (264, '210280107108', '310033_1709225014', 305, NULL);
INSERT INTO public."StakeHolders_student" (id, enrollment, slug, profile_id, sr_no) VALUES (265, '210280107081', '118639_1709225014', 306, NULL);
INSERT INTO public."StakeHolders_student" (id, enrollment, slug, profile_id, sr_no) VALUES (266, '210280107091', '648971_1709225014', 307, NULL);
INSERT INTO public."StakeHolders_student" (id, enrollment, slug, profile_id, sr_no) VALUES (267, '210280107018', '324760_1709225014', 308, NULL);
INSERT INTO public."StakeHolders_student" (id, enrollment, slug, profile_id, sr_no) VALUES (268, '210280107080', '497189_1709225014', 309, NULL);
INSERT INTO public."StakeHolders_student" (id, enrollment, slug, profile_id, sr_no) VALUES (269, '210280107110', '763425_1709225014', 310, NULL);
INSERT INTO public."StakeHolders_student" (id, enrollment, slug, profile_id, sr_no) VALUES (270, '210280119003', '204386_1709225014', 311, NULL);
INSERT INTO public."StakeHolders_student" (id, enrollment, slug, profile_id, sr_no) VALUES (271, '210280119121', '106511_1709225014', 312, NULL);
INSERT INTO public."StakeHolders_student" (id, enrollment, slug, profile_id, sr_no) VALUES (272, '210280119091', '322460_1709225015', 313, NULL);
INSERT INTO public."StakeHolders_student" (id, enrollment, slug, profile_id, sr_no) VALUES (273, '210280116101', '226604_1709225015', 314, NULL);
INSERT INTO public."StakeHolders_student" (id, enrollment, slug, profile_id, sr_no) VALUES (274, '210280116005', '262035_1709225015', 315, NULL);
INSERT INTO public."StakeHolders_student" (id, enrollment, slug, profile_id, sr_no) VALUES (275, '210280111033', '210372_1709225015', 316, NULL);
INSERT INTO public."StakeHolders_student" (id, enrollment, slug, profile_id, sr_no) VALUES (276, '210280109013', '124451_1709225015', 317, NULL);
INSERT INTO public."StakeHolders_student" (id, enrollment, slug, profile_id, sr_no) VALUES (277, '210280116016', '240615_1709225015', 318, NULL);
INSERT INTO public."StakeHolders_student" (id, enrollment, slug, profile_id, sr_no) VALUES (278, '210280111006', '156183_1709225015', 319, NULL);
INSERT INTO public."StakeHolders_student" (id, enrollment, slug, profile_id, sr_no) VALUES (279, '210280117026', '113764_1709225015', 320, NULL);
INSERT INTO public."StakeHolders_student" (id, enrollment, slug, profile_id, sr_no) VALUES (280, '210280117038', '275500_1709225024', 321, NULL);
INSERT INTO public."StakeHolders_student" (id, enrollment, slug, profile_id, sr_no) VALUES (281, '210280119098', '227638_1709225024', 322, NULL);
INSERT INTO public."StakeHolders_student" (id, enrollment, slug, profile_id, sr_no) VALUES (282, '210280111067', '106092_1709225024', 323, NULL);
INSERT INTO public."StakeHolders_student" (id, enrollment, slug, profile_id, sr_no) VALUES (283, '210280103004', '180703_1709225024', 324, NULL);
INSERT INTO public."StakeHolders_student" (id, enrollment, slug, profile_id, sr_no) VALUES (284, '210280116039', '101631_1709225024', 325, NULL);
INSERT INTO public."StakeHolders_student" (id, enrollment, slug, profile_id, sr_no) VALUES (285, '210280111014', '101476_1709225024', 326, NULL);
INSERT INTO public."StakeHolders_student" (id, enrollment, slug, profile_id, sr_no) VALUES (286, '210280111061', '258755_1709225024', 327, NULL);
INSERT INTO public."StakeHolders_student" (id, enrollment, slug, profile_id, sr_no) VALUES (287, '210280119130', '147735_1709225024', 328, NULL);
INSERT INTO public."StakeHolders_student" (id, enrollment, slug, profile_id, sr_no) VALUES (288, '210280116040', '371400_1709225025', 329, NULL);
INSERT INTO public."StakeHolders_student" (id, enrollment, slug, profile_id, sr_no) VALUES (289, '210280117021', '234723_1709225025', 330, NULL);
INSERT INTO public."StakeHolders_student" (id, enrollment, slug, profile_id, sr_no) VALUES (290, '210280116008', '191484_1709225025', 331, NULL);
INSERT INTO public."StakeHolders_student" (id, enrollment, slug, profile_id, sr_no) VALUES (291, '210280111015', '278222_1709225025', 332, NULL);
INSERT INTO public."StakeHolders_student" (id, enrollment, slug, profile_id, sr_no) VALUES (292, '210280109118', '272483_1709225025', 333, NULL);
INSERT INTO public."StakeHolders_student" (id, enrollment, slug, profile_id, sr_no) VALUES (293, '210280117050', '327068_1709225025', 334, NULL);
INSERT INTO public."StakeHolders_student" (id, enrollment, slug, profile_id, sr_no) VALUES (294, '220283116033', '237215_1709225025', 335, NULL);
INSERT INTO public."StakeHolders_student" (id, enrollment, slug, profile_id, sr_no) VALUES (295, '220283116027', '994922_1709225025', 336, NULL);
INSERT INTO public."StakeHolders_student" (id, enrollment, slug, profile_id, sr_no) VALUES (296, '220283116004', '856163_1709225025', 337, NULL);
INSERT INTO public."StakeHolders_student" (id, enrollment, slug, profile_id, sr_no) VALUES (297, '210280107089', '201480_1709225025', 338, NULL);
INSERT INTO public."StakeHolders_student" (id, enrollment, slug, profile_id, sr_no) VALUES (298, '210280117027', '305975_1709225025', 339, NULL);
INSERT INTO public."StakeHolders_student" (id, enrollment, slug, profile_id, sr_no) VALUES (299, '210280111026', '330665_1709225025', 340, NULL);


--
-- Data for Name: StakeHolders_teacher; Type: TABLE DATA; Schema: public; Owner: manav1011
--

INSERT INTO public."StakeHolders_teacher" (id, slug, profile_id) VALUES (8, '319400_1709523622', 344);
INSERT INTO public."StakeHolders_teacher" (id, slug, profile_id) VALUES (9, '230106_1709572302', 345);
INSERT INTO public."StakeHolders_teacher" (id, slug, profile_id) VALUES (10, '222986_1709630771', 346);
INSERT INTO public."StakeHolders_teacher" (id, slug, profile_id) VALUES (11, '239677_1709702027', 347);


--
-- Data for Name: StakeHolders_teacher_web_push_subscription; Type: TABLE DATA; Schema: public; Owner: manav1011
--



--
-- Data for Name: auth_group; Type: TABLE DATA; Schema: public; Owner: manav1011
--



--
-- Data for Name: auth_group_permissions; Type: TABLE DATA; Schema: public; Owner: manav1011
--



--
-- Data for Name: auth_permission; Type: TABLE DATA; Schema: public; Owner: manav1011
--

INSERT INTO public.auth_permission (id, name, content_type_id, codename) VALUES (1, 'Can add log entry', 1, 'add_logentry');
INSERT INTO public.auth_permission (id, name, content_type_id, codename) VALUES (2, 'Can change log entry', 1, 'change_logentry');
INSERT INTO public.auth_permission (id, name, content_type_id, codename) VALUES (3, 'Can delete log entry', 1, 'delete_logentry');
INSERT INTO public.auth_permission (id, name, content_type_id, codename) VALUES (4, 'Can view log entry', 1, 'view_logentry');
INSERT INTO public.auth_permission (id, name, content_type_id, codename) VALUES (5, 'Can add permission', 2, 'add_permission');
INSERT INTO public.auth_permission (id, name, content_type_id, codename) VALUES (6, 'Can change permission', 2, 'change_permission');
INSERT INTO public.auth_permission (id, name, content_type_id, codename) VALUES (7, 'Can delete permission', 2, 'delete_permission');
INSERT INTO public.auth_permission (id, name, content_type_id, codename) VALUES (8, 'Can view permission', 2, 'view_permission');
INSERT INTO public.auth_permission (id, name, content_type_id, codename) VALUES (9, 'Can add group', 3, 'add_group');
INSERT INTO public.auth_permission (id, name, content_type_id, codename) VALUES (10, 'Can change group', 3, 'change_group');
INSERT INTO public.auth_permission (id, name, content_type_id, codename) VALUES (11, 'Can delete group', 3, 'delete_group');
INSERT INTO public.auth_permission (id, name, content_type_id, codename) VALUES (12, 'Can view group', 3, 'view_group');
INSERT INTO public.auth_permission (id, name, content_type_id, codename) VALUES (13, 'Can add content type', 4, 'add_contenttype');
INSERT INTO public.auth_permission (id, name, content_type_id, codename) VALUES (14, 'Can change content type', 4, 'change_contenttype');
INSERT INTO public.auth_permission (id, name, content_type_id, codename) VALUES (15, 'Can delete content type', 4, 'delete_contenttype');
INSERT INTO public.auth_permission (id, name, content_type_id, codename) VALUES (16, 'Can view content type', 4, 'view_contenttype');
INSERT INTO public.auth_permission (id, name, content_type_id, codename) VALUES (17, 'Can add session', 5, 'add_session');
INSERT INTO public.auth_permission (id, name, content_type_id, codename) VALUES (18, 'Can change session', 5, 'change_session');
INSERT INTO public.auth_permission (id, name, content_type_id, codename) VALUES (19, 'Can delete session', 5, 'delete_session');
INSERT INTO public.auth_permission (id, name, content_type_id, codename) VALUES (20, 'Can view session', 5, 'view_session');
INSERT INTO public.auth_permission (id, name, content_type_id, codename) VALUES (21, 'Can add outstanding token', 6, 'add_outstandingtoken');
INSERT INTO public.auth_permission (id, name, content_type_id, codename) VALUES (22, 'Can change outstanding token', 6, 'change_outstandingtoken');
INSERT INTO public.auth_permission (id, name, content_type_id, codename) VALUES (23, 'Can delete outstanding token', 6, 'delete_outstandingtoken');
INSERT INTO public.auth_permission (id, name, content_type_id, codename) VALUES (24, 'Can view outstanding token', 6, 'view_outstandingtoken');
INSERT INTO public.auth_permission (id, name, content_type_id, codename) VALUES (25, 'Can add blacklisted token', 7, 'add_blacklistedtoken');
INSERT INTO public.auth_permission (id, name, content_type_id, codename) VALUES (26, 'Can change blacklisted token', 7, 'change_blacklistedtoken');
INSERT INTO public.auth_permission (id, name, content_type_id, codename) VALUES (27, 'Can delete blacklisted token', 7, 'delete_blacklistedtoken');
INSERT INTO public.auth_permission (id, name, content_type_id, codename) VALUES (28, 'Can view blacklisted token', 7, 'view_blacklistedtoken');
INSERT INTO public.auth_permission (id, name, content_type_id, codename) VALUES (29, 'Can add user', 8, 'add_profile');
INSERT INTO public.auth_permission (id, name, content_type_id, codename) VALUES (30, 'Can change user', 8, 'change_profile');
INSERT INTO public.auth_permission (id, name, content_type_id, codename) VALUES (31, 'Can delete user', 8, 'delete_profile');
INSERT INTO public.auth_permission (id, name, content_type_id, codename) VALUES (32, 'Can view user', 8, 'view_profile');
INSERT INTO public.auth_permission (id, name, content_type_id, codename) VALUES (33, 'Can add notification subscriptions', 9, 'add_notificationsubscriptions');
INSERT INTO public.auth_permission (id, name, content_type_id, codename) VALUES (34, 'Can change notification subscriptions', 9, 'change_notificationsubscriptions');
INSERT INTO public.auth_permission (id, name, content_type_id, codename) VALUES (35, 'Can delete notification subscriptions', 9, 'delete_notificationsubscriptions');
INSERT INTO public.auth_permission (id, name, content_type_id, codename) VALUES (36, 'Can view notification subscriptions', 9, 'view_notificationsubscriptions');
INSERT INTO public.auth_permission (id, name, content_type_id, codename) VALUES (37, 'Can add admin', 10, 'add_admin');
INSERT INTO public.auth_permission (id, name, content_type_id, codename) VALUES (38, 'Can change admin', 10, 'change_admin');
INSERT INTO public.auth_permission (id, name, content_type_id, codename) VALUES (39, 'Can delete admin', 10, 'delete_admin');
INSERT INTO public.auth_permission (id, name, content_type_id, codename) VALUES (40, 'Can view admin', 10, 'view_admin');
INSERT INTO public.auth_permission (id, name, content_type_id, codename) VALUES (41, 'Can add teacher', 11, 'add_teacher');
INSERT INTO public.auth_permission (id, name, content_type_id, codename) VALUES (42, 'Can change teacher', 11, 'change_teacher');
INSERT INTO public.auth_permission (id, name, content_type_id, codename) VALUES (43, 'Can delete teacher', 11, 'delete_teacher');
INSERT INTO public.auth_permission (id, name, content_type_id, codename) VALUES (44, 'Can view teacher', 11, 'view_teacher');
INSERT INTO public.auth_permission (id, name, content_type_id, codename) VALUES (45, 'Can add student', 12, 'add_student');
INSERT INTO public.auth_permission (id, name, content_type_id, codename) VALUES (46, 'Can change student', 12, 'change_student');
INSERT INTO public.auth_permission (id, name, content_type_id, codename) VALUES (47, 'Can delete student', 12, 'delete_student');
INSERT INTO public.auth_permission (id, name, content_type_id, codename) VALUES (48, 'Can view student', 12, 'view_student');
INSERT INTO public.auth_permission (id, name, content_type_id, codename) VALUES (49, 'Can add college', 13, 'add_college');
INSERT INTO public.auth_permission (id, name, content_type_id, codename) VALUES (50, 'Can change college', 13, 'change_college');
INSERT INTO public.auth_permission (id, name, content_type_id, codename) VALUES (51, 'Can delete college', 13, 'delete_college');
INSERT INTO public.auth_permission (id, name, content_type_id, codename) VALUES (52, 'Can view college', 13, 'view_college');
INSERT INTO public.auth_permission (id, name, content_type_id, codename) VALUES (53, 'Can add branch', 14, 'add_branch');
INSERT INTO public.auth_permission (id, name, content_type_id, codename) VALUES (54, 'Can change branch', 14, 'change_branch');
INSERT INTO public.auth_permission (id, name, content_type_id, codename) VALUES (55, 'Can delete branch', 14, 'delete_branch');
INSERT INTO public.auth_permission (id, name, content_type_id, codename) VALUES (56, 'Can view branch', 14, 'view_branch');
INSERT INTO public.auth_permission (id, name, content_type_id, codename) VALUES (57, 'Can add term', 15, 'add_term');
INSERT INTO public.auth_permission (id, name, content_type_id, codename) VALUES (58, 'Can change term', 15, 'change_term');
INSERT INTO public.auth_permission (id, name, content_type_id, codename) VALUES (59, 'Can delete term', 15, 'delete_term');
INSERT INTO public.auth_permission (id, name, content_type_id, codename) VALUES (60, 'Can view term', 15, 'view_term');
INSERT INTO public.auth_permission (id, name, content_type_id, codename) VALUES (61, 'Can add semester', 16, 'add_semester');
INSERT INTO public.auth_permission (id, name, content_type_id, codename) VALUES (62, 'Can change semester', 16, 'change_semester');
INSERT INTO public.auth_permission (id, name, content_type_id, codename) VALUES (63, 'Can delete semester', 16, 'delete_semester');
INSERT INTO public.auth_permission (id, name, content_type_id, codename) VALUES (64, 'Can view semester', 16, 'view_semester');
INSERT INTO public.auth_permission (id, name, content_type_id, codename) VALUES (65, 'Can add subject', 17, 'add_subject');
INSERT INTO public.auth_permission (id, name, content_type_id, codename) VALUES (66, 'Can change subject', 17, 'change_subject');
INSERT INTO public.auth_permission (id, name, content_type_id, codename) VALUES (67, 'Can delete subject', 17, 'delete_subject');
INSERT INTO public.auth_permission (id, name, content_type_id, codename) VALUES (68, 'Can view subject', 17, 'view_subject');
INSERT INTO public.auth_permission (id, name, content_type_id, codename) VALUES (69, 'Can add division', 18, 'add_division');
INSERT INTO public.auth_permission (id, name, content_type_id, codename) VALUES (70, 'Can change division', 18, 'change_division');
INSERT INTO public.auth_permission (id, name, content_type_id, codename) VALUES (71, 'Can delete division', 18, 'delete_division');
INSERT INTO public.auth_permission (id, name, content_type_id, codename) VALUES (72, 'Can view division', 18, 'view_division');
INSERT INTO public.auth_permission (id, name, content_type_id, codename) VALUES (73, 'Can add batch', 19, 'add_batch');
INSERT INTO public.auth_permission (id, name, content_type_id, codename) VALUES (74, 'Can change batch', 19, 'change_batch');
INSERT INTO public.auth_permission (id, name, content_type_id, codename) VALUES (75, 'Can delete batch', 19, 'delete_batch');
INSERT INTO public.auth_permission (id, name, content_type_id, codename) VALUES (76, 'Can view batch', 19, 'view_batch');
INSERT INTO public.auth_permission (id, name, content_type_id, codename) VALUES (77, 'Can add time table', 20, 'add_timetable');
INSERT INTO public.auth_permission (id, name, content_type_id, codename) VALUES (78, 'Can change time table', 20, 'change_timetable');
INSERT INTO public.auth_permission (id, name, content_type_id, codename) VALUES (79, 'Can delete time table', 20, 'delete_timetable');
INSERT INTO public.auth_permission (id, name, content_type_id, codename) VALUES (80, 'Can view time table', 20, 'view_timetable');
INSERT INTO public.auth_permission (id, name, content_type_id, codename) VALUES (81, 'Can add gps coordinates', 21, 'add_gpscoordinates');
INSERT INTO public.auth_permission (id, name, content_type_id, codename) VALUES (82, 'Can change gps coordinates', 21, 'change_gpscoordinates');
INSERT INTO public.auth_permission (id, name, content_type_id, codename) VALUES (83, 'Can delete gps coordinates', 21, 'delete_gpscoordinates');
INSERT INTO public.auth_permission (id, name, content_type_id, codename) VALUES (84, 'Can view gps coordinates', 21, 'view_gpscoordinates');
INSERT INTO public.auth_permission (id, name, content_type_id, codename) VALUES (85, 'Can add classroom', 22, 'add_classroom');
INSERT INTO public.auth_permission (id, name, content_type_id, codename) VALUES (86, 'Can change classroom', 22, 'change_classroom');
INSERT INTO public.auth_permission (id, name, content_type_id, codename) VALUES (87, 'Can delete classroom', 22, 'delete_classroom');
INSERT INTO public.auth_permission (id, name, content_type_id, codename) VALUES (88, 'Can view classroom', 22, 'view_classroom');
INSERT INTO public.auth_permission (id, name, content_type_id, codename) VALUES (89, 'Can add schedule', 23, 'add_schedule');
INSERT INTO public.auth_permission (id, name, content_type_id, codename) VALUES (90, 'Can change schedule', 23, 'change_schedule');
INSERT INTO public.auth_permission (id, name, content_type_id, codename) VALUES (91, 'Can delete schedule', 23, 'delete_schedule');
INSERT INTO public.auth_permission (id, name, content_type_id, codename) VALUES (92, 'Can view schedule', 23, 'view_schedule');
INSERT INTO public.auth_permission (id, name, content_type_id, codename) VALUES (93, 'Can add lecture', 24, 'add_lecture');
INSERT INTO public.auth_permission (id, name, content_type_id, codename) VALUES (94, 'Can change lecture', 24, 'change_lecture');
INSERT INTO public.auth_permission (id, name, content_type_id, codename) VALUES (95, 'Can delete lecture', 24, 'delete_lecture');
INSERT INTO public.auth_permission (id, name, content_type_id, codename) VALUES (96, 'Can view lecture', 24, 'view_lecture');
INSERT INTO public.auth_permission (id, name, content_type_id, codename) VALUES (97, 'Can add link', 25, 'add_link');
INSERT INTO public.auth_permission (id, name, content_type_id, codename) VALUES (98, 'Can change link', 25, 'change_link');
INSERT INTO public.auth_permission (id, name, content_type_id, codename) VALUES (99, 'Can delete link', 25, 'delete_link');
INSERT INTO public.auth_permission (id, name, content_type_id, codename) VALUES (100, 'Can view link', 25, 'view_link');
INSERT INTO public.auth_permission (id, name, content_type_id, codename) VALUES (101, 'Can add attendance', 26, 'add_attendance');
INSERT INTO public.auth_permission (id, name, content_type_id, codename) VALUES (102, 'Can change attendance', 26, 'change_attendance');
INSERT INTO public.auth_permission (id, name, content_type_id, codename) VALUES (103, 'Can delete attendance', 26, 'delete_attendance');
INSERT INTO public.auth_permission (id, name, content_type_id, codename) VALUES (104, 'Can view attendance', 26, 'view_attendance');
INSERT INTO public.auth_permission (id, name, content_type_id, codename) VALUES (105, 'Can add session', 27, 'add_session');
INSERT INTO public.auth_permission (id, name, content_type_id, codename) VALUES (106, 'Can change session', 27, 'change_session');
INSERT INTO public.auth_permission (id, name, content_type_id, codename) VALUES (107, 'Can delete session', 27, 'delete_session');
INSERT INTO public.auth_permission (id, name, content_type_id, codename) VALUES (108, 'Can view session', 27, 'view_session');


--
-- Data for Name: django_admin_log; Type: TABLE DATA; Schema: public; Owner: manav1011
--



--
-- Data for Name: django_content_type; Type: TABLE DATA; Schema: public; Owner: manav1011
--

INSERT INTO public.django_content_type (id, app_label, model) VALUES (1, 'admin', 'logentry');
INSERT INTO public.django_content_type (id, app_label, model) VALUES (2, 'auth', 'permission');
INSERT INTO public.django_content_type (id, app_label, model) VALUES (3, 'auth', 'group');
INSERT INTO public.django_content_type (id, app_label, model) VALUES (4, 'contenttypes', 'contenttype');
INSERT INTO public.django_content_type (id, app_label, model) VALUES (5, 'sessions', 'session');
INSERT INTO public.django_content_type (id, app_label, model) VALUES (6, 'token_blacklist', 'outstandingtoken');
INSERT INTO public.django_content_type (id, app_label, model) VALUES (7, 'token_blacklist', 'blacklistedtoken');
INSERT INTO public.django_content_type (id, app_label, model) VALUES (8, 'Profile', 'profile');
INSERT INTO public.django_content_type (id, app_label, model) VALUES (9, 'StakeHolders', 'notificationsubscriptions');
INSERT INTO public.django_content_type (id, app_label, model) VALUES (10, 'StakeHolders', 'admin');
INSERT INTO public.django_content_type (id, app_label, model) VALUES (11, 'StakeHolders', 'teacher');
INSERT INTO public.django_content_type (id, app_label, model) VALUES (12, 'StakeHolders', 'student');
INSERT INTO public.django_content_type (id, app_label, model) VALUES (13, 'Manage', 'college');
INSERT INTO public.django_content_type (id, app_label, model) VALUES (14, 'Manage', 'branch');
INSERT INTO public.django_content_type (id, app_label, model) VALUES (15, 'Manage', 'term');
INSERT INTO public.django_content_type (id, app_label, model) VALUES (16, 'Manage', 'semester');
INSERT INTO public.django_content_type (id, app_label, model) VALUES (17, 'Manage', 'subject');
INSERT INTO public.django_content_type (id, app_label, model) VALUES (18, 'Manage', 'division');
INSERT INTO public.django_content_type (id, app_label, model) VALUES (19, 'Manage', 'batch');
INSERT INTO public.django_content_type (id, app_label, model) VALUES (20, 'Manage', 'timetable');
INSERT INTO public.django_content_type (id, app_label, model) VALUES (21, 'Manage', 'gpscoordinates');
INSERT INTO public.django_content_type (id, app_label, model) VALUES (22, 'Manage', 'classroom');
INSERT INTO public.django_content_type (id, app_label, model) VALUES (23, 'Manage', 'schedule');
INSERT INTO public.django_content_type (id, app_label, model) VALUES (24, 'Manage', 'lecture');
INSERT INTO public.django_content_type (id, app_label, model) VALUES (25, 'Manage', 'link');
INSERT INTO public.django_content_type (id, app_label, model) VALUES (26, 'Session', 'attendance');
INSERT INTO public.django_content_type (id, app_label, model) VALUES (27, 'Session', 'session');


--
-- Data for Name: django_migrations; Type: TABLE DATA; Schema: public; Owner: manav1011
--

INSERT INTO public.django_migrations (id, app, name, applied) VALUES (1, 'contenttypes', '0001_initial', '2024-07-23 09:23:23.860744+00');
INSERT INTO public.django_migrations (id, app, name, applied) VALUES (2, 'contenttypes', '0002_remove_content_type_name', '2024-07-23 09:23:23.869698+00');
INSERT INTO public.django_migrations (id, app, name, applied) VALUES (3, 'auth', '0001_initial', '2024-07-23 09:23:23.953917+00');
INSERT INTO public.django_migrations (id, app, name, applied) VALUES (4, 'auth', '0002_alter_permission_name_max_length', '2024-07-23 09:23:23.964957+00');
INSERT INTO public.django_migrations (id, app, name, applied) VALUES (5, 'auth', '0003_alter_user_email_max_length', '2024-07-23 09:23:23.974932+00');
INSERT INTO public.django_migrations (id, app, name, applied) VALUES (6, 'auth', '0004_alter_user_username_opts', '2024-07-23 09:23:23.986888+00');
INSERT INTO public.django_migrations (id, app, name, applied) VALUES (7, 'auth', '0005_alter_user_last_login_null', '2024-07-23 09:23:24.00113+00');
INSERT INTO public.django_migrations (id, app, name, applied) VALUES (8, 'auth', '0006_require_contenttypes_0002', '2024-07-23 09:23:24.005194+00');
INSERT INTO public.django_migrations (id, app, name, applied) VALUES (9, 'auth', '0007_alter_validators_add_error_messages', '2024-07-23 09:23:24.016985+00');
INSERT INTO public.django_migrations (id, app, name, applied) VALUES (10, 'auth', '0008_alter_user_username_max_length', '2024-07-23 09:23:24.028873+00');
INSERT INTO public.django_migrations (id, app, name, applied) VALUES (11, 'auth', '0009_alter_user_last_name_max_length', '2024-07-23 09:23:24.03801+00');
INSERT INTO public.django_migrations (id, app, name, applied) VALUES (12, 'auth', '0010_alter_group_name_max_length', '2024-07-23 09:23:24.050901+00');
INSERT INTO public.django_migrations (id, app, name, applied) VALUES (13, 'auth', '0011_update_proxy_permissions', '2024-07-23 09:23:24.060681+00');
INSERT INTO public.django_migrations (id, app, name, applied) VALUES (14, 'auth', '0012_alter_user_first_name_max_length', '2024-07-23 09:23:24.072624+00');
INSERT INTO public.django_migrations (id, app, name, applied) VALUES (15, 'Profile', '0001_initial', '2024-07-23 09:23:24.169037+00');
INSERT INTO public.django_migrations (id, app, name, applied) VALUES (16, 'StakeHolders', '0001_initial', '2024-07-23 09:23:24.282215+00');
INSERT INTO public.django_migrations (id, app, name, applied) VALUES (17, 'Manage', '0001_initial', '2024-07-23 09:23:24.769748+00');
INSERT INTO public.django_migrations (id, app, name, applied) VALUES (18, 'Manage', '0002_remove_division_semester_remove_lecture_batches_and_more', '2024-07-23 09:23:25.187778+00');
INSERT INTO public.django_migrations (id, app, name, applied) VALUES (19, 'Manage', '0003_batch_division_timetable_semester_schedule_lecture_and_more', '2024-07-23 09:23:25.575013+00');
INSERT INTO public.django_migrations (id, app, name, applied) VALUES (20, 'Manage', '0004_remove_classroom_slug', '2024-07-23 09:23:25.587844+00');
INSERT INTO public.django_migrations (id, app, name, applied) VALUES (21, 'Manage', '0005_classroom_slug', '2024-07-23 09:23:25.61576+00');
INSERT INTO public.django_migrations (id, app, name, applied) VALUES (22, 'Manage', '0006_remove_router_slug', '2024-07-23 09:23:25.626421+00');
INSERT INTO public.django_migrations (id, app, name, applied) VALUES (23, 'Manage', '0007_router_slug', '2024-07-23 09:23:25.651435+00');
INSERT INTO public.django_migrations (id, app, name, applied) VALUES (24, 'Manage', '0008_alter_batch_students', '2024-07-23 09:23:25.683944+00');
INSERT INTO public.django_migrations (id, app, name, applied) VALUES (25, 'Manage', '0009_alter_batch_students', '2024-07-23 09:23:25.714279+00');
INSERT INTO public.django_migrations (id, app, name, applied) VALUES (26, 'Manage', '0010_alter_semester_branch', '2024-07-23 09:23:25.754268+00');
INSERT INTO public.django_migrations (id, app, name, applied) VALUES (27, 'Manage', '0011_alter_semester_end_year_alter_semester_start_year', '2024-07-23 09:23:25.779423+00');
INSERT INTO public.django_migrations (id, app, name, applied) VALUES (28, 'Manage', '0012_subject_semester', '2024-07-23 09:23:25.819302+00');
INSERT INTO public.django_migrations (id, app, name, applied) VALUES (29, 'Manage', '0013_branch_students_branch_teachers', '2024-07-23 09:23:25.936723+00');
INSERT INTO public.django_migrations (id, app, name, applied) VALUES (30, 'Manage', '0014_alter_branch_admins_alter_branch_students_and_more', '2024-07-23 09:23:26.021898+00');
INSERT INTO public.django_migrations (id, app, name, applied) VALUES (31, 'Manage', '0015_classroom_branch', '2024-07-23 09:23:26.064079+00');
INSERT INTO public.django_migrations (id, app, name, applied) VALUES (32, 'Manage', '0016_alter_lecture_batches_alter_lecture_classroom_and_more', '2024-07-23 09:23:26.245456+00');
INSERT INTO public.django_migrations (id, app, name, applied) VALUES (33, 'Manage', '0017_remove_semester_branch_remove_semester_end_year_and_more', '2024-07-23 09:23:26.389818+00');
INSERT INTO public.django_migrations (id, app, name, applied) VALUES (34, 'Manage', '0018_term_status', '2024-07-23 09:23:26.410255+00');
INSERT INTO public.django_migrations (id, app, name, applied) VALUES (35, 'Manage', '0019_rename_routers_classroom_router_router_subnet_nask_and_more', '2024-07-23 09:23:26.449617+00');
INSERT INTO public.django_migrations (id, app, name, applied) VALUES (36, 'Manage', '0020_remove_router_subnet_nask_router_cidr', '2024-07-23 09:23:26.465978+00');
INSERT INTO public.django_migrations (id, app, name, applied) VALUES (37, 'Manage', '0021_router_hostname', '2024-07-23 09:23:26.476635+00');
INSERT INTO public.django_migrations (id, app, name, applied) VALUES (38, 'Manage', '0022_lecture_is_proxy_link', '2024-07-23 09:23:26.569856+00');
INSERT INTO public.django_migrations (id, app, name, applied) VALUES (39, 'Manage', '0023_lecture_is_active', '2024-07-23 09:23:26.599648+00');
INSERT INTO public.django_migrations (id, app, name, applied) VALUES (40, 'Manage', '0024_remove_classroom_router_delete_router', '2024-07-23 09:23:26.754095+00');
INSERT INTO public.django_migrations (id, app, name, applied) VALUES (41, 'Manage', '0025_gpscoordinates_classroom_gps_coordinates', '2024-07-23 09:23:26.825553+00');
INSERT INTO public.django_migrations (id, app, name, applied) VALUES (42, 'Manage', '0026_gpscoordinates_title', '2024-07-23 09:23:26.837022+00');
INSERT INTO public.django_migrations (id, app, name, applied) VALUES (43, 'Manage', '0027_alter_branch_branch_code', '2024-07-23 09:23:26.890316+00');
INSERT INTO public.django_migrations (id, app, name, applied) VALUES (44, 'Manage', '0028_alter_subject_code', '2024-07-23 09:23:26.935532+00');
INSERT INTO public.django_migrations (id, app, name, applied) VALUES (45, 'Profile', '0002_alter_profile_email_alter_profile_ph_no', '2024-07-23 09:23:26.967261+00');
INSERT INTO public.django_migrations (id, app, name, applied) VALUES (46, 'Profile', '0003_profile_gender', '2024-07-23 09:23:26.985726+00');
INSERT INTO public.django_migrations (id, app, name, applied) VALUES (47, 'StakeHolders', '0002_student_sr_no', '2024-07-23 09:23:27.014916+00');
INSERT INTO public.django_migrations (id, app, name, applied) VALUES (48, 'Session', '0001_initial', '2024-07-23 09:23:27.162191+00');
INSERT INTO public.django_migrations (id, app, name, applied) VALUES (49, 'Session', '0002_alter_attendance_student', '2024-07-23 09:23:27.219001+00');
INSERT INTO public.django_migrations (id, app, name, applied) VALUES (50, 'Session', '0003_alter_attendance_student_alter_session_lecture', '2024-07-23 09:23:27.314927+00');
INSERT INTO public.django_migrations (id, app, name, applied) VALUES (51, 'Session', '0004_rename_status_session_active', '2024-07-23 09:23:27.337433+00');
INSERT INTO public.django_migrations (id, app, name, applied) VALUES (52, 'Session', '0005_session_day', '2024-07-23 09:23:27.359351+00');
INSERT INTO public.django_migrations (id, app, name, applied) VALUES (53, 'Session', '0006_alter_session_active', '2024-07-23 09:23:27.408553+00');
INSERT INTO public.django_migrations (id, app, name, applied) VALUES (54, 'Session', '0007_alter_session_lecture', '2024-07-23 09:23:27.46753+00');
INSERT INTO public.django_migrations (id, app, name, applied) VALUES (55, 'Session', '0008_attendance_manual', '2024-07-23 09:23:27.49065+00');
INSERT INTO public.django_migrations (id, app, name, applied) VALUES (56, 'Session', '0009_attendance_slug', '2024-07-23 09:23:27.526244+00');
INSERT INTO public.django_migrations (id, app, name, applied) VALUES (57, 'Session', '0010_attendance_latt_attendance_long_and_more', '2024-07-23 09:23:27.582581+00');
INSERT INTO public.django_migrations (id, app, name, applied) VALUES (58, 'Session', '0011_remove_attendance_marking_ip', '2024-07-23 09:23:27.605272+00');
INSERT INTO public.django_migrations (id, app, name, applied) VALUES (59, 'Session', '0012_gpscoordinates_remove_attendance_latt_and_more', '2024-07-23 09:23:27.748071+00');
INSERT INTO public.django_migrations (id, app, name, applied) VALUES (60, 'Session', '0013_remove_session_teacher_coordinates_and_more', '2024-07-23 09:23:27.835331+00');
INSERT INTO public.django_migrations (id, app, name, applied) VALUES (61, 'StakeHolders', '0003_alter_student_sr_no', '2024-07-23 09:23:27.880518+00');
INSERT INTO public.django_migrations (id, app, name, applied) VALUES (62, 'StakeHolders', '0004_teacher_web_push_subscription', '2024-07-23 09:23:27.910682+00');
INSERT INTO public.django_migrations (id, app, name, applied) VALUES (63, 'StakeHolders', '0005_alter_student_profile', '2024-07-23 09:23:27.959728+00');
INSERT INTO public.django_migrations (id, app, name, applied) VALUES (64, 'StakeHolders', '0006_notificationsubscriptions_and_more', '2024-07-23 09:23:28.06529+00');
INSERT INTO public.django_migrations (id, app, name, applied) VALUES (65, 'StakeHolders', '0007_alter_notificationsubscriptions_subscription_and_more', '2024-07-23 09:23:28.264531+00');
INSERT INTO public.django_migrations (id, app, name, applied) VALUES (66, 'StakeHolders', '0008_alter_teacher_web_push_subscription', '2024-07-23 09:23:28.311096+00');
INSERT INTO public.django_migrations (id, app, name, applied) VALUES (67, 'admin', '0001_initial', '2024-07-23 09:23:28.382818+00');
INSERT INTO public.django_migrations (id, app, name, applied) VALUES (68, 'admin', '0002_logentry_remove_auto_add', '2024-07-23 09:23:28.403415+00');
INSERT INTO public.django_migrations (id, app, name, applied) VALUES (69, 'admin', '0003_logentry_add_action_flag_choices', '2024-07-23 09:23:28.424161+00');
INSERT INTO public.django_migrations (id, app, name, applied) VALUES (70, 'sessions', '0001_initial', '2024-07-23 09:23:28.459317+00');
INSERT INTO public.django_migrations (id, app, name, applied) VALUES (71, 'token_blacklist', '0001_initial', '2024-07-23 09:23:28.581374+00');
INSERT INTO public.django_migrations (id, app, name, applied) VALUES (72, 'token_blacklist', '0002_outstandingtoken_jti_hex', '2024-07-23 09:23:28.60306+00');
INSERT INTO public.django_migrations (id, app, name, applied) VALUES (73, 'token_blacklist', '0003_auto_20171017_2007', '2024-07-23 09:23:28.649976+00');
INSERT INTO public.django_migrations (id, app, name, applied) VALUES (74, 'token_blacklist', '0004_auto_20171017_2013', '2024-07-23 09:23:28.683802+00');
INSERT INTO public.django_migrations (id, app, name, applied) VALUES (75, 'token_blacklist', '0005_remove_outstandingtoken_jti', '2024-07-23 09:23:28.714283+00');
INSERT INTO public.django_migrations (id, app, name, applied) VALUES (76, 'token_blacklist', '0006_auto_20171017_2113', '2024-07-23 09:23:28.739829+00');
INSERT INTO public.django_migrations (id, app, name, applied) VALUES (77, 'token_blacklist', '0007_auto_20171017_2214', '2024-07-23 09:23:28.806496+00');
INSERT INTO public.django_migrations (id, app, name, applied) VALUES (78, 'token_blacklist', '0008_migrate_to_bigautofield', '2024-07-23 09:23:28.925911+00');
INSERT INTO public.django_migrations (id, app, name, applied) VALUES (79, 'token_blacklist', '0010_fix_migrate_to_bigautofield', '2024-07-23 09:23:28.980139+00');
INSERT INTO public.django_migrations (id, app, name, applied) VALUES (80, 'token_blacklist', '0011_linearizes_history', '2024-07-23 09:23:28.986308+00');
INSERT INTO public.django_migrations (id, app, name, applied) VALUES (81, 'token_blacklist', '0012_alter_outstandingtoken_user', '2024-07-23 09:23:29.028979+00');


--
-- Data for Name: django_session; Type: TABLE DATA; Schema: public; Owner: manav1011
--

INSERT INTO public.django_session (session_key, session_data, expire_date) VALUES ('4wj8w5sxwp9obuve5sjdff54vnv9cl4d', '.eJxVjMsOwiAQRf-FtSECUx4u3fcbyMwAUjU0Ke3K-O_apAvd3nPOfYmI21rj1vMSpyQuQonT70bIj9x2kO7YbrPkua3LRHJX5EG7HOeUn9fD_Tuo2Ou3NgNDsb6E5BkokYaQyRmrLRpCAhPorMEAo_askndM1jqnB6NKDsDi_QHq_Dfa:1rfOoj:ku1JbjitVSi1ZseiUSBy0mKZUSJiln98lBVKe-U7o_4', '2024-03-13 18:38:09.977+00');
INSERT INTO public.django_session (session_key, session_data, expire_date) VALUES ('8vw27t6ceb2yelm0r5qdfkprxvsz15ma', '.eJxVjMsOwiAQRf-FtSECUx4u3fcbyMwAUjU0Ke3K-O_apAvd3nPOfYmI21rj1vMSpyQuQonT70bIj9x2kO7YbrPkua3LRHJX5EG7HOeUn9fD_Tuo2Ou3NgNDsb6E5BkokYaQyRmrLRpCAhPorMEAo_askndM1jqnB6NKDsDi_QHq_Dfa:1reUEI:7GmA7R1IJVRc8PDt4CmFBQrRnInZ5pzft_9iRuDxtjc', '2024-03-11 06:12:46.088+00');
INSERT INTO public.django_session (session_key, session_data, expire_date) VALUES ('ap998cvzl0z09ia1j02sfy4cskvmifj1', '.eJxVjMsOwiAQRf-FtSECUx4u3fcbyMwAUjU0Ke3K-O_apAvd3nPOfYmI21rj1vMSpyQuQonT70bIj9x2kO7YbrPkua3LRHJX5EG7HOeUn9fD_Tuo2Ou3NgNDsb6E5BkokYaQyRmrLRpCAhPorMEAo_askndM1jqnB6NKDsDi_QHq_Dfa:1retF4:pyecbyZmUxXaD4MtWGrwcXec8HwLFVOVhL6LdwUZWMw', '2024-03-12 08:55:14.129+00');
INSERT INTO public.django_session (session_key, session_data, expire_date) VALUES ('c3k04rh6x0resumq9gxswrl9d8eevc73', '.eJxVjMsOwiAQRf-FtSECUx4u3fcbyMwAUjU0Ke3K-O_apAvd3nPOfYmI21rj1vMSpyQuQonT70bIj9x2kO7YbrPkua3LRHJX5EG7HOeUn9fD_Tuo2Ou3NgNDsb6E5BkokYaQyRmrLRpCAhPorMEAo_askndM1jqnB6NKDsDi_QHq_Dfa:1rh0yG:NLhcPMBSh_jOK4zvHTavfCeHfRJrnHbk95ZU-w9XChQ', '2024-03-18 05:34:40.027+00');
INSERT INTO public.django_session (session_key, session_data, expire_date) VALUES ('ptvybhtscddnvrunhj2s1f0na3zfttdj', '.eJxVjMsOwiAQRf-FtSECUx4u3fcbyMwAUjU0Ke3K-O_apAvd3nPOfYmI21rj1vMSpyQuQonT70bIj9x2kO7YbrPkua3LRHJX5EG7HOeUn9fD_Tuo2Ou3NgNDsb6E5BkokYaQyRmrLRpCAhPorMEAo_askndM1jqnB6NKDsDi_QHq_Dfa:1rhjk5:OP9LkHX8RLWISDchCffhVv6J3f5UYZY0Ii55NF4_Tbg', '2024-03-20 05:23:01.094+00');
INSERT INTO public.django_session (session_key, session_data, expire_date) VALUES ('t9exwekyul0nqehz9gw1u1674matgb0v', '.eJxVjMsOwiAQRf-FtSECUx4u3fcbyMwAUjU0Ke3K-O_apAvd3nPOfYmI21rj1vMSpyQuQonT70bIj9x2kO7YbrPkua3LRHJX5EG7HOeUn9fD_Tuo2Ou3NgNDsb6E5BkokYaQyRmrLRpCAhPorMEAo_askndM1jqnB6NKDsDi_QHq_Dfa:1rf1y9:RQaVe2np4sQTuqqpdpbUbJivZ83jDNAkVOTdx_5dMWQ', '2024-03-12 18:14:21.032+00');
INSERT INTO public.django_session (session_key, session_data, expire_date) VALUES ('tj38rros1rdg6jvtiwxqlkr1geb3wyy1', '.eJxVjMsOwiAQRf-FtSECUx4u3fcbyMwAUjU0Ke3K-O_apAvd3nPOfYmI21rj1vMSpyQuQonT70bIj9x2kO7YbrPkua3LRHJX5EG7HOeUn9fD_Tuo2Ou3NgNDsb6E5BkokYaQyRmrLRpCAhPorMEAo_askndM1jqnB6NKDsDi_QHq_Dfa:1rfjQk:NJmKAAFmr-9XsQaZOb6liIQRI26nOM5dBEwvE3FIh1E', '2024-03-14 16:38:46.954+00');
INSERT INTO public.django_session (session_key, session_data, expire_date) VALUES ('uo7ckc76r5zqwtgq6py6uqogorj0jua6', '.eJxVjMsOwiAQRf-FtSECUx4u3fcbyMwAUjU0Ke3K-O_apAvd3nPOfYmI21rj1vMSpyQuQonT70bIj9x2kO7YbrPkua3LRHJX5EG7HOeUn9fD_Tuo2Ou3NgNDsb6E5BkokYaQyRmrLRpCAhPorMEAo_askndM1jqnB6NKDsDi_QHq_Dfa:1rg3Rq:0Uzw5xUtp5FrW_8An75TvWcscTBri2Sq5aqpuHDiX7M', '2024-03-15 14:01:14.552+00');
INSERT INTO public.django_session (session_key, session_data, expire_date) VALUES ('wedr22v7zl23tj33dlpx8y9kyh1zd9r8', '.eJxVjMsOwiAQRf-FtSECUx4u3fcbyMwAUjU0Ke3K-O_apAvd3nPOfYmI21rj1vMSpyQuQonT70bIj9x2kO7YbrPkua3LRHJX5EG7HOeUn9fD_Tuo2Ou3NgNDsb6E5BkokYaQyRmrLRpCAhPorMEAo_askndM1jqnB6NKDsDi_QHq_Dfa:1rg8n3:cHTL0VkGqKx4ST-FSMu7jEyKwGg6_37Sr56VTrTLnZY', '2024-03-15 19:43:29.736+00');


--
-- Data for Name: token_blacklist_blacklistedtoken; Type: TABLE DATA; Schema: public; Owner: manav1011
--

INSERT INTO public.token_blacklist_blacklistedtoken (id, blacklisted_at, token_id) VALUES (1, '2024-02-27 08:41:24.41+00', 19);
INSERT INTO public.token_blacklist_blacklistedtoken (id, blacklisted_at, token_id) VALUES (2, '2024-02-27 08:54:53.74+00', 30);
INSERT INTO public.token_blacklist_blacklistedtoken (id, blacklisted_at, token_id) VALUES (3, '2024-02-27 09:49:47.133+00', 34);
INSERT INTO public.token_blacklist_blacklistedtoken (id, blacklisted_at, token_id) VALUES (4, '2024-02-27 09:50:08.963+00', 35);
INSERT INTO public.token_blacklist_blacklistedtoken (id, blacklisted_at, token_id) VALUES (5, '2024-02-29 16:35:53.163+00', 68);
INSERT INTO public.token_blacklist_blacklistedtoken (id, blacklisted_at, token_id) VALUES (6, '2024-02-29 16:36:11.533+00', 69);
INSERT INTO public.token_blacklist_blacklistedtoken (id, blacklisted_at, token_id) VALUES (7, '2024-03-01 16:40:56.678+00', 85);
INSERT INTO public.token_blacklist_blacklistedtoken (id, blacklisted_at, token_id) VALUES (8, '2024-03-03 06:09:45.911+00', 98);
INSERT INTO public.token_blacklist_blacklistedtoken (id, blacklisted_at, token_id) VALUES (9, '2024-03-03 08:53:42.527+00', 95);
INSERT INTO public.token_blacklist_blacklistedtoken (id, blacklisted_at, token_id) VALUES (10, '2024-03-04 04:20:56.837+00', 104);
INSERT INTO public.token_blacklist_blacklistedtoken (id, blacklisted_at, token_id) VALUES (11, '2024-03-04 04:37:39.081+00', 87);
INSERT INTO public.token_blacklist_blacklistedtoken (id, blacklisted_at, token_id) VALUES (12, '2024-03-04 05:15:08.501+00', 108);
INSERT INTO public.token_blacklist_blacklistedtoken (id, blacklisted_at, token_id) VALUES (13, '2024-03-04 06:01:29.983+00', 109);
INSERT INTO public.token_blacklist_blacklistedtoken (id, blacklisted_at, token_id) VALUES (14, '2024-03-04 06:03:34.856+00', 110);
INSERT INTO public.token_blacklist_blacklistedtoken (id, blacklisted_at, token_id) VALUES (15, '2024-03-04 06:03:55.416+00', 111);
INSERT INTO public.token_blacklist_blacklistedtoken (id, blacklisted_at, token_id) VALUES (16, '2024-03-04 17:01:58.701+00', 100);
INSERT INTO public.token_blacklist_blacklistedtoken (id, blacklisted_at, token_id) VALUES (17, '2024-03-04 17:05:34.215+00', 93);
INSERT INTO public.token_blacklist_blacklistedtoken (id, blacklisted_at, token_id) VALUES (18, '2024-03-04 17:07:02.475+00', 148);
INSERT INTO public.token_blacklist_blacklistedtoken (id, blacklisted_at, token_id) VALUES (19, '2024-03-04 18:10:54.804+00', 149);
INSERT INTO public.token_blacklist_blacklistedtoken (id, blacklisted_at, token_id) VALUES (20, '2024-03-04 18:10:59.054+00', 150);
INSERT INTO public.token_blacklist_blacklistedtoken (id, blacklisted_at, token_id) VALUES (21, '2024-03-04 18:12:15.373+00', 96);
INSERT INTO public.token_blacklist_blacklistedtoken (id, blacklisted_at, token_id) VALUES (22, '2024-03-04 18:12:25.204+00', 153);
INSERT INTO public.token_blacklist_blacklistedtoken (id, blacklisted_at, token_id) VALUES (23, '2024-03-05 08:56:53.412+00', 147);
INSERT INTO public.token_blacklist_blacklistedtoken (id, blacklisted_at, token_id) VALUES (24, '2024-03-05 09:30:16.434+00', 89);
INSERT INTO public.token_blacklist_blacklistedtoken (id, blacklisted_at, token_id) VALUES (25, '2024-03-05 09:30:26.995+00', 94);
INSERT INTO public.token_blacklist_blacklistedtoken (id, blacklisted_at, token_id) VALUES (26, '2024-03-05 09:30:49.386+00', 166);
INSERT INTO public.token_blacklist_blacklistedtoken (id, blacklisted_at, token_id) VALUES (27, '2024-03-05 09:34:40.415+00', 171);
INSERT INTO public.token_blacklist_blacklistedtoken (id, blacklisted_at, token_id) VALUES (28, '2024-03-05 09:34:54.344+00', 172);
INSERT INTO public.token_blacklist_blacklistedtoken (id, blacklisted_at, token_id) VALUES (29, '2024-03-05 12:07:33.673+00', 176);
INSERT INTO public.token_blacklist_blacklistedtoken (id, blacklisted_at, token_id) VALUES (30, '2024-03-05 12:07:48.349+00', 177);
INSERT INTO public.token_blacklist_blacklistedtoken (id, blacklisted_at, token_id) VALUES (31, '2024-03-06 04:36:33.318+00', 198);
INSERT INTO public.token_blacklist_blacklistedtoken (id, blacklisted_at, token_id) VALUES (32, '2024-03-06 05:01:56.246+00', 207);
INSERT INTO public.token_blacklist_blacklistedtoken (id, blacklisted_at, token_id) VALUES (33, '2024-03-06 05:55:17.77+00', 210);
INSERT INTO public.token_blacklist_blacklistedtoken (id, blacklisted_at, token_id) VALUES (34, '2024-03-06 07:25:26.726+00', 243);
INSERT INTO public.token_blacklist_blacklistedtoken (id, blacklisted_at, token_id) VALUES (35, '2024-03-06 09:30:08.715+00', 252);
INSERT INTO public.token_blacklist_blacklistedtoken (id, blacklisted_at, token_id) VALUES (36, '2024-03-06 09:30:10.321+00', 253);
INSERT INTO public.token_blacklist_blacklistedtoken (id, blacklisted_at, token_id) VALUES (37, '2024-03-06 09:30:22.519+00', 254);
INSERT INTO public.token_blacklist_blacklistedtoken (id, blacklisted_at, token_id) VALUES (38, '2024-03-06 09:30:32.947+00', 255);
INSERT INTO public.token_blacklist_blacklistedtoken (id, blacklisted_at, token_id) VALUES (39, '2024-03-06 09:30:36.386+00', 256);
INSERT INTO public.token_blacklist_blacklistedtoken (id, blacklisted_at, token_id) VALUES (40, '2024-03-06 09:30:36.823+00', 257);
INSERT INTO public.token_blacklist_blacklistedtoken (id, blacklisted_at, token_id) VALUES (41, '2024-03-06 09:30:41.79+00', 258);
INSERT INTO public.token_blacklist_blacklistedtoken (id, blacklisted_at, token_id) VALUES (42, '2024-03-06 09:30:44.119+00', 259);
INSERT INTO public.token_blacklist_blacklistedtoken (id, blacklisted_at, token_id) VALUES (43, '2024-03-06 09:30:45.548+00', 260);
INSERT INTO public.token_blacklist_blacklistedtoken (id, blacklisted_at, token_id) VALUES (44, '2024-03-06 09:30:49.282+00', 261);
INSERT INTO public.token_blacklist_blacklistedtoken (id, blacklisted_at, token_id) VALUES (45, '2024-03-06 09:30:55.182+00', 262);
INSERT INTO public.token_blacklist_blacklistedtoken (id, blacklisted_at, token_id) VALUES (46, '2024-03-06 09:30:57.242+00', 263);
INSERT INTO public.token_blacklist_blacklistedtoken (id, blacklisted_at, token_id) VALUES (47, '2024-03-06 09:31:11.429+00', 264);
INSERT INTO public.token_blacklist_blacklistedtoken (id, blacklisted_at, token_id) VALUES (48, '2024-03-06 09:31:17.871+00', 265);
INSERT INTO public.token_blacklist_blacklistedtoken (id, blacklisted_at, token_id) VALUES (49, '2024-03-06 09:31:20.645+00', 124);
INSERT INTO public.token_blacklist_blacklistedtoken (id, blacklisted_at, token_id) VALUES (50, '2024-03-06 09:31:25.387+00', 267);
INSERT INTO public.token_blacklist_blacklistedtoken (id, blacklisted_at, token_id) VALUES (51, '2024-03-06 09:31:29.934+00', 269);
INSERT INTO public.token_blacklist_blacklistedtoken (id, blacklisted_at, token_id) VALUES (52, '2024-03-06 09:31:55.61+00', 280);
INSERT INTO public.token_blacklist_blacklistedtoken (id, blacklisted_at, token_id) VALUES (53, '2024-03-06 09:32:05.964+00', 285);
INSERT INTO public.token_blacklist_blacklistedtoken (id, blacklisted_at, token_id) VALUES (54, '2024-03-06 09:32:11.241+00', 286);
INSERT INTO public.token_blacklist_blacklistedtoken (id, blacklisted_at, token_id) VALUES (55, '2024-03-06 09:32:24.515+00', 288);
INSERT INTO public.token_blacklist_blacklistedtoken (id, blacklisted_at, token_id) VALUES (56, '2024-03-06 09:32:29.182+00', 291);
INSERT INTO public.token_blacklist_blacklistedtoken (id, blacklisted_at, token_id) VALUES (57, '2024-03-06 09:32:39.863+00', 294);
INSERT INTO public.token_blacklist_blacklistedtoken (id, blacklisted_at, token_id) VALUES (58, '2024-03-06 09:32:55.24+00', 297);
INSERT INTO public.token_blacklist_blacklistedtoken (id, blacklisted_at, token_id) VALUES (59, '2024-03-06 09:33:57.424+00', 321);
INSERT INTO public.token_blacklist_blacklistedtoken (id, blacklisted_at, token_id) VALUES (60, '2024-03-06 09:34:02.596+00', 322);
INSERT INTO public.token_blacklist_blacklistedtoken (id, blacklisted_at, token_id) VALUES (61, '2024-03-06 09:34:28.425+00', 324);
INSERT INTO public.token_blacklist_blacklistedtoken (id, blacklisted_at, token_id) VALUES (62, '2024-03-06 09:34:50.844+00', 327);
INSERT INTO public.token_blacklist_blacklistedtoken (id, blacklisted_at, token_id) VALUES (63, '2024-03-06 09:35:02.59+00', 330);
INSERT INTO public.token_blacklist_blacklistedtoken (id, blacklisted_at, token_id) VALUES (64, '2024-03-06 09:35:13.554+00', 331);
INSERT INTO public.token_blacklist_blacklistedtoken (id, blacklisted_at, token_id) VALUES (65, '2024-03-06 09:35:53.382+00', 332);
INSERT INTO public.token_blacklist_blacklistedtoken (id, blacklisted_at, token_id) VALUES (66, '2024-03-06 09:36:17.514+00', 334);
INSERT INTO public.token_blacklist_blacklistedtoken (id, blacklisted_at, token_id) VALUES (67, '2024-03-06 09:36:30.08+00', 335);
INSERT INTO public.token_blacklist_blacklistedtoken (id, blacklisted_at, token_id) VALUES (68, '2024-03-06 09:40:08.719+00', 341);
INSERT INTO public.token_blacklist_blacklistedtoken (id, blacklisted_at, token_id) VALUES (69, '2024-03-06 09:40:43.526+00', 125);
INSERT INTO public.token_blacklist_blacklistedtoken (id, blacklisted_at, token_id) VALUES (70, '2024-03-06 09:40:59.334+00', 342);
INSERT INTO public.token_blacklist_blacklistedtoken (id, blacklisted_at, token_id) VALUES (71, '2024-03-06 09:42:08.068+00', 343);
INSERT INTO public.token_blacklist_blacklistedtoken (id, blacklisted_at, token_id) VALUES (72, '2024-03-06 09:56:34.985+00', 127);
INSERT INTO public.token_blacklist_blacklistedtoken (id, blacklisted_at, token_id) VALUES (73, '2024-03-06 12:11:56.641+00', 356);
INSERT INTO public.token_blacklist_blacklistedtoken (id, blacklisted_at, token_id) VALUES (74, '2024-03-06 13:37:04.314+00', 361);
INSERT INTO public.token_blacklist_blacklistedtoken (id, blacklisted_at, token_id) VALUES (75, '2024-03-06 13:37:14.166+00', 362);
INSERT INTO public.token_blacklist_blacklistedtoken (id, blacklisted_at, token_id) VALUES (76, '2024-03-06 17:16:04.281+00', 141);
INSERT INTO public.token_blacklist_blacklistedtoken (id, blacklisted_at, token_id) VALUES (77, '2024-03-06 17:21:28.764+00', 368);
INSERT INTO public.token_blacklist_blacklistedtoken (id, blacklisted_at, token_id) VALUES (78, '2024-03-06 18:30:26.369+00', 369);


--
-- Data for Name: token_blacklist_outstandingtoken; Type: TABLE DATA; Schema: public; Owner: manav1011
--

INSERT INTO public.token_blacklist_outstandingtoken (id, token, created_at, expires_at, user_id, jti) VALUES (1, 'eyJhbGciOiJIUzI1NiIsInR5cCI6IkpXVCJ9.eyJ0b2tlbl90eXBlIjoicmVmcmVzaCIsImV4cCI6MTcxNjcwNDQ5NywiaWF0IjoxNzA4OTI4NDk3LCJqdGkiOiJlOGIyNjE4NTM4ZGQ0YTYwOGFiMzkyNjUwNzVkNzg5MyIsInVzZXJfaWQiOjF9.uJq5cAWF7CxXRcZIK1I-3UTHWRa5tzJ8pYyRj_2nC2g', '2024-02-26 06:21:37.6+00', '2024-05-26 06:21:37+00', 1, 'e8b2618538dd4a608ab39265075d7893');
INSERT INTO public.token_blacklist_outstandingtoken (id, token, created_at, expires_at, user_id, jti) VALUES (2, 'eyJhbGciOiJIUzI1NiIsInR5cCI6IkpXVCJ9.eyJ0b2tlbl90eXBlIjoicmVmcmVzaCIsImV4cCI6MTcxNjcwNDU2NiwiaWF0IjoxNzA4OTI4NTY2LCJqdGkiOiIzYTk4OGQ1YjIzZjM0M2U1YTAzYWYxNmFhYWE0OGFlMyIsInVzZXJfaWQiOjF9.kUonUX-xbpGwEf0d1XwJ0GRhSH7gs_H7rfGpS69FjDU', '2024-02-26 06:22:46.706+00', '2024-05-26 06:22:46+00', 1, '3a988d5b23f343e5a03af16aaaa48ae3');
INSERT INTO public.token_blacklist_outstandingtoken (id, token, created_at, expires_at, user_id, jti) VALUES (3, 'eyJhbGciOiJIUzI1NiIsInR5cCI6IkpXVCJ9.eyJ0b2tlbl90eXBlIjoicmVmcmVzaCIsImV4cCI6MTcxNjcwNTQ2MiwiaWF0IjoxNzA4OTI5NDYyLCJqdGkiOiJmOGI3ZWY5YmI4ZmQ0NmZkYTQ4NzhmM2Q2MWY5MDJkYiIsInVzZXJfaWQiOjF9.-JKVSDur4XRgp2f9VGo45m4mVAfJqsSTIrl4F3ioTkk', '2024-02-26 06:37:42.75+00', '2024-05-26 06:37:42+00', 1, 'f8b7ef9bb8fd46fda4878f3d61f902db');
INSERT INTO public.token_blacklist_outstandingtoken (id, token, created_at, expires_at, user_id, jti) VALUES (4, 'eyJhbGciOiJIUzI1NiIsInR5cCI6IkpXVCJ9.eyJ0b2tlbl90eXBlIjoicmVmcmVzaCIsImV4cCI6MTcxNjcwNTc1OSwiaWF0IjoxNzA4OTI5NzU5LCJqdGkiOiJmNzZkNjhmZWM4YTk0YmI5OGI3MWNhZTg2MGYwNDcwYSIsInVzZXJfaWQiOjF9.IyJ7QqjUlm-0wZgW55nQ_BL8azVv9zqmDumWdwbBXWM', '2024-02-26 06:42:39.822+00', '2024-05-26 06:42:39+00', 1, 'f76d68fec8a94bb98b71cae860f0470a');
INSERT INTO public.token_blacklist_outstandingtoken (id, token, created_at, expires_at, user_id, jti) VALUES (5, 'eyJhbGciOiJIUzI1NiIsInR5cCI6IkpXVCJ9.eyJ0b2tlbl90eXBlIjoicmVmcmVzaCIsImV4cCI6MTcxNjcwNjM2NiwiaWF0IjoxNzA4OTMwMzY2LCJqdGkiOiI5MTY1YzJlYzIyODk0ZDVjOTMxOTNhY2U0OTUxMzkwZSIsInVzZXJfaWQiOjR9.07nXK5CM49hWzWFfcouJZYWrsV-id-ho9Cie5UVsAlM', '2024-02-26 06:52:46.549+00', '2024-05-26 06:52:46+00', NULL, '9165c2ec22894d5c93193ace4951390e');
INSERT INTO public.token_blacklist_outstandingtoken (id, token, created_at, expires_at, user_id, jti) VALUES (6, 'eyJhbGciOiJIUzI1NiIsInR5cCI6IkpXVCJ9.eyJ0b2tlbl90eXBlIjoicmVmcmVzaCIsImV4cCI6MTcxNjcxMDQ0MywiaWF0IjoxNzA4OTM0NDQzLCJqdGkiOiIzYzJmZDVkNzE2YzY0YzA5OThmNmE4M2FlNmFiZTU0ZiIsInVzZXJfaWQiOjR9.ApFaK_VpGSZBrTl4K2fhrD5dMQShsuj-mCccxx3F8yc', '2024-02-26 08:00:43.489+00', '2024-05-26 08:00:43+00', NULL, '3c2fd5d716c64c0998f6a83ae6abe54f');
INSERT INTO public.token_blacklist_outstandingtoken (id, token, created_at, expires_at, user_id, jti) VALUES (7, 'eyJhbGciOiJIUzI1NiIsInR5cCI6IkpXVCJ9.eyJ0b2tlbl90eXBlIjoicmVmcmVzaCIsImV4cCI6MTcxNjcxMjUwMywiaWF0IjoxNzA4OTM2NTAzLCJqdGkiOiJmMWI4MTRiZWRlNDE0OWIzYjk3NGYyNWQ1YmNkYzA0ZSIsInVzZXJfaWQiOjE2OH0.La8emx8k8IjF0MFLrqRSfRs8E6AlG9g13v47IDW2Nfo', '2024-02-26 08:35:03.402+00', '2024-05-26 08:35:03+00', 168, 'f1b814bede4149b3b974f25d5bcdc04e');
INSERT INTO public.token_blacklist_outstandingtoken (id, token, created_at, expires_at, user_id, jti) VALUES (8, 'eyJhbGciOiJIUzI1NiIsInR5cCI6IkpXVCJ9.eyJ0b2tlbl90eXBlIjoicmVmcmVzaCIsImV4cCI6MTcxNjcxNDAwOSwiaWF0IjoxNzA4OTM4MDA5LCJqdGkiOiI5NzQ4YmQwZGMyMWI0ZjcyYTIyOGU4MmEwODA4ODlhYiIsInVzZXJfaWQiOjIzNn0.B_CURd8yjyCbmwTx50pEWQ5JU4RIbwcCETby-7KlPNA', '2024-02-26 09:00:09.532+00', '2024-05-26 09:00:09+00', NULL, '9748bd0dc21b4f72a228e82a080889ab');
INSERT INTO public.token_blacklist_outstandingtoken (id, token, created_at, expires_at, user_id, jti) VALUES (9, 'eyJhbGciOiJIUzI1NiIsInR5cCI6IkpXVCJ9.eyJ0b2tlbl90eXBlIjoicmVmcmVzaCIsImV4cCI6MTcxNjcxNDMxMCwiaWF0IjoxNzA4OTM4MzEwLCJqdGkiOiI0NmI5MWRmMTg1OWI0MDhkYjkzZmEwODcyY2YwYmVlMyIsInVzZXJfaWQiOjIwNH0.c1muEGZvyx6BQ1-ORs4gXNfu0jMznCplyqlbWSEFLMY', '2024-02-26 09:05:10.164+00', '2024-05-26 09:05:10+00', 204, '46b91df1859b408db93fa0872cf0bee3');
INSERT INTO public.token_blacklist_outstandingtoken (id, token, created_at, expires_at, user_id, jti) VALUES (10, 'eyJhbGciOiJIUzI1NiIsInR5cCI6IkpXVCJ9.eyJ0b2tlbl90eXBlIjoicmVmcmVzaCIsImV4cCI6MTcxNjcxNDU5NywiaWF0IjoxNzA4OTM4NTk3LCJqdGkiOiJkMzZlNTc2Y2ZlNzU0YzZhOTczYzJiZjRjMDc0NDg4YyIsInVzZXJfaWQiOjIzNn0.GpSoO5NSDg0ZAixUsSso6q1FsSk9uBu6aOSx-jKKZso', '2024-02-26 09:09:57.35+00', '2024-05-26 09:09:57+00', NULL, 'd36e576cfe754c6a973c2bf4c074488c');
INSERT INTO public.token_blacklist_outstandingtoken (id, token, created_at, expires_at, user_id, jti) VALUES (11, 'eyJhbGciOiJIUzI1NiIsInR5cCI6IkpXVCJ9.eyJ0b2tlbl90eXBlIjoicmVmcmVzaCIsImV4cCI6MTcxNjcxNDY0MSwiaWF0IjoxNzA4OTM4NjQxLCJqdGkiOiJlYWU5YTI3MWNmNjk0NWRiOTM3NzljMmIwMGE2MjZlZiIsInVzZXJfaWQiOjE4MH0.Hk9bmMn6sKyRPho2C8Uh6QNbh_KKW1PNmhNIS35gXJc', '2024-02-26 09:10:41.623+00', '2024-05-26 09:10:41+00', 180, 'eae9a271cf6945db93779c2b00a626ef');
INSERT INTO public.token_blacklist_outstandingtoken (id, token, created_at, expires_at, user_id, jti) VALUES (12, 'eyJhbGciOiJIUzI1NiIsInR5cCI6IkpXVCJ9.eyJ0b2tlbl90eXBlIjoicmVmcmVzaCIsImV4cCI6MTcxNjcxNDcxMywiaWF0IjoxNzA4OTM4NzEzLCJqdGkiOiI2YjU0NjU4YjI0ODg0MzZlOTcyNDc3MjQ0ZTFlNzA1YSIsInVzZXJfaWQiOjIzNn0.KGJ9mhrhtWWkim3xm13b7hf2VlzwsXvDo59FIglx9Z0', '2024-02-26 09:11:53.705+00', '2024-05-26 09:11:53+00', NULL, '6b54658b2488436e972477244e1e705a');
INSERT INTO public.token_blacklist_outstandingtoken (id, token, created_at, expires_at, user_id, jti) VALUES (13, 'eyJhbGciOiJIUzI1NiIsInR5cCI6IkpXVCJ9.eyJ0b2tlbl90eXBlIjoicmVmcmVzaCIsImV4cCI6MTcxNjcxNDg3NiwiaWF0IjoxNzA4OTM4ODc2LCJqdGkiOiJiMmUxZjgzNDZjNjA0ZTM0YjkyMDJiZWI5OWU1OTBmYyIsInVzZXJfaWQiOjE4MH0.WQGJ8KLB95V4Eh0SIXSdjvb4iJfkev15xTUtGJSig0Q', '2024-02-26 09:14:36.239+00', '2024-05-26 09:14:36+00', 180, 'b2e1f8346c604e34b9202beb99e590fc');
INSERT INTO public.token_blacklist_outstandingtoken (id, token, created_at, expires_at, user_id, jti) VALUES (14, 'eyJhbGciOiJIUzI1NiIsInR5cCI6IkpXVCJ9.eyJ0b2tlbl90eXBlIjoicmVmcmVzaCIsImV4cCI6MTcxNjcxNTA1OSwiaWF0IjoxNzA4OTM5MDU5LCJqdGkiOiI5MDM1ODdkMzU1Y2Q0MjI0OWNiZGRlYzFjMmIwNjllNSIsInVzZXJfaWQiOjIwN30.3nXHL9cP-_UInumY3eUhGO3HXEnRKOxWJlG0a86kGrY', '2024-02-26 09:17:39.117+00', '2024-05-26 09:17:39+00', 207, '903587d355cd42249cbddec1c2b069e5');
INSERT INTO public.token_blacklist_outstandingtoken (id, token, created_at, expires_at, user_id, jti) VALUES (15, 'eyJhbGciOiJIUzI1NiIsInR5cCI6IkpXVCJ9.eyJ0b2tlbl90eXBlIjoicmVmcmVzaCIsImV4cCI6MTcxNjcxNTA3MiwiaWF0IjoxNzA4OTM5MDcyLCJqdGkiOiJiYTVmMGYxZWVhODc0NjM0YmVhZjU1NzVlZTYyOGRiOSIsInVzZXJfaWQiOjE4MH0.d35jepBkUS5RHDA6DVim6VLwg1g5HJ0EhXyfnr28cx4', '2024-02-26 09:17:52.138+00', '2024-05-26 09:17:52+00', 180, 'ba5f0f1eea874634beaf5575ee628db9');
INSERT INTO public.token_blacklist_outstandingtoken (id, token, created_at, expires_at, user_id, jti) VALUES (16, 'eyJhbGciOiJIUzI1NiIsInR5cCI6IkpXVCJ9.eyJ0b2tlbl90eXBlIjoicmVmcmVzaCIsImV4cCI6MTcxNjcxNTE0NywiaWF0IjoxNzA4OTM5MTQ3LCJqdGkiOiIwZDNmYWMwOTY1Y2Q0NzU5OTg3ODUwMjQ3NzkwN2NkOCIsInVzZXJfaWQiOjE4OH0.a1YKLOLIobQbIuEhDuqW6tUJfojI_rlJDvvABxKPxCU', '2024-02-26 09:19:07.585+00', '2024-05-26 09:19:07+00', 188, '0d3fac0965cd47599878502477907cd8');
INSERT INTO public.token_blacklist_outstandingtoken (id, token, created_at, expires_at, user_id, jti) VALUES (17, 'eyJhbGciOiJIUzI1NiIsInR5cCI6IkpXVCJ9.eyJ0b2tlbl90eXBlIjoicmVmcmVzaCIsImV4cCI6MTcxNjcxNTIzMiwiaWF0IjoxNzA4OTM5MjMyLCJqdGkiOiIxZGI3ZmE1MmRlZTg0MjkxODYwNmNjY2VhZWE0OGI2OCIsInVzZXJfaWQiOjE4MH0.1EEJEPbbaWgcWF4ctr2rNqQkmgwFy5CQOxLdkIW5z6g', '2024-02-26 09:20:32.684+00', '2024-05-26 09:20:32+00', 180, '1db7fa52dee842918606ccceaea48b68');
INSERT INTO public.token_blacklist_outstandingtoken (id, token, created_at, expires_at, user_id, jti) VALUES (18, 'eyJhbGciOiJIUzI1NiIsInR5cCI6IkpXVCJ9.eyJ0b2tlbl90eXBlIjoicmVmcmVzaCIsImV4cCI6MTcxNjcxNTIzNiwiaWF0IjoxNzA4OTM5MjM2LCJqdGkiOiJlZWVmYjQzY2JkYzM0ZDc4OGU0N2ExNWYyZDY1MTRhMyIsInVzZXJfaWQiOjE5M30.1gms68_PuZmy4B5J_n4bsu6TufwygzCKza6iL4tC3QE', '2024-02-26 09:20:36.882+00', '2024-05-26 09:20:36+00', 193, 'eeefb43cbdc34d788e47a15f2d6514a3');
INSERT INTO public.token_blacklist_outstandingtoken (id, token, created_at, expires_at, user_id, jti) VALUES (19, 'eyJhbGciOiJIUzI1NiIsInR5cCI6IkpXVCJ9.eyJ0b2tlbl90eXBlIjoicmVmcmVzaCIsImV4cCI6MTcxNTk1MDA1MCwiaWF0IjoxNzA4MTc0MDUwLCJqdGkiOiI0NzZkNTYwMzY2ZjU0MjgyODM5NjdmODZkM2JlZDZjNSIsInVzZXJfaWQiOjMsIm9iaiI6eyJpZCI6MiwicHJvZmlsZSI6eyJuYW1lIjoiTWFuYXYgU2hhaCIsImVtYWlsIjoibWFuYXZzaGFoMTAxMS5tc0BnbWFpbC5jb20iLCJwaF9ubyI6Ijk5MjU3MTcwMDUiLCJyb2xlIjoiYWRtaW4ifSwiYnJhbmNoIjp7ImJyYW5jaF9uYW1lIjoiRWxlY3Ryb25pY3MgQW5kIENvbW11bmljYXRpb24iLCJicmFuY2hfY29kZSI6MTEsInNsdWciOiIyNzcwNjlfMTcwNzczMzIxMSIsImNvbGxlZ2UiOnsiY29sbGVnZV9uYW1lIjoiTC5ELiBjb2xsZWdlIG9mIGVuZ2luZWVyaW5nIiwic2x1ZyI6IjMyNTg2Nl8xNzA3NzMzMTg0In19fX0.pCDtbJ6w-jpmR0h6mjQ9ketvtfHCxkL1WDRij0BaOtQ', NULL, '2024-05-17 12:47:30+00', NULL, '476d560366f5428283967f86d3bed6c5');
INSERT INTO public.token_blacklist_outstandingtoken (id, token, created_at, expires_at, user_id, jti) VALUES (20, 'eyJhbGciOiJIUzI1NiIsInR5cCI6IkpXVCJ9.eyJ0b2tlbl90eXBlIjoicmVmcmVzaCIsImV4cCI6MTcxNjc5OTQ3MCwiaWF0IjoxNzA5MDIzNDcwLCJqdGkiOiJiZGU3MTU1ODFlZDE0YTk4OTQ5OWYxYzc2NDA0ZTdkMCIsInVzZXJfaWQiOjIwN30.oJRBz210QvzIqMPIxRrmi7GNBTrTRotvB_AAOBLwGLA', '2024-02-27 08:44:30.288+00', '2024-05-27 08:44:30+00', 207, 'bde715581ed14a989499f1c76404e7d0');
INSERT INTO public.token_blacklist_outstandingtoken (id, token, created_at, expires_at, user_id, jti) VALUES (21, 'eyJhbGciOiJIUzI1NiIsInR5cCI6IkpXVCJ9.eyJ0b2tlbl90eXBlIjoicmVmcmVzaCIsImV4cCI6MTcxNjc5OTQ4NSwiaWF0IjoxNzA5MDIzNDg1LCJqdGkiOiI0N2MyMjk2Yzk2YWM0YWI3YWRjZjk1MDMwNDhjMDQ2ZCIsInVzZXJfaWQiOjE4MH0.9eN8yVQGOaGrb3XFZos2_qR-pT1afK0BAM76pkz-Rag', '2024-02-27 08:44:45.984+00', '2024-05-27 08:44:45+00', 180, '47c2296c96ac4ab7adcf9503048c046d');
INSERT INTO public.token_blacklist_outstandingtoken (id, token, created_at, expires_at, user_id, jti) VALUES (22, 'eyJhbGciOiJIUzI1NiIsInR5cCI6IkpXVCJ9.eyJ0b2tlbl90eXBlIjoicmVmcmVzaCIsImV4cCI6MTcxNjc5OTQ4NSwiaWF0IjoxNzA5MDIzNDg1LCJqdGkiOiI0NDQ1ZWFiZjc5Zjc0NjcxODkyMzVjN2U1OTNlMWU3NCIsInVzZXJfaWQiOjE4MH0.M0Q-nFzi4W0CLwT9PNFGDrQajr9NZTjWmxuOQed2xFs', '2024-02-27 08:44:45.995+00', '2024-05-27 08:44:45+00', 180, '4445eabf79f7467189235c7e593e1e74');
INSERT INTO public.token_blacklist_outstandingtoken (id, token, created_at, expires_at, user_id, jti) VALUES (23, 'eyJhbGciOiJIUzI1NiIsInR5cCI6IkpXVCJ9.eyJ0b2tlbl90eXBlIjoicmVmcmVzaCIsImV4cCI6MTcxNjc5OTUxNSwiaWF0IjoxNzA5MDIzNTE1LCJqdGkiOiIzYTU2ZmY5ZWY3Zjk0YTlkYjMxYzk5MTBiZGJjOTU5ZCIsInVzZXJfaWQiOjIwNH0.TNoNN-BQPF0nGJ-MzAaL0a3BrG0gpwT8bxPdEukiOuo', '2024-02-27 08:45:15.605+00', '2024-05-27 08:45:15+00', 204, '3a56ff9ef7f94a9db31c9910bdbc959d');
INSERT INTO public.token_blacklist_outstandingtoken (id, token, created_at, expires_at, user_id, jti) VALUES (24, 'eyJhbGciOiJIUzI1NiIsInR5cCI6IkpXVCJ9.eyJ0b2tlbl90eXBlIjoicmVmcmVzaCIsImV4cCI6MTcxNjc5OTU3NiwiaWF0IjoxNzA5MDIzNTc2LCJqdGkiOiJkYWNjMGU5YWZiZGI0NGViYjJkOTNmYTY4MWQwMGFmNCIsInVzZXJfaWQiOjE5NX0.F_-3rqZVCHb9YiYcA48P3_q_gSEzfwjnoqV5tgWBT8k', '2024-02-27 08:46:16.961+00', '2024-05-27 08:46:16+00', 195, 'dacc0e9afbdb44ebb2d93fa681d00af4');
INSERT INTO public.token_blacklist_outstandingtoken (id, token, created_at, expires_at, user_id, jti) VALUES (25, 'eyJhbGciOiJIUzI1NiIsInR5cCI6IkpXVCJ9.eyJ0b2tlbl90eXBlIjoicmVmcmVzaCIsImV4cCI6MTcxNjc5OTU3OSwiaWF0IjoxNzA5MDIzNTc5LCJqdGkiOiJiZWI3NjA5NDYwMTM0OTc3OTc5OWE4MmM4MmE0OTkzYyIsInVzZXJfaWQiOjE5M30.5BXzIfsHltAj6NgFEGEZ5dpkERIbWWwOjGNYp6aHtEM', '2024-02-27 08:46:19.513+00', '2024-05-27 08:46:19+00', 193, 'beb76094601349779799a82c82a4993c');
INSERT INTO public.token_blacklist_outstandingtoken (id, token, created_at, expires_at, user_id, jti) VALUES (26, 'eyJhbGciOiJIUzI1NiIsInR5cCI6IkpXVCJ9.eyJ0b2tlbl90eXBlIjoicmVmcmVzaCIsImV4cCI6MTcxNjc5OTYyNSwiaWF0IjoxNzA5MDIzNjI1LCJqdGkiOiIzZTgyMGU4ZDQzMmE0MTUwOTM4ZjBhMzQ0MjkwOTE0YiIsInVzZXJfaWQiOjE4NX0.mXIOB1_0_vGfzpYhmFnwIbFb3rrWG9lL2cqdQQwRmms', '2024-02-27 08:47:05.575+00', '2024-05-27 08:47:05+00', 185, '3e820e8d432a4150938f0a344290914b');
INSERT INTO public.token_blacklist_outstandingtoken (id, token, created_at, expires_at, user_id, jti) VALUES (27, 'eyJhbGciOiJIUzI1NiIsInR5cCI6IkpXVCJ9.eyJ0b2tlbl90eXBlIjoicmVmcmVzaCIsImV4cCI6MTcxNjc5OTYyOCwiaWF0IjoxNzA5MDIzNjI4LCJqdGkiOiJiZjEzZmQ4YTA0ZWM0Yzk1YWE1YzU0M2JlZmIyM2M0NCIsInVzZXJfaWQiOjE5N30.L6macvL7uI3EPHAk_-TW3ytMq1VjobvcXHPJ2ZKVZeA', '2024-02-27 08:47:08.37+00', '2024-05-27 08:47:08+00', 197, 'bf13fd8a04ec4c95aa5c543befb23c44');
INSERT INTO public.token_blacklist_outstandingtoken (id, token, created_at, expires_at, user_id, jti) VALUES (28, 'eyJhbGciOiJIUzI1NiIsInR5cCI6IkpXVCJ9.eyJ0b2tlbl90eXBlIjoicmVmcmVzaCIsImV4cCI6MTcxNjc5OTc1OCwiaWF0IjoxNzA5MDIzNzU4LCJqdGkiOiI4MTRkNDc3ZGQ4MzI0NzQzYjNmODVjZGQ3YTNmN2YyNSIsInVzZXJfaWQiOjE4OH0.u3WlUyBuDc-23kmEyeB2Va8bzt7M-AluPOljxjKbFZ4', '2024-02-27 08:49:18.725+00', '2024-05-27 08:49:18+00', 188, '814d477dd8324743b3f85cdd7a3f7f25');
INSERT INTO public.token_blacklist_outstandingtoken (id, token, created_at, expires_at, user_id, jti) VALUES (29, 'eyJhbGciOiJIUzI1NiIsInR5cCI6IkpXVCJ9.eyJ0b2tlbl90eXBlIjoicmVmcmVzaCIsImV4cCI6MTcxNjc5OTc4NywiaWF0IjoxNzA5MDIzNzg3LCJqdGkiOiJhNmRiNmMyY2Y4MjI0OTdiYjMxYWE2NmJlMzI2MDVkYSIsInVzZXJfaWQiOjE4OH0.zcHfZuoiei7VRC-MAwnocFkbentlTUPt3n6qvObeA58', '2024-02-27 08:49:47.751+00', '2024-05-27 08:49:47+00', 188, 'a6db6c2cf822497bb31aa66be32605da');
INSERT INTO public.token_blacklist_outstandingtoken (id, token, created_at, expires_at, user_id, jti) VALUES (30, 'eyJhbGciOiJIUzI1NiIsInR5cCI6IkpXVCJ9.eyJ0b2tlbl90eXBlIjoicmVmcmVzaCIsImV4cCI6MTcxNjc5OTI4NCwiaWF0IjoxNzA5MDIzMjg0LCJqdGkiOiI2ZWE4MTUxOTkyMTg0OTJmOThjMmYzY2JmM2Y2YWRhMyIsInVzZXJfaWQiOjMsIm9iaiI6eyJpZCI6MiwicHJvZmlsZSI6eyJuYW1lIjoiTWFuYXYgU2hhaCIsImVtYWlsIjoibWFuYXZzaGFoMTAxMS5tc0BnbWFpbC5jb20iLCJwaF9ubyI6Ijk5MjU3MTcwMDUiLCJyb2xlIjoiYWRtaW4ifSwiYnJhbmNoIjp7ImJyYW5jaF9uYW1lIjoiRWxlY3Ryb25pY3MgQW5kIENvbW11bmljYXRpb24iLCJicmFuY2hfY29kZSI6MTEsInNsdWciOiIyNzcwNjlfMTcwNzczMzIxMSIsImNvbGxlZ2UiOnsiY29sbGVnZV9uYW1lIjoiTC5ELiBjb2xsZWdlIG9mIGVuZ2luZWVyaW5nIiwic2x1ZyI6IjMyNTg2Nl8xNzA3NzMzMTg0In19fX0.sjvQphjb2RVX4DMAZ7TRVq4xSLcB9Sn4jQj_8kOmy1I', NULL, '2024-05-27 08:41:24+00', NULL, '6ea815199218492f98c2f3cbf3f6ada3');
INSERT INTO public.token_blacklist_outstandingtoken (id, token, created_at, expires_at, user_id, jti) VALUES (31, 'eyJhbGciOiJIUzI1NiIsInR5cCI6IkpXVCJ9.eyJ0b2tlbl90eXBlIjoicmVmcmVzaCIsImV4cCI6MTcxNjgwMDIwNSwiaWF0IjoxNzA5MDI0MjA1LCJqdGkiOiI4ODVmZTE5ZGRkNTc0Yzk1YmU2YzVkY2M5YWNhNzUyNiIsInVzZXJfaWQiOjF9.g7o90ct4cvB0Zd7T5MaDAgL4IQnRoVQfzoZ0MYScjgc', '2024-02-27 08:56:45.141+00', '2024-05-27 08:56:45+00', 1, '885fe19ddd574c95be6c5dcc9aca7526');
INSERT INTO public.token_blacklist_outstandingtoken (id, token, created_at, expires_at, user_id, jti) VALUES (32, 'eyJhbGciOiJIUzI1NiIsInR5cCI6IkpXVCJ9.eyJ0b2tlbl90eXBlIjoicmVmcmVzaCIsImV4cCI6MTcxNjgwMDMxNSwiaWF0IjoxNzA5MDI0MzE1LCJqdGkiOiIzZGY2ZDgzMzU1Njk0MjMwYmQ1ZTFkZDczY2MyNTFlNiIsInVzZXJfaWQiOjR9.JUk37zywrFb9odg1Vrs6C7kitTOHQvPDU2LslaUCRQo', '2024-02-27 08:58:35.823+00', '2024-05-27 08:58:35+00', NULL, '3df6d83355694230bd5e1dd73cc251e6');
INSERT INTO public.token_blacklist_outstandingtoken (id, token, created_at, expires_at, user_id, jti) VALUES (33, 'eyJhbGciOiJIUzI1NiIsInR5cCI6IkpXVCJ9.eyJ0b2tlbl90eXBlIjoicmVmcmVzaCIsImV4cCI6MTcxNjgwMDQ5NCwiaWF0IjoxNzA5MDI0NDk0LCJqdGkiOiIyYWM1NTU5ODBiY2I0ZjU1OWYwOWQwYTMxNWU1OGJiZSIsInVzZXJfaWQiOjIwNH0.PxXNCFun7ztrSwJAiM5nplIKdcPhtwWPBWfgJ0MlQnU', '2024-02-27 09:01:34.179+00', '2024-05-27 09:01:34+00', 204, '2ac555980bcb4f559f09d0a315e58bbe');
INSERT INTO public.token_blacklist_outstandingtoken (id, token, created_at, expires_at, user_id, jti) VALUES (34, 'eyJhbGciOiJIUzI1NiIsInR5cCI6IkpXVCJ9.eyJ0b2tlbl90eXBlIjoicmVmcmVzaCIsImV4cCI6MTcxNjIwMDIxNSwiaWF0IjoxNzA4NDI0MjE1LCJqdGkiOiI5OTljNmQ3MmYyZGE0MDZlOWVjYzRiYTA1NzU3M2FjNCIsInVzZXJfaWQiOjQzLCJvYmoiOnsic2x1ZyI6IjMwMjY3NF8xNzA3NzUwODgyIiwicHJvZmlsZSI6eyJuYW1lIjoiTUFLVkFOQSBDSElSQUcgUkFNSklCSEFJIiwiZW1haWwiOiIyMmVjY2hpMDU3QGxkY2UuYWMuaW4iLCJwaF9ubyI6bnVsbCwicm9sZSI6InN0dWRlbnQifSwiYnJhbmNoIjp7ImJyYW5jaF9uYW1lIjoiRWxlY3Ryb25pY3MgQW5kIENvbW11bmljYXRpb24iLCJicmFuY2hfY29kZSI6MTEsInNsdWciOiIyNzcwNjlfMTcwNzczMzIxMSIsImNvbGxlZ2UiOnsiY29sbGVnZV9uYW1lIjoiTC5ELiBjb2xsZWdlIG9mIGVuZ2luZWVyaW5nIiwic2x1ZyI6IjMyNTg2Nl8xNzA3NzMzMTg0In19LCJzcl9ubyI6NDExMDM5LCJlbnJvbGxtZW50IjoiMjIwMjgwMTExMDU3In19.2xQN6yn5w7wI6OqiWD2nG-jJW9NPQ2CCM_9gbiXKSv0', NULL, '2024-05-20 10:16:55+00', NULL, '999c6d72f2da406e9ecc4ba057573ac4');
INSERT INTO public.token_blacklist_outstandingtoken (id, token, created_at, expires_at, user_id, jti) VALUES (35, 'eyJhbGciOiJIUzI1NiIsInR5cCI6IkpXVCJ9.eyJ0b2tlbl90eXBlIjoicmVmcmVzaCIsImV4cCI6MTcxNjgwMzM4NywiaWF0IjoxNzA5MDI3Mzg3LCJqdGkiOiI0OWQ4ZGMzMzc2NzQ0ZGVjOGJjZmEyNGI3YWVjMjhmNSIsInVzZXJfaWQiOjQzLCJvYmoiOnsic2x1ZyI6IjMwMjY3NF8xNzA3NzUwODgyIiwicHJvZmlsZSI6eyJuYW1lIjoiTUFLVkFOQSBDSElSQUcgUkFNSklCSEFJIiwiZW1haWwiOiIyMmVjY2hpMDU3QGxkY2UuYWMuaW4iLCJwaF9ubyI6bnVsbCwicm9sZSI6InN0dWRlbnQifSwiYnJhbmNoIjp7ImJyYW5jaF9uYW1lIjoiRWxlY3Ryb25pY3MgQW5kIENvbW11bmljYXRpb24iLCJicmFuY2hfY29kZSI6MTEsInNsdWciOiIyNzcwNjlfMTcwNzczMzIxMSIsImNvbGxlZ2UiOnsiY29sbGVnZV9uYW1lIjoiTC5ELiBjb2xsZWdlIG9mIGVuZ2luZWVyaW5nIiwic2x1ZyI6IjMyNTg2Nl8xNzA3NzMzMTg0In19LCJzcl9ubyI6NDExMDM5LCJlbnJvbGxtZW50IjoiMjIwMjgwMTExMDU3In19.WXbbBikBWq7gnYMF4LGKDzTZAJsseV1R3TWR2XbR1vk', NULL, '2024-05-27 09:49:47+00', NULL, '49d8dc3376744dec8bcfa24b7aec28f5');
INSERT INTO public.token_blacklist_outstandingtoken (id, token, created_at, expires_at, user_id, jti) VALUES (36, 'eyJhbGciOiJIUzI1NiIsInR5cCI6IkpXVCJ9.eyJ0b2tlbl90eXBlIjoicmVmcmVzaCIsImV4cCI6MTcxNjgwMzU4MywiaWF0IjoxNzA5MDI3NTgzLCJqdGkiOiIxZTAzNWVmZTE0NTk0ZGE3YmJhZGIzZmZkYTU5N2Q3NSIsInVzZXJfaWQiOjE4OH0.k7nRc0HIlpfd2d2nXw7Y9roL9jN1-1NR0ND_lktJmPA', '2024-02-27 09:53:03.431+00', '2024-05-27 09:53:03+00', 188, '1e035efe14594da7bbadb3ffda597d75');
INSERT INTO public.token_blacklist_outstandingtoken (id, token, created_at, expires_at, user_id, jti) VALUES (37, 'eyJhbGciOiJIUzI1NiIsInR5cCI6IkpXVCJ9.eyJ0b2tlbl90eXBlIjoicmVmcmVzaCIsImV4cCI6MTcxNjgwMzkyMSwiaWF0IjoxNzA5MDI3OTIxLCJqdGkiOiI0MjUxM2VkMzI0ODg0NjlhODJkYmY3NDIzNTNhNDY4NSIsInVzZXJfaWQiOjE2OH0.O0TVXi82AlIzbvB70rIRzF9wFesGn8_Yo-Y19cwb1dw', '2024-02-27 09:58:41.578+00', '2024-05-27 09:58:41+00', 168, '42513ed32488469a82dbf742353a4685');
INSERT INTO public.token_blacklist_outstandingtoken (id, token, created_at, expires_at, user_id, jti) VALUES (38, 'eyJhbGciOiJIUzI1NiIsInR5cCI6IkpXVCJ9.eyJ0b2tlbl90eXBlIjoicmVmcmVzaCIsImV4cCI6MTcxNjgwMzk3MiwiaWF0IjoxNzA5MDI3OTcyLCJqdGkiOiI3YTYxNDM2OGJlMjg0NzBlOGVkYjdlMjZkODc2MWVjYyIsInVzZXJfaWQiOjIzNn0.RY65QxU8bdY2G2ricaKWL50GN8gPuGn_QeHQEMrIc8c', '2024-02-27 09:59:32.341+00', '2024-05-27 09:59:32+00', NULL, '7a614368be28470e8edb7e26d8761ecc');
INSERT INTO public.token_blacklist_outstandingtoken (id, token, created_at, expires_at, user_id, jti) VALUES (39, 'eyJhbGciOiJIUzI1NiIsInR5cCI6IkpXVCJ9.eyJ0b2tlbl90eXBlIjoicmVmcmVzaCIsImV4cCI6MTcxNjgwNDAwMiwiaWF0IjoxNzA5MDI4MDAyLCJqdGkiOiI5NmIzNzI4MDZmMmQ0NDhjYmFmZjJkZTI5YWQ2ZmJhZiIsInVzZXJfaWQiOjE2OH0.nBwAIqHNUAcbATbU2xBeUNK2Ex-Vk8JLZUnyk3pHIHE', '2024-02-27 10:00:02.478+00', '2024-05-27 10:00:02+00', 168, '96b372806f2d448cbaff2de29ad6fbaf');
INSERT INTO public.token_blacklist_outstandingtoken (id, token, created_at, expires_at, user_id, jti) VALUES (40, 'eyJhbGciOiJIUzI1NiIsInR5cCI6IkpXVCJ9.eyJ0b2tlbl90eXBlIjoicmVmcmVzaCIsImV4cCI6MTcxNjgwNDAzOSwiaWF0IjoxNzA5MDI4MDM5LCJqdGkiOiJlZGFkNmE3MTVkYWQ0NDNjYTU0NjQwM2YxOTc3MWE4MCIsInVzZXJfaWQiOjIzNn0.2OGox0RVhWQLZFXYm9M-lcjK1HJsGpAzKV3dnB9LRLM', '2024-02-27 10:00:39.026+00', '2024-05-27 10:00:39+00', NULL, 'edad6a715dad443ca546403f19771a80');
INSERT INTO public.token_blacklist_outstandingtoken (id, token, created_at, expires_at, user_id, jti) VALUES (41, 'eyJhbGciOiJIUzI1NiIsInR5cCI6IkpXVCJ9.eyJ0b2tlbl90eXBlIjoicmVmcmVzaCIsImV4cCI6MTcxNjgwNDA3NywiaWF0IjoxNzA5MDI4MDc3LCJqdGkiOiJmYjg0NjliY2JhZjc0YThkOGQyMGI5MWM3NDExOTU5YyIsInVzZXJfaWQiOjIwNH0.YBcDH2eRabHR3_9e2TyfXm-VxTjNJuE0L6l5clErvGE', '2024-02-27 10:01:17.356+00', '2024-05-27 10:01:17+00', 204, 'fb8469bcbaf74a8d8d20b91c7411959c');
INSERT INTO public.token_blacklist_outstandingtoken (id, token, created_at, expires_at, user_id, jti) VALUES (42, 'eyJhbGciOiJIUzI1NiIsInR5cCI6IkpXVCJ9.eyJ0b2tlbl90eXBlIjoicmVmcmVzaCIsImV4cCI6MTcxNjgwNDA4OCwiaWF0IjoxNzA5MDI4MDg4LCJqdGkiOiJmODc5MzQzZGJlY2I0NTk1OTQxMDllYzUyZjE5Zjc4MCIsInVzZXJfaWQiOjE4MH0.Mqt9g3pnaiEKZ9INBAgG6nrbIfR9vB9lcKFLBchjNDg', '2024-02-27 10:01:28.956+00', '2024-05-27 10:01:28+00', 180, 'f879343dbecb459594109ec52f19f780');
INSERT INTO public.token_blacklist_outstandingtoken (id, token, created_at, expires_at, user_id, jti) VALUES (43, 'eyJhbGciOiJIUzI1NiIsInR5cCI6IkpXVCJ9.eyJ0b2tlbl90eXBlIjoicmVmcmVzaCIsImV4cCI6MTcxNjgwNDA5MSwiaWF0IjoxNzA5MDI4MDkxLCJqdGkiOiIxNWVkNjM0YWViZWU0YjY0ODZiYjI3NjJjZmU3NWUxMiIsInVzZXJfaWQiOjE4OH0.uQbuHmrIu1TPcr1SZz9BgWYDolpRMX2mkwI_fTYiZqk', '2024-02-27 10:01:31.756+00', '2024-05-27 10:01:31+00', 188, '15ed634aebee4b6486bb2762cfe75e12');
INSERT INTO public.token_blacklist_outstandingtoken (id, token, created_at, expires_at, user_id, jti) VALUES (44, 'eyJhbGciOiJIUzI1NiIsInR5cCI6IkpXVCJ9.eyJ0b2tlbl90eXBlIjoicmVmcmVzaCIsImV4cCI6MTcxNjgwNDE3NCwiaWF0IjoxNzA5MDI4MTc0LCJqdGkiOiIyNDI3NWE1NTU1Y2I0YTcxYmFmOGZmYjg3NmNmNGNkNSIsInVzZXJfaWQiOjR9.Be7iXyQyhyOsIM4jrxkWQR8RmBUxjBiLNWvU4MtY_mU', '2024-02-27 10:02:54.404+00', '2024-05-27 10:02:54+00', NULL, '24275a5555cb4a71baf8ffb876cf4cd5');
INSERT INTO public.token_blacklist_outstandingtoken (id, token, created_at, expires_at, user_id, jti) VALUES (45, 'eyJhbGciOiJIUzI1NiIsInR5cCI6IkpXVCJ9.eyJ0b2tlbl90eXBlIjoicmVmcmVzaCIsImV4cCI6MTcxNjgwNDQwNSwiaWF0IjoxNzA5MDI4NDA1LCJqdGkiOiI3YTg3ZWM5MzhmMWE0YWYwYWIyMzliZGZlZWFhYjUwMSIsInVzZXJfaWQiOjR9.mbSf9FjekI3jrjAZeDR77acSRt2ioFLvweY5Wmn34MQ', '2024-02-27 10:06:45.472+00', '2024-05-27 10:06:45+00', NULL, '7a87ec938f1a4af0ab239bdfeeaab501');
INSERT INTO public.token_blacklist_outstandingtoken (id, token, created_at, expires_at, user_id, jti) VALUES (46, 'eyJhbGciOiJIUzI1NiIsInR5cCI6IkpXVCJ9.eyJ0b2tlbl90eXBlIjoicmVmcmVzaCIsImV4cCI6MTcxNjgwNDY4NSwiaWF0IjoxNzA5MDI4Njg1LCJqdGkiOiJiOWUxOGYxYTA3YjQ0ZTE2YmNjYmM0MjkxNWFmZGM1YiIsInVzZXJfaWQiOjcyfQ.1opcyw1nczTX0qYWCAVr46rVxf3lmeH94MFEwRnG_Ok', '2024-02-27 10:11:25.45+00', '2024-05-27 10:11:25+00', 72, 'b9e18f1a07b44e16bccbc42915afdc5b');
INSERT INTO public.token_blacklist_outstandingtoken (id, token, created_at, expires_at, user_id, jti) VALUES (47, 'eyJhbGciOiJIUzI1NiIsInR5cCI6IkpXVCJ9.eyJ0b2tlbl90eXBlIjoicmVmcmVzaCIsImV4cCI6MTcxNjgwNDY5MiwiaWF0IjoxNzA5MDI4NjkyLCJqdGkiOiIzM2UzMjUzNGZmYmY0Y2EyYWE4NWFiMzI1ZmE1ZjM3YyIsInVzZXJfaWQiOjc2fQ.6wUQ5YycTSZzhI2hs0CDmTZ9Ye5dQ3r7UL6dlm3yeRw', '2024-02-27 10:11:32.275+00', '2024-05-27 10:11:32+00', 76, '33e32534ffbf4ca2aa85ab325fa5f37c');
INSERT INTO public.token_blacklist_outstandingtoken (id, token, created_at, expires_at, user_id, jti) VALUES (48, 'eyJhbGciOiJIUzI1NiIsInR5cCI6IkpXVCJ9.eyJ0b2tlbl90eXBlIjoicmVmcmVzaCIsImV4cCI6MTcxNjgwNDY5MiwiaWF0IjoxNzA5MDI4NjkyLCJqdGkiOiI3ZWYyN2ExNzkzN2Q0MzQyOTA2MWE1OTAwMWUxOGFhOSIsInVzZXJfaWQiOjczfQ.ZjXznL_2iorgNGsln6v874bU9kW1EqNlfdR3xXs0BT0', '2024-02-27 10:11:32.723+00', '2024-05-27 10:11:32+00', 73, '7ef27a17937d43429061a59001e18aa9');
INSERT INTO public.token_blacklist_outstandingtoken (id, token, created_at, expires_at, user_id, jti) VALUES (49, 'eyJhbGciOiJIUzI1NiIsInR5cCI6IkpXVCJ9.eyJ0b2tlbl90eXBlIjoicmVmcmVzaCIsImV4cCI6MTcxNjgwNDY5NCwiaWF0IjoxNzA5MDI4Njk0LCJqdGkiOiI0ZjY4ZGY0N2JhZDg0MzE0OWNhYzliN2RkMmEyOTVkMCIsInVzZXJfaWQiOjYzfQ.GTjmnWJ5HLYvlbEO23NOCveb99kZ-3N4ATquEYCeCPI', '2024-02-27 10:11:34.336+00', '2024-05-27 10:11:34+00', 63, '4f68df47bad843149cac9b7dd2a295d0');
INSERT INTO public.token_blacklist_outstandingtoken (id, token, created_at, expires_at, user_id, jti) VALUES (50, 'eyJhbGciOiJIUzI1NiIsInR5cCI6IkpXVCJ9.eyJ0b2tlbl90eXBlIjoicmVmcmVzaCIsImV4cCI6MTcxNjgwNDcwOCwiaWF0IjoxNzA5MDI4NzA4LCJqdGkiOiIwMWQyY2Q5ZDk5N2E0OGI4ODA2MjEwYTgxYmY2NGRhZCIsInVzZXJfaWQiOjU5fQ.XYxlKWNxsakk9IxhObSEglosurkFrrD5PmdjBq2OccA', '2024-02-27 10:11:48.325+00', '2024-05-27 10:11:48+00', 59, '01d2cd9d997a48b8806210a81bf64dad');
INSERT INTO public.token_blacklist_outstandingtoken (id, token, created_at, expires_at, user_id, jti) VALUES (51, 'eyJhbGciOiJIUzI1NiIsInR5cCI6IkpXVCJ9.eyJ0b2tlbl90eXBlIjoicmVmcmVzaCIsImV4cCI6MTcxNjgwNDcyNSwiaWF0IjoxNzA5MDI4NzI1LCJqdGkiOiI3MGU5MGJlZmVjNmI0M2FmODc2MGEzNTk4ZmQ1NmNkYyIsInVzZXJfaWQiOjc2fQ.xpgCNm7uXavW4Iz4Xg7zgPRg2cm1Z8b1btu2lerFmEM', '2024-02-27 10:12:05.767+00', '2024-05-27 10:12:05+00', 76, '70e90befec6b43af8760a3598fd56cdc');
INSERT INTO public.token_blacklist_outstandingtoken (id, token, created_at, expires_at, user_id, jti) VALUES (52, 'eyJhbGciOiJIUzI1NiIsInR5cCI6IkpXVCJ9.eyJ0b2tlbl90eXBlIjoicmVmcmVzaCIsImV4cCI6MTcxNjgwNDc0NiwiaWF0IjoxNzA5MDI4NzQ2LCJqdGkiOiIxMTk3ZDIyYjAwN2E0MmViYWM2MDE2Nzc4ZmRjYjA4NiIsInVzZXJfaWQiOjcwfQ.zetmDJTsx56tW-d9GJVeEMkRsHXvTm5i8HFRI0YFdFc', '2024-02-27 10:12:26.841+00', '2024-05-27 10:12:26+00', 70, '1197d22b007a42ebac6016778fdcb086');
INSERT INTO public.token_blacklist_outstandingtoken (id, token, created_at, expires_at, user_id, jti) VALUES (53, 'eyJhbGciOiJIUzI1NiIsInR5cCI6IkpXVCJ9.eyJ0b2tlbl90eXBlIjoicmVmcmVzaCIsImV4cCI6MTcxNjgwNDc0NiwiaWF0IjoxNzA5MDI4NzQ2LCJqdGkiOiJjY2E2OGZhMTQxNjk0YjA5OWI1YTQwNWZkOTA4NzVmOSIsInVzZXJfaWQiOjcwfQ.TYQNOnxPEcvFSoyXuVp-unsa6HL9WKI6a5vBQzF6vFs', '2024-02-27 10:12:26.849+00', '2024-05-27 10:12:26+00', 70, 'cca68fa141694b099b5a405fd90875f9');
INSERT INTO public.token_blacklist_outstandingtoken (id, token, created_at, expires_at, user_id, jti) VALUES (54, 'eyJhbGciOiJIUzI1NiIsInR5cCI6IkpXVCJ9.eyJ0b2tlbl90eXBlIjoicmVmcmVzaCIsImV4cCI6MTcxNjgwNDc0NiwiaWF0IjoxNzA5MDI4NzQ2LCJqdGkiOiI4ZjlhMDUwYzBkZTU0YmM5YmYwZTMyYmIwMzkzM2MzOCIsInVzZXJfaWQiOjYzfQ.aeX9fdf8Ge8ebCckEQqeQLu0pPgiqQau4EUxa-UZP4E', '2024-02-27 10:12:26.855+00', '2024-05-27 10:12:26+00', 63, '8f9a050c0de54bc9bf0e32bb03933c38');
INSERT INTO public.token_blacklist_outstandingtoken (id, token, created_at, expires_at, user_id, jti) VALUES (55, 'eyJhbGciOiJIUzI1NiIsInR5cCI6IkpXVCJ9.eyJ0b2tlbl90eXBlIjoicmVmcmVzaCIsImV4cCI6MTcxNjgwNDc2NywiaWF0IjoxNzA5MDI4NzY3LCJqdGkiOiJmYmU2OWIxMmJhMDU0YTE2ODQ1YTYzNWRkNjJjODdmZCIsInVzZXJfaWQiOjgwfQ.GgktZ327XP1iXcUpBWAsd-nnEfeVPvmWekquSHGyvl0', '2024-02-27 10:12:47.193+00', '2024-05-27 10:12:47+00', 80, 'fbe69b12ba054a16845a635dd62c87fd');
INSERT INTO public.token_blacklist_outstandingtoken (id, token, created_at, expires_at, user_id, jti) VALUES (56, 'eyJhbGciOiJIUzI1NiIsInR5cCI6IkpXVCJ9.eyJ0b2tlbl90eXBlIjoicmVmcmVzaCIsImV4cCI6MTcxNjgwNDc4NiwiaWF0IjoxNzA5MDI4Nzg2LCJqdGkiOiI0MWFmMTdlOWI1ODA0ZjI4ODBmY2NkMmYxMTk3NzFjNiIsInVzZXJfaWQiOjY2fQ.iJwNz9ET3Ca7SWH3AC3PoZhpJ_2U2l-vNZFOcVdLPBA', '2024-02-27 10:13:06.423+00', '2024-05-27 10:13:06+00', 66, '41af17e9b5804f2880fccd2f119771c6');
INSERT INTO public.token_blacklist_outstandingtoken (id, token, created_at, expires_at, user_id, jti) VALUES (57, 'eyJhbGciOiJIUzI1NiIsInR5cCI6IkpXVCJ9.eyJ0b2tlbl90eXBlIjoicmVmcmVzaCIsImV4cCI6MTcxNjgwNDgwNSwiaWF0IjoxNzA5MDI4ODA1LCJqdGkiOiI4MmI4MWMyMGRkYmM0YzA3YmNlNDFmMGU0YzY4OTE5MyIsInVzZXJfaWQiOjc1fQ.IOM-YFkl69f4YApTHe5K8vDrKo-Wdy2dO18m0B5tJZA', '2024-02-27 10:13:25.204+00', '2024-05-27 10:13:25+00', 75, '82b81c20ddbc4c07bce41f0e4c689193');
INSERT INTO public.token_blacklist_outstandingtoken (id, token, created_at, expires_at, user_id, jti) VALUES (58, 'eyJhbGciOiJIUzI1NiIsInR5cCI6IkpXVCJ9.eyJ0b2tlbl90eXBlIjoicmVmcmVzaCIsImV4cCI6MTcxNjgwNDgwOCwiaWF0IjoxNzA5MDI4ODA4LCJqdGkiOiI0NGNiYzAxZjVhYTQ0YTg1ODcxZjFmYzAzOWZhMTNkMSIsInVzZXJfaWQiOjg0fQ.5r9jQJhgi-OJjSeiG9tVjhsAIe2XjibmG_MI7lCeXGg', '2024-02-27 10:13:28.884+00', '2024-05-27 10:13:28+00', 84, '44cbc01f5aa44a85871f1fc039fa13d1');
INSERT INTO public.token_blacklist_outstandingtoken (id, token, created_at, expires_at, user_id, jti) VALUES (59, 'eyJhbGciOiJIUzI1NiIsInR5cCI6IkpXVCJ9.eyJ0b2tlbl90eXBlIjoicmVmcmVzaCIsImV4cCI6MTcxNjgwNDkzMCwiaWF0IjoxNzA5MDI4OTMwLCJqdGkiOiIzOWI3YzFiMGVjNTM0NjQ0YWEzMmEyYjNmMTFlMThhNSIsInVzZXJfaWQiOjY0fQ.zaN1S-uVm1jgr1Q9YQwqU0UOeAKlttJ4mYkGTYoC2Eg', '2024-02-27 10:15:30.755+00', '2024-05-27 10:15:30+00', 64, '39b7c1b0ec534644aa32a2b3f11e18a5');
INSERT INTO public.token_blacklist_outstandingtoken (id, token, created_at, expires_at, user_id, jti) VALUES (60, 'eyJhbGciOiJIUzI1NiIsInR5cCI6IkpXVCJ9.eyJ0b2tlbl90eXBlIjoicmVmcmVzaCIsImV4cCI6MTcxNjgzMDcwMywiaWF0IjoxNzA5MDU0NzAzLCJqdGkiOiI3YTA4NGJlN2EzZGQ0ODUxYTc2OGU1MzgxYWE0NzJkNSIsInVzZXJfaWQiOjR9.2FQIY_bpoiWPri5RyYMQPF137LChQ5LYgaHumFApqN0', '2024-02-27 17:25:03.893+00', '2024-05-27 17:25:03+00', NULL, '7a084be7a3dd4851a768e5381aa472d5');
INSERT INTO public.token_blacklist_outstandingtoken (id, token, created_at, expires_at, user_id, jti) VALUES (61, 'eyJhbGciOiJIUzI1NiIsInR5cCI6IkpXVCJ9.eyJ0b2tlbl90eXBlIjoicmVmcmVzaCIsImV4cCI6MTcxNjgzMzY0MSwiaWF0IjoxNzA5MDU3NjQxLCJqdGkiOiI1MzM0MzlhOTgzMDE0MTk2ODY1OGM4NTRmYmU4NGFkYSIsInVzZXJfaWQiOjE2OH0.te-8d0-9_HWZfVk4vNuqEGu4APR_rjERgVZS0jh5MzY', '2024-02-27 18:14:01.906+00', '2024-05-27 18:14:01+00', 168, '533439a9830141968658c854fbe84ada');
INSERT INTO public.token_blacklist_outstandingtoken (id, token, created_at, expires_at, user_id, jti) VALUES (62, 'eyJhbGciOiJIUzI1NiIsInR5cCI6IkpXVCJ9.eyJ0b2tlbl90eXBlIjoicmVmcmVzaCIsImV4cCI6MTcxNjgzMzczMywiaWF0IjoxNzA5MDU3NzMzLCJqdGkiOiJiOTFhYWZkYTcyODA0ODBiYTMxZWE0MjBjZDFmZGYwOSIsInVzZXJfaWQiOjE5M30.28ivCkiscT7jMm3s-BqYNj1Bil0sfsjK6YrH7-m_oMg', '2024-02-27 18:15:33.855+00', '2024-05-27 18:15:33+00', 193, 'b91aafda7280480ba31ea420cd1fdf09');
INSERT INTO public.token_blacklist_outstandingtoken (id, token, created_at, expires_at, user_id, jti) VALUES (63, 'eyJhbGciOiJIUzI1NiIsInR5cCI6IkpXVCJ9.eyJ0b2tlbl90eXBlIjoicmVmcmVzaCIsImV4cCI6MTcxNjgzMzg4OSwiaWF0IjoxNzA5MDU3ODg5LCJqdGkiOiIyOTM3M2ZhOThkYmQ0NmFkYWFlOGI3YjdkM2I1OTlhYSIsInVzZXJfaWQiOjF9.GkkUywAK74Kh2eIH362_rZrHyKyE0rStkh_4FjmcNNo', '2024-02-27 18:18:09.129+00', '2024-05-27 18:18:09+00', 1, '29373fa98dbd46adaae8b7b7d3b599aa');
INSERT INTO public.token_blacklist_outstandingtoken (id, token, created_at, expires_at, user_id, jti) VALUES (64, 'eyJhbGciOiJIUzI1NiIsInR5cCI6IkpXVCJ9.eyJ0b2tlbl90eXBlIjoicmVmcmVzaCIsImV4cCI6MTcxNjgzNDc2NiwiaWF0IjoxNzA5MDU4NzY2LCJqdGkiOiI5NTVlZDY5MzIzZTA0NjlkOGVlMDZlZGMzZjZhYjhjZiIsInVzZXJfaWQiOjIzN30.BDAiLmp3f9k1nIHH6JmViOs5qzOcqPJ3f-o__1V_Qp8', '2024-02-27 18:32:46.128+00', '2024-05-27 18:32:46+00', NULL, '955ed69323e0469d8ee06edc3f6ab8cf');
INSERT INTO public.token_blacklist_outstandingtoken (id, token, created_at, expires_at, user_id, jti) VALUES (65, 'eyJhbGciOiJIUzI1NiIsInR5cCI6IkpXVCJ9.eyJ0b2tlbl90eXBlIjoicmVmcmVzaCIsImV4cCI6MTcxNjgzNDc4NywiaWF0IjoxNzA5MDU4Nzg3LCJqdGkiOiJjNDFkZTdlYzQ5MjM0MzhhYTk3MWRmYjRkNjJhZmNiNiIsInVzZXJfaWQiOjIwNH0.7BRkhgic2FZLxLRRV4EvOdlv_kfIi_tgmIBBrWgtq-0', '2024-02-27 18:33:07.47+00', '2024-05-27 18:33:07+00', 204, 'c41de7ec4923438aa971dfb4d62afcb6');
INSERT INTO public.token_blacklist_outstandingtoken (id, token, created_at, expires_at, user_id, jti) VALUES (66, 'eyJhbGciOiJIUzI1NiIsInR5cCI6IkpXVCJ9.eyJ0b2tlbl90eXBlIjoicmVmcmVzaCIsImV4cCI6MTcxNjkyMTYxNSwiaWF0IjoxNzA5MTQ1NjE1LCJqdGkiOiIzZjU5MDE2Yzk0ZTc0MTgwYjcyOGNhZGNiZDlhZmQ3ZiIsInVzZXJfaWQiOjIzOH0.ANR6AQb1eQX7c6RI8iyq9LgH6sfttHwlskhkDVDMn8U', '2024-02-28 18:40:15.386+00', '2024-05-28 18:40:15+00', 238, '3f59016c94e74180b728cadcbd9afd7f');
INSERT INTO public.token_blacklist_outstandingtoken (id, token, created_at, expires_at, user_id, jti) VALUES (67, 'eyJhbGciOiJIUzI1NiIsInR5cCI6IkpXVCJ9.eyJ0b2tlbl90eXBlIjoicmVmcmVzaCIsImV4cCI6MTcxNjkyMTY3OCwiaWF0IjoxNzA5MTQ1Njc4LCJqdGkiOiI4NWFkZGRiMWE1NjU0NjRiODFhYjFlNTUyMWNjN2UyNCIsInVzZXJfaWQiOjIzOH0.NfkFd2osTvf_V0-zlvRVEaBB-7pPl5B--SxH2wWCqe8', '2024-02-28 18:41:18.64+00', '2024-05-28 18:41:18+00', 238, '85adddb1a565464b81ab1e5521cc7e24');
INSERT INTO public.token_blacklist_outstandingtoken (id, token, created_at, expires_at, user_id, jti) VALUES (68, 'eyJhbGciOiJIUzI1NiIsInR5cCI6IkpXVCJ9.eyJ0b2tlbl90eXBlIjoicmVmcmVzaCIsImV4cCI6MTcxNjk2NzE4MywiaWF0IjoxNzA5MTkxMTgzLCJqdGkiOiIxOWUwMmUyOTVjZWY0ZjEwOGQ3ZDk3YjNkZTVjYzcwZCIsInVzZXJfaWQiOjI4Nywib2JqIjp7ImlkIjo0LCJwcm9maWxlIjp7Im5hbWUiOiJNYW5hdiBTaGFoIiwiZW1haWwiOiJtYW5hdi5haW1sQGdtYWlsLmNvbSIsInJvbGUiOiJhZG1pbiJ9LCJicmFuY2giOnsiYnJhbmNoX25hbWUiOiJBSSAmIE1MIE1pbm9yL0hvbm91cnMgRGVncmVlIFByb2dyYW0iLCJicmFuY2hfY29kZSI6IkFHIiwic2x1ZyI6IjY2MzM0Ml8xNzA5MTkxMDYwIiwiY29sbGVnZSI6eyJjb2xsZWdlX25hbWUiOiJMLkQuIGNvbGxlZ2Ugb2YgZW5naW5lZXJpbmciLCJzbHVnIjoiNzcxODg2XzE3MDg5MjgzNTkifX19fQ.mr2nmprknuc612bMoKx9McaIhU1b5sFcKvBeU0nKYig', NULL, '2024-05-29 07:19:43+00', NULL, '19e02e295cef4f108d7d97b3de5cc70d');
INSERT INTO public.token_blacklist_outstandingtoken (id, token, created_at, expires_at, user_id, jti) VALUES (69, 'eyJhbGciOiJIUzI1NiIsInR5cCI6IkpXVCJ9.eyJ0b2tlbl90eXBlIjoicmVmcmVzaCIsImV4cCI6MTcxNzAwMDU1MywiaWF0IjoxNzA5MjI0NTUzLCJqdGkiOiJmM2NlZDliOTM0NDI0NDBkOTgzNWU1MGNhNDFhZGNmMCIsInVzZXJfaWQiOjI4Nywib2JqIjp7ImlkIjo0LCJwcm9maWxlIjp7Im5hbWUiOiJNYW5hdiBTaGFoIiwiZW1haWwiOiJtYW5hdi5haW1sQGdtYWlsLmNvbSIsInJvbGUiOiJhZG1pbiJ9LCJicmFuY2giOnsiYnJhbmNoX25hbWUiOiJBSSAmIE1MIE1pbm9yL0hvbm91cnMgRGVncmVlIFByb2dyYW0iLCJicmFuY2hfY29kZSI6IkFHIiwic2x1ZyI6IjY2MzM0Ml8xNzA5MTkxMDYwIiwiY29sbGVnZSI6eyJjb2xsZWdlX25hbWUiOiJMLkQuIGNvbGxlZ2Ugb2YgZW5naW5lZXJpbmciLCJzbHVnIjoiNzcxODg2XzE3MDg5MjgzNTkifX19fQ.ToL9YCCgjwQPnL0Elc2bmXA_GjpFhhiPd09Nq_ehq0o', NULL, '2024-05-29 16:35:53+00', NULL, 'f3ced9b93442440d9835e50ca41adcf0');
INSERT INTO public.token_blacklist_outstandingtoken (id, token, created_at, expires_at, user_id, jti) VALUES (70, 'eyJhbGciOiJIUzI1NiIsInR5cCI6IkpXVCJ9.eyJ0b2tlbl90eXBlIjoicmVmcmVzaCIsImV4cCI6MTcxNzAwMDgxMiwiaWF0IjoxNzA5MjI0ODEyLCJqdGkiOiI3OGM0YzUyOTYyNTE0NjJmOWI4NjE0YWNkNDkzMTdmOCIsInVzZXJfaWQiOjI4N30.ztbF4uhTdIo_5dg6iozu8H1uWBYi6xYPUoW0XP1elS4', '2024-02-29 16:40:12.661+00', '2024-05-29 16:40:12+00', 287, '78c4c5296251462f9b8614acd49317f8');
INSERT INTO public.token_blacklist_outstandingtoken (id, token, created_at, expires_at, user_id, jti) VALUES (71, 'eyJhbGciOiJIUzI1NiIsInR5cCI6IkpXVCJ9.eyJ0b2tlbl90eXBlIjoicmVmcmVzaCIsImV4cCI6MTcxNzA3NzkzNCwiaWF0IjoxNzA5MzAxOTM0LCJqdGkiOiJjMmQyNGUyZmUxY2U0OGNhODA3MDk0NjliMWZlZmNkZiIsInVzZXJfaWQiOjE5M30.hSlE-g45AMQj5fswEhN1WGbr36ji5bj-b1zu_wz8FGc', '2024-03-01 14:05:34.137+00', '2024-05-30 14:05:34+00', 193, 'c2d24e2fe1ce48ca80709469b1fefcdf');
INSERT INTO public.token_blacklist_outstandingtoken (id, token, created_at, expires_at, user_id, jti) VALUES (72, 'eyJhbGciOiJIUzI1NiIsInR5cCI6IkpXVCJ9.eyJ0b2tlbl90eXBlIjoicmVmcmVzaCIsImV4cCI6MTcxNzA3ODUzMCwiaWF0IjoxNzA5MzAyNTMwLCJqdGkiOiJiMzc5ZGVlMGQ3Njc0Y2E4OGNlZTM2ODU0MGM2ZDRkYyIsInVzZXJfaWQiOjF9.eVYEXohv6OVRTnVsMn_aiHYMTIHK1qCmbVuYGcvCOY4', '2024-03-01 14:15:30.704+00', '2024-05-30 14:15:30+00', 1, 'b379dee0d7674ca88cee368540c6d4dc');
INSERT INTO public.token_blacklist_outstandingtoken (id, token, created_at, expires_at, user_id, jti) VALUES (73, 'eyJhbGciOiJIUzI1NiIsInR5cCI6IkpXVCJ9.eyJ0b2tlbl90eXBlIjoicmVmcmVzaCIsImV4cCI6MTcxNzA3OTQwMiwiaWF0IjoxNzA5MzAzNDAyLCJqdGkiOiIzNjQ2YjlhN2YzZWE0ODhkYmRkNDQ1YTE5NDNiNGE0NiIsInVzZXJfaWQiOjM0MX0.WTZwE_jikaF5B4gF9zQctpxtUZPepSIzytUnwtszyI0', '2024-03-01 14:30:02.623+00', '2024-05-30 14:30:02+00', 341, '3646b9a7f3ea488dbdd445a1943b4a46');
INSERT INTO public.token_blacklist_outstandingtoken (id, token, created_at, expires_at, user_id, jti) VALUES (74, 'eyJhbGciOiJIUzI1NiIsInR5cCI6IkpXVCJ9.eyJ0b2tlbl90eXBlIjoicmVmcmVzaCIsImV4cCI6MTcxNzA3OTQ4OCwiaWF0IjoxNzA5MzAzNDg4LCJqdGkiOiJmMTJlZTQxZmQzZWY0NWJmYTYyMTg3ZTk5Y2JhMDE3YSIsInVzZXJfaWQiOjM0MX0.mpJ-2Mu7qLoVQb-RGcxuuC235coVD_i5odht4G7sWf8', '2024-03-01 14:31:28.642+00', '2024-05-30 14:31:28+00', 341, 'f12ee41fd3ef45bfa62187e99cba017a');
INSERT INTO public.token_blacklist_outstandingtoken (id, token, created_at, expires_at, user_id, jti) VALUES (75, 'eyJhbGciOiJIUzI1NiIsInR5cCI6IkpXVCJ9.eyJ0b2tlbl90eXBlIjoicmVmcmVzaCIsImV4cCI6MTcxNzA4MDkzMSwiaWF0IjoxNzA5MzA0OTMxLCJqdGkiOiIzYmNlMDdlMzg5ZTU0ZjhlOGNiNTlmMDg0ZmM3YmI2ZSIsInVzZXJfaWQiOjIwNH0.pbCKC2buyaNtogZHQ3dRLHz1OPJptagPDjs561WBG2k', '2024-03-01 14:55:31.781+00', '2024-05-30 14:55:31+00', 204, '3bce07e389e54f8e8cb59f084fc7bb6e');
INSERT INTO public.token_blacklist_outstandingtoken (id, token, created_at, expires_at, user_id, jti) VALUES (76, 'eyJhbGciOiJIUzI1NiIsInR5cCI6IkpXVCJ9.eyJ0b2tlbl90eXBlIjoicmVmcmVzaCIsImV4cCI6MTcxNzA4MTA1MSwiaWF0IjoxNzA5MzA1MDUxLCJqdGkiOiI0YjAwZWMxN2MyMmE0MDI4YmI4ZjdhYjgwN2JjZjMyNiIsInVzZXJfaWQiOjM0Mn0.af89nHxfIg-tIF0bY29cR3nODVorjhvO_lGPzgiciFQ', '2024-03-01 14:57:31.415+00', '2024-05-30 14:57:31+00', NULL, '4b00ec17c22a4028bb8f7ab807bcf326');
INSERT INTO public.token_blacklist_outstandingtoken (id, token, created_at, expires_at, user_id, jti) VALUES (77, 'eyJhbGciOiJIUzI1NiIsInR5cCI6IkpXVCJ9.eyJ0b2tlbl90eXBlIjoicmVmcmVzaCIsImV4cCI6MTcxNzA4MTA1NSwiaWF0IjoxNzA5MzA1MDU1LCJqdGkiOiJlNTI0NjJlMWU0NDc0ZTVhOTRhMGU5NWUzZjY3MjczNSIsInVzZXJfaWQiOjM0Mn0.dWR9_J2E9B9U5zHYB7OWcX_-Onqh1x7aohuZm2iOo7w', '2024-03-01 14:57:35.701+00', '2024-05-30 14:57:35+00', NULL, 'e52462e1e4474e5a94a0e95e3f672735');
INSERT INTO public.token_blacklist_outstandingtoken (id, token, created_at, expires_at, user_id, jti) VALUES (78, 'eyJhbGciOiJIUzI1NiIsInR5cCI6IkpXVCJ9.eyJ0b2tlbl90eXBlIjoicmVmcmVzaCIsImV4cCI6MTcxNzA4MTA2MSwiaWF0IjoxNzA5MzA1MDYxLCJqdGkiOiI0ZGViZjU2Mzg2ZWQ0NzdkYjU1ODhlM2QyNjM3MmE2ZCIsInVzZXJfaWQiOjM0Mn0.ebFo2jtYuF3RqFHhqQtFawHzGVt8rznojCTIvrtaVc4', '2024-03-01 14:57:41.695+00', '2024-05-30 14:57:41+00', NULL, '4debf56386ed477db5588e3d26372a6d');
INSERT INTO public.token_blacklist_outstandingtoken (id, token, created_at, expires_at, user_id, jti) VALUES (79, 'eyJhbGciOiJIUzI1NiIsInR5cCI6IkpXVCJ9.eyJ0b2tlbl90eXBlIjoicmVmcmVzaCIsImV4cCI6MTcxNzA4MTA5NCwiaWF0IjoxNzA5MzA1MDk0LCJqdGkiOiI1ZjNkZDU5NmVjOGE0MTc0YjQ1ZmE3OTk2OGY2YTdmOSIsInVzZXJfaWQiOjM0Mn0.vc9tWf_0QBA6RG3FoTKQJaSmIrpqoYFthAFHCkoeN2U', '2024-03-01 14:58:14.775+00', '2024-05-30 14:58:14+00', NULL, '5f3dd596ec8a4174b45fa79968f6a7f9');
INSERT INTO public.token_blacklist_outstandingtoken (id, token, created_at, expires_at, user_id, jti) VALUES (80, 'eyJhbGciOiJIUzI1NiIsInR5cCI6IkpXVCJ9.eyJ0b2tlbl90eXBlIjoicmVmcmVzaCIsImV4cCI6MTcxNzA4MTEyNCwiaWF0IjoxNzA5MzA1MTI0LCJqdGkiOiJlNTA0NWI4NzBjMGQ0MmUwODNlMjg5NzY3NGQ2ODgwZiIsInVzZXJfaWQiOjM0Mn0.8fqfSv6tb8QpIOBqQsMfCZAyBMB9vGYzao9mJqVtw_4', '2024-03-01 14:58:44.788+00', '2024-05-30 14:58:44+00', NULL, 'e5045b870c0d42e083e2897674d6880f');
INSERT INTO public.token_blacklist_outstandingtoken (id, token, created_at, expires_at, user_id, jti) VALUES (81, 'eyJhbGciOiJIUzI1NiIsInR5cCI6IkpXVCJ9.eyJ0b2tlbl90eXBlIjoicmVmcmVzaCIsImV4cCI6MTcxNzA4MTk0OCwiaWF0IjoxNzA5MzA1OTQ4LCJqdGkiOiI2YzJiMjAwZGNjOTc0YzE4YTY1OWJkY2Y4MmI4OWQ3NyIsInVzZXJfaWQiOjF9.3c0JcF7kFDQTwU5-nzyR6flvVMJinoXGjSSSCccM9X8', '2024-03-01 15:12:28.655+00', '2024-05-30 15:12:28+00', 1, '6c2b200dcc974c18a659bdcf82b89d77');
INSERT INTO public.token_blacklist_outstandingtoken (id, token, created_at, expires_at, user_id, jti) VALUES (82, 'eyJhbGciOiJIUzI1NiIsInR5cCI6IkpXVCJ9.eyJ0b2tlbl90eXBlIjoicmVmcmVzaCIsImV4cCI6MTcxNzA4NzI0MywiaWF0IjoxNzA5MzExMjQzLCJqdGkiOiI3YTlkMzViNWRhZmM0ZWY4YjU4ODAwNWM1YjI0ZmRhZSIsInVzZXJfaWQiOjIwN30.3MwhTwMaaimNQDcOVrYTStfA9oZPARd-xkrpdam0k7w', '2024-03-01 16:40:43.611+00', '2024-05-30 16:40:43+00', 207, '7a9d35b5dafc4ef8b588005c5b24fdae');
INSERT INTO public.token_blacklist_outstandingtoken (id, token, created_at, expires_at, user_id, jti) VALUES (83, 'eyJhbGciOiJIUzI1NiIsInR5cCI6IkpXVCJ9.eyJ0b2tlbl90eXBlIjoicmVmcmVzaCIsImV4cCI6MTcxNzA4NzI0NywiaWF0IjoxNzA5MzExMjQ3LCJqdGkiOiIyOTQ0ZDdjMjVlMDY0NWFkYTA5YmZjMDNhMjVjNjlkNSIsInVzZXJfaWQiOjE5M30.5ZHhJ7jPpERSsEzwZWKG9WluneU3QQO4FlGEPqPdEjM', '2024-03-01 16:40:47.117+00', '2024-05-30 16:40:47+00', 193, '2944d7c25e0645ada09bfc03a25c69d5');
INSERT INTO public.token_blacklist_outstandingtoken (id, token, created_at, expires_at, user_id, jti) VALUES (84, 'eyJhbGciOiJIUzI1NiIsInR5cCI6IkpXVCJ9.eyJ0b2tlbl90eXBlIjoicmVmcmVzaCIsImV4cCI6MTcxNzA4NzI1MSwiaWF0IjoxNzA5MzExMjUxLCJqdGkiOiJhMzBlOWU3ZjhkNDI0ZWViYmE3YjlkZDlhNmQ4YTNhYiIsInVzZXJfaWQiOjIwNH0.vYMUM8DRSGOLhYYuHml2m3w69CDVNaRifq4H08oE6lo', '2024-03-01 16:40:51.143+00', '2024-05-30 16:40:51+00', 204, 'a30e9e7f8d424eebba7b9dd9a6d8a3ab');
INSERT INTO public.token_blacklist_outstandingtoken (id, token, created_at, expires_at, user_id, jti) VALUES (85, 'eyJhbGciOiJIUzI1NiIsInR5cCI6IkpXVCJ9.eyJ0b2tlbl90eXBlIjoicmVmcmVzaCIsImV4cCI6MTcxNjE5NTE0OCwiaWF0IjoxNzA4NDE5MTQ4LCJqdGkiOiI5YTAxYTY5MTAzYWE0ZTgzYjJjYjVhMTQ4NTdmOWVmNSIsInVzZXJfaWQiOjI2MSwib2JqIjp7InNsdWciOiIxNTk4NzVfMTcwNzgxMjI0MCIsInByb2ZpbGUiOnsibmFtZSI6IkhhcnNoIE5hdHdhcmJoYWkgUGFybWFyIiwiZW1haWwiOiJwYXJtYXJoYXJzaDkwMUBnbWFpbC5jb20iLCJwaF9ubyI6bnVsbCwicm9sZSI6InN0dWRlbnQifSwiYnJhbmNoIjp7ImJyYW5jaF9uYW1lIjoiQ29tcHV0ZXIgRW5naW5lZXJpbmciLCJicmFuY2hfY29kZSI6Nywic2x1ZyI6IjIzOTQ1OV8xNzA3ODAzMjI4IiwiY29sbGVnZSI6eyJjb2xsZWdlX25hbWUiOiJMLkQuIGNvbGxlZ2Ugb2YgZW5naW5lZXJpbmciLCJzbHVnIjoiMzI1ODY2XzE3MDc3MzMxODQifX0sInNyX25vIjoyNSwiZW5yb2xsbWVudCI6IjIyMDI4MzEwNzAxOSJ9fQ.F0rlNP8c9LITEApMvTZEn66IdA4bHywIo8cUlrScLw4', NULL, '2024-05-20 08:52:28+00', NULL, '9a01a69103aa4e83b2cb5a14857f9ef5');
INSERT INTO public.token_blacklist_outstandingtoken (id, token, created_at, expires_at, user_id, jti) VALUES (86, 'eyJhbGciOiJIUzI1NiIsInR5cCI6IkpXVCJ9.eyJ0b2tlbl90eXBlIjoicmVmcmVzaCIsImV4cCI6MTcxNzA4NzMwOSwiaWF0IjoxNzA5MzExMzA5LCJqdGkiOiJhYTRkMzIxOTRhNDA0ZTkxYjc4MTU5ZWY5YWVjMTNjYSIsInVzZXJfaWQiOjIwM30.pAW8X8aaklZlVOB74vP9oFzOPurtZ6aqBzlFxJs3WkQ', '2024-03-01 16:41:49.07+00', '2024-05-30 16:41:49+00', 203, 'aa4d32194a404e91b78159ef9aec13ca');
INSERT INTO public.token_blacklist_outstandingtoken (id, token, created_at, expires_at, user_id, jti) VALUES (87, 'eyJhbGciOiJIUzI1NiIsInR5cCI6IkpXVCJ9.eyJ0b2tlbl90eXBlIjoicmVmcmVzaCIsImV4cCI6MTcxNzA4NzMyMCwiaWF0IjoxNzA5MzExMzIwLCJqdGkiOiI4MmY1ZGU4ZmRmMjA0MWI0ODY3NjZiMGYwY2EzYzRlOSIsInVzZXJfaWQiOjIwOX0.Cu3cFthclDv_n_UaFEk2gAtKRbMqqUkAuZpgi8u9TzM', '2024-03-01 16:42:00.283+00', '2024-05-30 16:42:00+00', 209, '82f5de8fdf2041b486766b0f0ca3c4e9');
INSERT INTO public.token_blacklist_outstandingtoken (id, token, created_at, expires_at, user_id, jti) VALUES (88, 'eyJhbGciOiJIUzI1NiIsInR5cCI6IkpXVCJ9.eyJ0b2tlbl90eXBlIjoicmVmcmVzaCIsImV4cCI6MTcxNzA4NzQzNiwiaWF0IjoxNzA5MzExNDM2LCJqdGkiOiIyY2U2N2IxZTBhYWU0ZDViODg3MmM2ZmFjNGEzYjliYSIsInVzZXJfaWQiOjE5MX0.5O3QQ8aP5nu--fuk6ndXvIOzt1SfUfQ8znWrGFgt600', '2024-03-01 16:43:56.425+00', '2024-05-30 16:43:56+00', 191, '2ce67b1e0aae4d5b8872c6fac4a3b9ba');
INSERT INTO public.token_blacklist_outstandingtoken (id, token, created_at, expires_at, user_id, jti) VALUES (89, 'eyJhbGciOiJIUzI1NiIsInR5cCI6IkpXVCJ9.eyJ0b2tlbl90eXBlIjoicmVmcmVzaCIsImV4cCI6MTcxNzA4NzQ2NSwiaWF0IjoxNzA5MzExNDY1LCJqdGkiOiJlNmM0NTQ2Yzk1MTA0YzQwOTIxYTEyN2RjYzY4ZmM1ZCIsInVzZXJfaWQiOjIwN30.R0wlcbQ7pF3RDD8qhLAfHyfxH4b2DRHXXOr96nv7_D4', '2024-03-01 16:44:25.565+00', '2024-05-30 16:44:25+00', 207, 'e6c4546c95104c40921a127dcc68fc5d');
INSERT INTO public.token_blacklist_outstandingtoken (id, token, created_at, expires_at, user_id, jti) VALUES (90, 'eyJhbGciOiJIUzI1NiIsInR5cCI6IkpXVCJ9.eyJ0b2tlbl90eXBlIjoicmVmcmVzaCIsImV4cCI6MTcxNzA4NzQ5OSwiaWF0IjoxNzA5MzExNDk5LCJqdGkiOiJjZjJjYjIxMWZlN2I0YWY5YTZkMzc5YWY1Yzk3MzRjZiIsInVzZXJfaWQiOjIwNH0.uSzXh0WUQBxWTgmSq-i66j2J_HM9QR4GrWWtoHKU9no', '2024-03-01 16:44:59.02+00', '2024-05-30 16:44:59+00', 204, 'cf2cb211fe7b4af9a6d379af5c9734cf');
INSERT INTO public.token_blacklist_outstandingtoken (id, token, created_at, expires_at, user_id, jti) VALUES (91, 'eyJhbGciOiJIUzI1NiIsInR5cCI6IkpXVCJ9.eyJ0b2tlbl90eXBlIjoicmVmcmVzaCIsImV4cCI6MTcxNzA4Nzg1NSwiaWF0IjoxNzA5MzExODU1LCJqdGkiOiI0ZDk3MTkyZTY5ZTE0ZDgwYmU5ZDdiMzgwZmRjZmJhZCIsInVzZXJfaWQiOjE5MX0.2NWkFe-rKti9pN1zHHkoBhaECMPXa4S_3fajv7Fx3ao', '2024-03-01 16:50:55.839+00', '2024-05-30 16:50:55+00', 191, '4d97192e69e14d80be9d7b380fdcfbad');
INSERT INTO public.token_blacklist_outstandingtoken (id, token, created_at, expires_at, user_id, jti) VALUES (92, 'eyJhbGciOiJIUzI1NiIsInR5cCI6IkpXVCJ9.eyJ0b2tlbl90eXBlIjoicmVmcmVzaCIsImV4cCI6MTcxNzA4Nzg1OSwiaWF0IjoxNzA5MzExODU5LCJqdGkiOiJjOGY0M2M1YTM2ODg0NGZhYTFiNTFlNjRkOTYwYjU2OCIsInVzZXJfaWQiOjE5MX0.Mayll1ra_XInuvfAHsR1Y3T4MK8xvzTZrv5Lw3jUV00', '2024-03-01 16:50:59.534+00', '2024-05-30 16:50:59+00', 191, 'c8f43c5a368844faa1b51e64d960b568');
INSERT INTO public.token_blacklist_outstandingtoken (id, token, created_at, expires_at, user_id, jti) VALUES (93, 'eyJhbGciOiJIUzI1NiIsInR5cCI6IkpXVCJ9.eyJ0b2tlbl90eXBlIjoicmVmcmVzaCIsImV4cCI6MTcxNzA4Nzg2MSwiaWF0IjoxNzA5MzExODYxLCJqdGkiOiJkODcxZjE1YTUzYjA0YTg2YjlhZTFkMTNjMWU0OWZkMyIsInVzZXJfaWQiOjE5MX0.P9sduqfQvqMe_x6B9DH6HrYsjGob7_3_vFX1yF0Rvek', '2024-03-01 16:51:01.986+00', '2024-05-30 16:51:01+00', 191, 'd871f15a53b04a86b9ae1d13c1e49fd3');
INSERT INTO public.token_blacklist_outstandingtoken (id, token, created_at, expires_at, user_id, jti) VALUES (94, 'eyJhbGciOiJIUzI1NiIsInR5cCI6IkpXVCJ9.eyJ0b2tlbl90eXBlIjoicmVmcmVzaCIsImV4cCI6MTcxNzA4Nzg4MCwiaWF0IjoxNzA5MzExODgwLCJqdGkiOiI3MDgwYTFmMDE0MzU0ZGY1YTljOGY1NDFmNzc2M2MyOCIsInVzZXJfaWQiOjE4OH0.MWBa4hZvKP2YkLmEeJS3Eqj0wSgZd0Hrl_sUk2k1Vmc', '2024-03-01 16:51:20.393+00', '2024-05-30 16:51:20+00', 188, '7080a1f014354df5a9c8f541f7763c28');
INSERT INTO public.token_blacklist_outstandingtoken (id, token, created_at, expires_at, user_id, jti) VALUES (95, 'eyJhbGciOiJIUzI1NiIsInR5cCI6IkpXVCJ9.eyJ0b2tlbl90eXBlIjoicmVmcmVzaCIsImV4cCI6MTcxNzA4Nzg4OCwiaWF0IjoxNzA5MzExODg4LCJqdGkiOiJhNGExMTllZWEyNWE0YmRlOTVkZTBlN2M1ZWFlNTc4MCIsInVzZXJfaWQiOjE5M30.439N0BnGymI1Cu03eLdm2liy65BQ75Xao8Qd3mRRAt4', '2024-03-01 16:51:28.076+00', '2024-05-30 16:51:28+00', 193, 'a4a119eea25a4bde95de0e7c5eae5780');
INSERT INTO public.token_blacklist_outstandingtoken (id, token, created_at, expires_at, user_id, jti) VALUES (96, 'eyJhbGciOiJIUzI1NiIsInR5cCI6IkpXVCJ9.eyJ0b2tlbl90eXBlIjoicmVmcmVzaCIsImV4cCI6MTcxNzA4Nzk3MCwiaWF0IjoxNzA5MzExOTcwLCJqdGkiOiI5Mzg1OGNiM2U5NTg0YzM2YWNlY2QzNjIwN2U0MzhmMiIsInVzZXJfaWQiOjE4MH0.xl45rBdtwOJchqaIjXL7r_P1Sf738tQFZ9q75WSIPto', '2024-03-01 16:52:50.099+00', '2024-05-30 16:52:50+00', 180, '93858cb3e9584c36acecd36207e438f2');
INSERT INTO public.token_blacklist_outstandingtoken (id, token, created_at, expires_at, user_id, jti) VALUES (97, 'eyJhbGciOiJIUzI1NiIsInR5cCI6IkpXVCJ9.eyJ0b2tlbl90eXBlIjoicmVmcmVzaCIsImV4cCI6MTcxNzA4ODc3NSwiaWF0IjoxNzA5MzEyNzc1LCJqdGkiOiJkMDQ1ZDI5Y2VjZmE0ZWU0YjkzMjQyZWU3MmNlMGY0MSIsInVzZXJfaWQiOjM0MX0.HwVRYQFjyV0pHTSHZt9CmYu8AKvF38RYQ0K0rnx6NHg', '2024-03-01 17:06:15.429+00', '2024-05-30 17:06:15+00', 341, 'd045d29cecfa4ee4b93242ee72ce0f41');
INSERT INTO public.token_blacklist_outstandingtoken (id, token, created_at, expires_at, user_id, jti) VALUES (98, 'eyJhbGciOiJIUzI1NiIsInR5cCI6IkpXVCJ9.eyJ0b2tlbl90eXBlIjoicmVmcmVzaCIsImV4cCI6MTcxNzA4ODc4NywiaWF0IjoxNzA5MzEyNzg3LCJqdGkiOiIwYmUxYTE3ZTZhNDA0NjBhYmEyZWIyYTdmMTZmYzdiNyIsInVzZXJfaWQiOjM0Mn0.j85qZ7e51XGffSQiKBhRZIKtTOY7FQSoCoEMtqBk92s', '2024-03-01 17:06:27.279+00', '2024-05-30 17:06:27+00', NULL, '0be1a17e6a40460aba2eb2a7f16fc7b7');
INSERT INTO public.token_blacklist_outstandingtoken (id, token, created_at, expires_at, user_id, jti) VALUES (99, 'eyJhbGciOiJIUzI1NiIsInR5cCI6IkpXVCJ9.eyJ0b2tlbl90eXBlIjoicmVmcmVzaCIsImV4cCI6MTcxNzA4ODkyNSwiaWF0IjoxNzA5MzEyOTI1LCJqdGkiOiI2ZjRhYjZmZTY2MmE0MzBlYmQwNGI1MjA5ZWQ1NzQzYSIsInVzZXJfaWQiOjIwNH0.tXYTfoBJVvNzq22wSsgsMVZv2ZMaOpYFD6_k74J0WV8', '2024-03-01 17:08:45.556+00', '2024-05-30 17:08:45+00', 204, '6f4ab6fe662a430ebd04b5209ed5743a');
INSERT INTO public.token_blacklist_outstandingtoken (id, token, created_at, expires_at, user_id, jti) VALUES (100, 'eyJhbGciOiJIUzI1NiIsInR5cCI6IkpXVCJ9.eyJ0b2tlbl90eXBlIjoicmVmcmVzaCIsImV4cCI6MTcxNzA4ODk2MiwiaWF0IjoxNzA5MzEyOTYyLCJqdGkiOiJjMjI5YWNkMjkxMjk0YzUxODc0ZGUyODZkMzg4YjYwMyIsInVzZXJfaWQiOjE5M30.M1VRznzx3g7I6dlMNGUNLj61In2UTrbOCGh6OWZq-ZI', '2024-03-01 17:09:22.516+00', '2024-05-30 17:09:22+00', 193, 'c229acd291294c51874de286d388b603');
INSERT INTO public.token_blacklist_outstandingtoken (id, token, created_at, expires_at, user_id, jti) VALUES (101, 'eyJhbGciOiJIUzI1NiIsInR5cCI6IkpXVCJ9.eyJ0b2tlbl90eXBlIjoicmVmcmVzaCIsImV4cCI6MTcxNzE1ODcwNiwiaWF0IjoxNzA5MzgyNzA2LCJqdGkiOiJhODYwN2I0NDUzN2E0NTUyOTNjMjdmODk3ZDNlMzBhYyIsInVzZXJfaWQiOjIwNH0.Eym5EuMmY3caOhbMmnF14SSBy0EY9AcMtQ5FLqgZ1NE', '2024-03-02 12:31:46.097+00', '2024-05-31 12:31:46+00', 204, 'a8607b44537a455293c27f897d3e30ac');
INSERT INTO public.token_blacklist_outstandingtoken (id, token, created_at, expires_at, user_id, jti) VALUES (102, 'eyJhbGciOiJIUzI1NiIsInR5cCI6IkpXVCJ9.eyJ0b2tlbl90eXBlIjoicmVmcmVzaCIsImV4cCI6MTcxNzE1ODc3MywiaWF0IjoxNzA5MzgyNzczLCJqdGkiOiJlN2RiOTYxYTJhZjk0OGY4YmIzOGU4NDA5ODIxY2M1OSIsInVzZXJfaWQiOjF9.rVREas9cVCHzoxAnsNFlfb-_l1l_oGmqD5ZfaOkBuG8', '2024-03-02 12:32:53.114+00', '2024-05-31 12:32:53+00', 1, 'e7db961a2af948f8bb38e8409821cc59');
INSERT INTO public.token_blacklist_outstandingtoken (id, token, created_at, expires_at, user_id, jti) VALUES (103, 'eyJhbGciOiJIUzI1NiIsInR5cCI6IkpXVCJ9.eyJ0b2tlbl90eXBlIjoicmVmcmVzaCIsImV4cCI6MTcxNzI5ODM5OSwiaWF0IjoxNzA5NTIyMzk5LCJqdGkiOiI2ZjVjMGEyY2ZkYzU0ZWQ5YjE0OTVlMmQxOTEzZWRlMSIsInVzZXJfaWQiOjF9.zyh4e3rys9FIOL9wdqWvirKIZ8XbKRzQXvYcfb1-q-c', '2024-03-04 03:19:59.53+00', '2024-06-02 03:19:59+00', 1, '6f5c0a2cfdc54ed9b1495e2d1913ede1');
INSERT INTO public.token_blacklist_outstandingtoken (id, token, created_at, expires_at, user_id, jti) VALUES (104, 'eyJhbGciOiJIUzI1NiIsInR5cCI6IkpXVCJ9.eyJ0b2tlbl90eXBlIjoicmVmcmVzaCIsImV4cCI6MTcxNzI5ODU1NCwiaWF0IjoxNzA5NTIyNTU0LCJqdGkiOiI2NTAxMDRmY2E0NTg0NTg2OGM0OGFmMzk0OWY2MTZjYyIsInVzZXJfaWQiOjR9.oeBvNUo8-t4u4AvRyI2whSeOP-1ZKV7smXk7rWuKNEY', '2024-03-04 03:22:34.129+00', '2024-06-02 03:22:34+00', NULL, '650104fca45845868c48af3949f616cc');
INSERT INTO public.token_blacklist_outstandingtoken (id, token, created_at, expires_at, user_id, jti) VALUES (105, 'eyJhbGciOiJIUzI1NiIsInR5cCI6IkpXVCJ9.eyJ0b2tlbl90eXBlIjoicmVmcmVzaCIsImV4cCI6MTcxNzI5OTI1NiwiaWF0IjoxNzA5NTIzMjU2LCJqdGkiOiI1OTFiOWJlZGViZDU0ODM5YTU5YTA2Y2VhMmQxZGQ1OSIsInVzZXJfaWQiOjF9.Z15i3OMnGoaMkdyqSJOxnzJGIjO7W5AdhW1xcoHRAZ4', '2024-03-04 03:34:16.896+00', '2024-06-02 03:34:16+00', 1, '591b9bedebd54839a59a06cea2d1dd59');
INSERT INTO public.token_blacklist_outstandingtoken (id, token, created_at, expires_at, user_id, jti) VALUES (106, 'eyJhbGciOiJIUzI1NiIsInR5cCI6IkpXVCJ9.eyJ0b2tlbl90eXBlIjoicmVmcmVzaCIsImV4cCI6MTcxNzI5OTM4NSwiaWF0IjoxNzA5NTIzMzg1LCJqdGkiOiI2YmRkYzE5ODRjMjg0NjM1OTQ1ZjA0YWYyOWM5NzY5NiIsInVzZXJfaWQiOjM0M30.xY1l7q0T7rDLT0YGYwDL3qpnTOHNtsLqpZO4Ci_eqCw', '2024-03-04 03:36:25.108+00', '2024-06-02 03:36:25+00', NULL, '6bddc1984c284635945f04af29c97696');
INSERT INTO public.token_blacklist_outstandingtoken (id, token, created_at, expires_at, user_id, jti) VALUES (107, 'eyJhbGciOiJIUzI1NiIsInR5cCI6IkpXVCJ9.eyJ0b2tlbl90eXBlIjoicmVmcmVzaCIsImV4cCI6MTcxNzI5OTQwMiwiaWF0IjoxNzA5NTIzNDAyLCJqdGkiOiJlNWE1YTVkYWYzMTY0ZTk3YjkzNWExNTIwZThkMmMxNSIsInVzZXJfaWQiOjF9.XNQOXn28YSzQ5SgPQ0wAflshYCnEY0JNlO-Kv3d7Wkw', '2024-03-04 03:36:42.073+00', '2024-06-02 03:36:42+00', 1, 'e5a5a5daf3164e97b935a1520e8d2c15');
INSERT INTO public.token_blacklist_outstandingtoken (id, token, created_at, expires_at, user_id, jti) VALUES (108, 'eyJhbGciOiJIUzI1NiIsInR5cCI6IkpXVCJ9.eyJ0b2tlbl90eXBlIjoicmVmcmVzaCIsImV4cCI6MTcxNzMwMjA1NiwiaWF0IjoxNzA5NTI2MDU2LCJqdGkiOiI1OTY2N2IwYzIxNzY0ZTAxYmM0MWZhZWZhNDNmMGYxMCIsInVzZXJfaWQiOjQsIm9iaiI6eyJzbHVnIjoiMTA0MTUwXzE3MDg5MzAyNjEiLCJwcm9maWxlIjp7Im5hbWUiOiJEci4gQ0hBTkRVTEFMIFZJVEhBTEFOSSIsImVtYWlsIjoiY2h2aXRoYWxhbmlAbGRjZS5hYy5pbiIsInJvbGUiOiJ0ZWFjaGVyIn0sImJyYW5jaCI6eyJicmFuY2hfbmFtZSI6IkVsZWN0cm9uaWNzIEFuZCBDb21tdW5pY2F0aW9uIC0gQkUiLCJicmFuY2hfY29kZSI6IjExIiwic2x1ZyI6IjEwNjkyNl8xNzA4OTI4NDAxIiwiY29sbGVnZSI6eyJjb2xsZWdlX25hbWUiOiJMLkQuIGNvbGxlZ2Ugb2YgZW5naW5lZXJpbmciLCJzbHVnIjoiNzcxODg2XzE3MDg5MjgzNTkifX19fQ.6hh7TlcGHWo0iJkznR06aWaqCT97lTvQT9N0a0To8WQ', NULL, '2024-06-02 04:20:56+00', NULL, '59667b0c21764e01bc41faefa43f0f10');
INSERT INTO public.token_blacklist_outstandingtoken (id, token, created_at, expires_at, user_id, jti) VALUES (129, 'eyJhbGciOiJIUzI1NiIsInR5cCI6IkpXVCJ9.eyJ0b2tlbl90eXBlIjoicmVmcmVzaCIsImV4cCI6MTcxNzMxMTQ1MSwiaWF0IjoxNzA5NTM1NDUxLCJqdGkiOiJjYWU2MTM0NTIzYjg0ZDM2OTJkZDdlMjYyOTc0N2VmNyIsInVzZXJfaWQiOjEzMH0.7g_ENe8d4Y7lyVrQ913Uyw_nOl10ZnjIYkCC6RTIvMA', '2024-03-04 06:57:31.705+00', '2024-06-02 06:57:31+00', 130, 'cae6134523b84d3692dd7e2629747ef7');
INSERT INTO public.token_blacklist_outstandingtoken (id, token, created_at, expires_at, user_id, jti) VALUES (109, 'eyJhbGciOiJIUzI1NiIsInR5cCI6IkpXVCJ9.eyJ0b2tlbl90eXBlIjoicmVmcmVzaCIsImV4cCI6MTcxNjExNTY0OSwiaWF0IjoxNzA4MzM5NjQ5LCJqdGkiOiJiZDI3YTMzODMxZTg0ZGE1OTQwZGRhYmM3OTFhNThlMyIsInVzZXJfaWQiOjIsIm9iaiI6eyJzbHVnIjoiMzUwNzQ3XzE3MDc3NDg4NjciLCJwcm9maWxlIjp7Im5hbWUiOiJEci4gQy5ILiBWSVRIQUxBTkkiLCJlbWFpbCI6ImNodml0aGFsYW5pQGxkY2UuYWMuaW4iLCJwaF9ubyI6IjkzNzQ4IDM2MzkwIiwicm9sZSI6InRlYWNoZXIifSwiYnJhbmNoIjp7ImJyYW5jaF9uYW1lIjoiRWxlY3Ryb25pY3MgQW5kIENvbW11bmljYXRpb24iLCJicmFuY2hfY29kZSI6MTEsInNsdWciOiIyNzcwNjlfMTcwNzczMzIxMSIsImNvbGxlZ2UiOnsiY29sbGVnZV9uYW1lIjoiTC5ELiBjb2xsZWdlIG9mIGVuZ2luZWVyaW5nIiwic2x1ZyI6IjMyNTg2Nl8xNzA3NzMzMTg0In19fX0.d8tzHUPaUh4M-gtrPPz0iS7mxv3B1-kwXYP0Df-0B3E', NULL, '2024-05-19 10:47:29+00', NULL, 'bd27a33831e84da5940ddabc791a58e3');
INSERT INTO public.token_blacklist_outstandingtoken (id, token, created_at, expires_at, user_id, jti) VALUES (110, 'eyJhbGciOiJIUzI1NiIsInR5cCI6IkpXVCJ9.eyJ0b2tlbl90eXBlIjoicmVmcmVzaCIsImV4cCI6MTcxNzMwODA4OSwiaWF0IjoxNzA5NTMyMDg5LCJqdGkiOiIzNWQ3YmRjYmJjMDk0MzQ3YmI5MzE0Yzg3YTc3MmE0NSIsInVzZXJfaWQiOjIsIm9iaiI6eyJzbHVnIjoiMzUwNzQ3XzE3MDc3NDg4NjciLCJwcm9maWxlIjp7Im5hbWUiOiJEci4gQy5ILiBWSVRIQUxBTkkiLCJlbWFpbCI6ImNodml0aGFsYW5pQGxkY2UuYWMuaW4iLCJwaF9ubyI6IjkzNzQ4IDM2MzkwIiwicm9sZSI6InRlYWNoZXIifSwiYnJhbmNoIjp7ImJyYW5jaF9uYW1lIjoiRWxlY3Ryb25pY3MgQW5kIENvbW11bmljYXRpb24iLCJicmFuY2hfY29kZSI6MTEsInNsdWciOiIyNzcwNjlfMTcwNzczMzIxMSIsImNvbGxlZ2UiOnsiY29sbGVnZV9uYW1lIjoiTC5ELiBjb2xsZWdlIG9mIGVuZ2luZWVyaW5nIiwic2x1ZyI6IjMyNTg2Nl8xNzA3NzMzMTg0In19fX0.uBcsIx3vJmoBhLJRaM0hChLBfGKsEURPHN1hAhJdGR8', NULL, '2024-06-02 06:01:29+00', NULL, '35d7bdcbbc094347bb9314c87a772a45');
INSERT INTO public.token_blacklist_outstandingtoken (id, token, created_at, expires_at, user_id, jti) VALUES (111, 'eyJhbGciOiJIUzI1NiIsInR5cCI6IkpXVCJ9.eyJ0b2tlbl90eXBlIjoicmVmcmVzaCIsImV4cCI6MTcxNzMwODIxNCwiaWF0IjoxNzA5NTMyMjE0LCJqdGkiOiJkOWU1N2VhMTMzN2U0NmYwOTAwMTNkMDQzMWU3OGRjMCIsInVzZXJfaWQiOjIsIm9iaiI6eyJzbHVnIjoiMzUwNzQ3XzE3MDc3NDg4NjciLCJwcm9maWxlIjp7Im5hbWUiOiJEci4gQy5ILiBWSVRIQUxBTkkiLCJlbWFpbCI6ImNodml0aGFsYW5pQGxkY2UuYWMuaW4iLCJwaF9ubyI6IjkzNzQ4IDM2MzkwIiwicm9sZSI6InRlYWNoZXIifSwiYnJhbmNoIjp7ImJyYW5jaF9uYW1lIjoiRWxlY3Ryb25pY3MgQW5kIENvbW11bmljYXRpb24iLCJicmFuY2hfY29kZSI6MTEsInNsdWciOiIyNzcwNjlfMTcwNzczMzIxMSIsImNvbGxlZ2UiOnsiY29sbGVnZV9uYW1lIjoiTC5ELiBjb2xsZWdlIG9mIGVuZ2luZWVyaW5nIiwic2x1ZyI6IjMyNTg2Nl8xNzA3NzMzMTg0In19fX0.8Yq9MjTs00-dC48YzXjLKl9GlnT2ZdwYkXmfsc_ekVE', NULL, '2024-06-02 06:03:34+00', NULL, 'd9e57ea1337e46f090013d0431e78dc0');
INSERT INTO public.token_blacklist_outstandingtoken (id, token, created_at, expires_at, user_id, jti) VALUES (112, 'eyJhbGciOiJIUzI1NiIsInR5cCI6IkpXVCJ9.eyJ0b2tlbl90eXBlIjoicmVmcmVzaCIsImV4cCI6MTcxNzMwODI1NiwiaWF0IjoxNzA5NTMyMjU2LCJqdGkiOiIwOWNmODFhMWEyZjI0MjQyYTdhZDllZGM5YTMyZjk2ZSIsInVzZXJfaWQiOjM0NH0.r6Z1yvvRsIX_16NLK5Up8qZDtKMsenz5hD2HTEwp96U', '2024-03-04 06:04:16.257+00', '2024-06-02 06:04:16+00', 344, '09cf81a1a2f24242a7ad9edc9a32f96e');
INSERT INTO public.token_blacklist_outstandingtoken (id, token, created_at, expires_at, user_id, jti) VALUES (113, 'eyJhbGciOiJIUzI1NiIsInR5cCI6IkpXVCJ9.eyJ0b2tlbl90eXBlIjoicmVmcmVzaCIsImV4cCI6MTcxNzMxMTE5MywiaWF0IjoxNzA5NTM1MTkzLCJqdGkiOiIwOGRiNDljMjE5NWM0NWNjYWY2MzViYTAzYzVhZTlhNSIsInVzZXJfaWQiOjM0NH0.CrS5vUr_mrwpfBwcFmH47Ztc1bWckHwkfnEnz1Czdb0', '2024-03-04 06:53:13.085+00', '2024-06-02 06:53:13+00', 344, '08db49c2195c45ccaf635ba03c5ae9a5');
INSERT INTO public.token_blacklist_outstandingtoken (id, token, created_at, expires_at, user_id, jti) VALUES (114, 'eyJhbGciOiJIUzI1NiIsInR5cCI6IkpXVCJ9.eyJ0b2tlbl90eXBlIjoicmVmcmVzaCIsImV4cCI6MTcxNzMxMTI5MCwiaWF0IjoxNzA5NTM1MjkwLCJqdGkiOiI3MGQwOTM4Mjg4MDE0ZWU4YTU1OTBhZDcwNjU0YTkxNyIsInVzZXJfaWQiOjExN30.LLclxWr9At-Fcl7wbBXAEHbCj62ieTA9yw1W_UvFnzk', '2024-03-04 06:54:50.712+00', '2024-06-02 06:54:50+00', 117, '70d0938288014ee8a5590ad70654a917');
INSERT INTO public.token_blacklist_outstandingtoken (id, token, created_at, expires_at, user_id, jti) VALUES (115, 'eyJhbGciOiJIUzI1NiIsInR5cCI6IkpXVCJ9.eyJ0b2tlbl90eXBlIjoicmVmcmVzaCIsImV4cCI6MTcxNzMxMTI5NywiaWF0IjoxNzA5NTM1Mjk3LCJqdGkiOiI0Y2ZhZTAwMGZiNjQ0Mzk2ODAxMmVjOWQ3ZTIxYTFmNyIsInVzZXJfaWQiOjEyM30.ymFBIcx8tXgFFw5_6u0y9oYuzXghQCrfgLGWIA41vvs', '2024-03-04 06:54:57.131+00', '2024-06-02 06:54:57+00', 123, '4cfae000fb6443968012ec9d7e21a1f7');
INSERT INTO public.token_blacklist_outstandingtoken (id, token, created_at, expires_at, user_id, jti) VALUES (116, 'eyJhbGciOiJIUzI1NiIsInR5cCI6IkpXVCJ9.eyJ0b2tlbl90eXBlIjoicmVmcmVzaCIsImV4cCI6MTcxNzMxMTMzMiwiaWF0IjoxNzA5NTM1MzMyLCJqdGkiOiJjNzgxNzAwM2I2YTc0NGY2YjE4ZjQ5Nzk5ZWE0Y2E4YiIsInVzZXJfaWQiOjEyNH0.nDXgUciHYh7BvRMJ9zH1E7V9NkPLazb5D-Hqb2oKG3w', '2024-03-04 06:55:32.23+00', '2024-06-02 06:55:32+00', 124, 'c7817003b6a744f6b18f49799ea4ca8b');
INSERT INTO public.token_blacklist_outstandingtoken (id, token, created_at, expires_at, user_id, jti) VALUES (117, 'eyJhbGciOiJIUzI1NiIsInR5cCI6IkpXVCJ9.eyJ0b2tlbl90eXBlIjoicmVmcmVzaCIsImV4cCI6MTcxNzMxMTMzOCwiaWF0IjoxNzA5NTM1MzM4LCJqdGkiOiI0MTFlMTE3YTI1OWQ0NWY3OGE2ZmI1Y2NmYjdhYzI2ZiIsInVzZXJfaWQiOjEzOH0.C7-6_eI4seA1GNlALCEBQIzt-vgmWFYEaxHJxqAnPf4', '2024-03-04 06:55:38.818+00', '2024-06-02 06:55:38+00', 138, '411e117a259d45f78a6fb5ccfb7ac26f');
INSERT INTO public.token_blacklist_outstandingtoken (id, token, created_at, expires_at, user_id, jti) VALUES (118, 'eyJhbGciOiJIUzI1NiIsInR5cCI6IkpXVCJ9.eyJ0b2tlbl90eXBlIjoicmVmcmVzaCIsImV4cCI6MTcxNzMxMTM0OSwiaWF0IjoxNzA5NTM1MzQ5LCJqdGkiOiJhMTYwYzRkZjgyMTY0NWM3YmUxYTRhYTc0MWQxMjdkOSIsInVzZXJfaWQiOjExM30.Xg716ZJnBVUWsnT5DvG5cT97fsSWu24e__gBXpiMeM8', '2024-03-04 06:55:49.342+00', '2024-06-02 06:55:49+00', 113, 'a160c4df821645c7be1a4aa741d127d9');
INSERT INTO public.token_blacklist_outstandingtoken (id, token, created_at, expires_at, user_id, jti) VALUES (119, 'eyJhbGciOiJIUzI1NiIsInR5cCI6IkpXVCJ9.eyJ0b2tlbl90eXBlIjoicmVmcmVzaCIsImV4cCI6MTcxNzMxMTM1MiwiaWF0IjoxNzA5NTM1MzUyLCJqdGkiOiJhYzI0Yzg1Zjg2NGM0NWUyYjVhMWYxNGM1ZGNlZWYyOSIsInVzZXJfaWQiOjEzOX0.qH7IDrScuCH11xAZHXZMLqcdbANZVJJJ5Qm8SMvm0oo', '2024-03-04 06:55:52.694+00', '2024-06-02 06:55:52+00', 139, 'ac24c85f864c45e2b5a1f14c5dceef29');
INSERT INTO public.token_blacklist_outstandingtoken (id, token, created_at, expires_at, user_id, jti) VALUES (120, 'eyJhbGciOiJIUzI1NiIsInR5cCI6IkpXVCJ9.eyJ0b2tlbl90eXBlIjoicmVmcmVzaCIsImV4cCI6MTcxNzMxMTM4MywiaWF0IjoxNzA5NTM1MzgzLCJqdGkiOiJiMjEzNzhlODVlNjY0MGM1OGU3YjUzYmVjZTcwYzg3OSIsInVzZXJfaWQiOjEzNX0.xus4VUTxGxMbNWxchVtNSj7rZJNVlYHyxdA_HrInugg', '2024-03-04 06:56:23.499+00', '2024-06-02 06:56:23+00', 135, 'b21378e85e6640c58e7b53bece70c879');
INSERT INTO public.token_blacklist_outstandingtoken (id, token, created_at, expires_at, user_id, jti) VALUES (121, 'eyJhbGciOiJIUzI1NiIsInR5cCI6IkpXVCJ9.eyJ0b2tlbl90eXBlIjoicmVmcmVzaCIsImV4cCI6MTcxNzMxMTM4OCwiaWF0IjoxNzA5NTM1Mzg4LCJqdGkiOiJmNTRmZmUwOGU2Mzc0YjU5YWViM2U0M2Y3MjUyZGU4NyIsInVzZXJfaWQiOjExOX0.pCALLDNr9IJr5zPlPIQgg8lGkWGq4nKjufzayMJ3lPY', '2024-03-04 06:56:28.362+00', '2024-06-02 06:56:28+00', 119, 'f54ffe08e6374b59aeb3e43f7252de87');
INSERT INTO public.token_blacklist_outstandingtoken (id, token, created_at, expires_at, user_id, jti) VALUES (122, 'eyJhbGciOiJIUzI1NiIsInR5cCI6IkpXVCJ9.eyJ0b2tlbl90eXBlIjoicmVmcmVzaCIsImV4cCI6MTcxNzMxMTM5NSwiaWF0IjoxNzA5NTM1Mzk1LCJqdGkiOiJhNzdmNWNhMWViZTM0M2EwYmJhNGVlNzY3MjBlYmYyYSIsInVzZXJfaWQiOjEyOX0.v7LHYBi-XluKxmCAQy-_zrmCJZcyJF3PLNDmNHvO_o0', '2024-03-04 06:56:35.736+00', '2024-06-02 06:56:35+00', 129, 'a77f5ca1ebe343a0bba4ee76720ebf2a');
INSERT INTO public.token_blacklist_outstandingtoken (id, token, created_at, expires_at, user_id, jti) VALUES (123, 'eyJhbGciOiJIUzI1NiIsInR5cCI6IkpXVCJ9.eyJ0b2tlbl90eXBlIjoicmVmcmVzaCIsImV4cCI6MTcxNzMxMTQwMCwiaWF0IjoxNzA5NTM1NDAwLCJqdGkiOiJmYzFjMTE2NzY2MDI0NzU5OGIwNGM3NjdiN2Y3ZDNlYSIsInVzZXJfaWQiOjExNX0.sTOI10BWud-751oionVLz6uo7YBLhSfww2LUZOH5l5s', '2024-03-04 06:56:40.929+00', '2024-06-02 06:56:40+00', 115, 'fc1c1167660247598b04c767b7f7d3ea');
INSERT INTO public.token_blacklist_outstandingtoken (id, token, created_at, expires_at, user_id, jti) VALUES (124, 'eyJhbGciOiJIUzI1NiIsInR5cCI6IkpXVCJ9.eyJ0b2tlbl90eXBlIjoicmVmcmVzaCIsImV4cCI6MTcxNzMxMTQxMSwiaWF0IjoxNzA5NTM1NDExLCJqdGkiOiJiNTQzN2NkN2I2NGU0YzUxYWE3YmMwMWM0ZjRmN2Y1OCIsInVzZXJfaWQiOjEyN30.pyvHkK0PLtY6oquo_TMqIB8C3F3Jh5dgzUeoMYLDXq8', '2024-03-04 06:56:51.758+00', '2024-06-02 06:56:51+00', 127, 'b5437cd7b64e4c51aa7bc01c4f4f7f58');
INSERT INTO public.token_blacklist_outstandingtoken (id, token, created_at, expires_at, user_id, jti) VALUES (125, 'eyJhbGciOiJIUzI1NiIsInR5cCI6IkpXVCJ9.eyJ0b2tlbl90eXBlIjoicmVmcmVzaCIsImV4cCI6MTcxNzMxMTQyMSwiaWF0IjoxNzA5NTM1NDIxLCJqdGkiOiIzMzc1MzIwOTJhODQ0ZGRhYWJiNjM1YmIzMTMxZDZjNiIsInVzZXJfaWQiOjEzMX0.8IxE4qTd7nT58gEDVoNunS9NrpynrXMBKStaZPx2bKY', '2024-03-04 06:57:01.923+00', '2024-06-02 06:57:01+00', 131, '337532092a844ddaabb635bb3131d6c6');
INSERT INTO public.token_blacklist_outstandingtoken (id, token, created_at, expires_at, user_id, jti) VALUES (126, 'eyJhbGciOiJIUzI1NiIsInR5cCI6IkpXVCJ9.eyJ0b2tlbl90eXBlIjoicmVmcmVzaCIsImV4cCI6MTcxNzMxMTQzNiwiaWF0IjoxNzA5NTM1NDM2LCJqdGkiOiJjNDMwM2FjOGRjNGQ0NmIxYWMzOTgxMzQzMGEzNmQwOSIsInVzZXJfaWQiOjEzOX0.mjIeS6DosIpDjL5K-kN1jCucXme36zPYIwNKXjVAzus', '2024-03-04 06:57:16.277+00', '2024-06-02 06:57:16+00', 139, 'c4303ac8dc4d46b1ac39813430a36d09');
INSERT INTO public.token_blacklist_outstandingtoken (id, token, created_at, expires_at, user_id, jti) VALUES (127, 'eyJhbGciOiJIUzI1NiIsInR5cCI6IkpXVCJ9.eyJ0b2tlbl90eXBlIjoicmVmcmVzaCIsImV4cCI6MTcxNzMxMTQzNywiaWF0IjoxNzA5NTM1NDM3LCJqdGkiOiJjY2MwOTQyOWVlOGQ0NTYwODlkN2E4ZjI4MGQ5ZjBmZSIsInVzZXJfaWQiOjEzOX0.82Y0TDUPEj67wXxTkD6BZsJATluESVc2EawzBNqk30E', '2024-03-04 06:57:17.001+00', '2024-06-02 06:57:17+00', 139, 'ccc09429ee8d456089d7a8f280d9f0fe');
INSERT INTO public.token_blacklist_outstandingtoken (id, token, created_at, expires_at, user_id, jti) VALUES (128, 'eyJhbGciOiJIUzI1NiIsInR5cCI6IkpXVCJ9.eyJ0b2tlbl90eXBlIjoicmVmcmVzaCIsImV4cCI6MTcxNzMxMTQ0NiwiaWF0IjoxNzA5NTM1NDQ2LCJqdGkiOiI3OGVmNTFmOWI5Njc0ZDg2YjRhMTEyNTU1N2ViYjFkNiIsInVzZXJfaWQiOjEzNX0.im_TGGdzjCmG9jhXwwJVzkSmAhvcZqxKiQT_r1oLPkM', '2024-03-04 06:57:26.129+00', '2024-06-02 06:57:26+00', 135, '78ef51f9b9674d86b4a1125557ebb1d6');
INSERT INTO public.token_blacklist_outstandingtoken (id, token, created_at, expires_at, user_id, jti) VALUES (130, 'eyJhbGciOiJIUzI1NiIsInR5cCI6IkpXVCJ9.eyJ0b2tlbl90eXBlIjoicmVmcmVzaCIsImV4cCI6MTcxNzMxMTQ2NiwiaWF0IjoxNzA5NTM1NDY2LCJqdGkiOiI5ZjAxOTdhODY5MmE0ZTBiOTM4MjEyYmM5YjNkM2Q4NiIsInVzZXJfaWQiOjExNn0.0g4rxypK_61_iU9iSY_TnqaxaX4uh3mE0uyP3x2oav4', '2024-03-04 06:57:46.973+00', '2024-06-02 06:57:46+00', 116, '9f0197a8692a4e0b938212bc9b3d3d86');
INSERT INTO public.token_blacklist_outstandingtoken (id, token, created_at, expires_at, user_id, jti) VALUES (131, 'eyJhbGciOiJIUzI1NiIsInR5cCI6IkpXVCJ9.eyJ0b2tlbl90eXBlIjoicmVmcmVzaCIsImV4cCI6MTcxNzMxMTQ4MiwiaWF0IjoxNzA5NTM1NDgyLCJqdGkiOiJlMmEwMzY3MDdlZTA0NTcwYTBlZDQwODI2NWU3Y2JkMSIsInVzZXJfaWQiOjExNH0.zFWTs8eb7VSdg2NcdUeM5msdOABS6G5ExC30tIz3aJA', '2024-03-04 06:58:02.443+00', '2024-06-02 06:58:02+00', 114, 'e2a036707ee04570a0ed408265e7cbd1');
INSERT INTO public.token_blacklist_outstandingtoken (id, token, created_at, expires_at, user_id, jti) VALUES (132, 'eyJhbGciOiJIUzI1NiIsInR5cCI6IkpXVCJ9.eyJ0b2tlbl90eXBlIjoicmVmcmVzaCIsImV4cCI6MTcxNzMxMTUyMywiaWF0IjoxNzA5NTM1NTIzLCJqdGkiOiI5NzdjMWRmNGY1YTc0NzY4OWE5ODA1MzZkMzIyMDFhZiIsInVzZXJfaWQiOjEyNX0.WepBiuakrF11rfWATgcLnl2WTbIlIP2LdItNVzRqpxM', '2024-03-04 06:58:43.81+00', '2024-06-02 06:58:43+00', 125, '977c1df4f5a747689a980536d32201af');
INSERT INTO public.token_blacklist_outstandingtoken (id, token, created_at, expires_at, user_id, jti) VALUES (133, 'eyJhbGciOiJIUzI1NiIsInR5cCI6IkpXVCJ9.eyJ0b2tlbl90eXBlIjoicmVmcmVzaCIsImV4cCI6MTcxNzMxMTUyNCwiaWF0IjoxNzA5NTM1NTI0LCJqdGkiOiI4N2VkNmEzYzkwYzQ0MzI1OWRkYmQ1NjE2ZWIzMWMxYiIsInVzZXJfaWQiOjEyNX0.GAeFlR0mENsC6cwxYXOBU3cKY521mGhPRf8vnugcA_8', '2024-03-04 06:58:44.558+00', '2024-06-02 06:58:44+00', 125, '87ed6a3c90c443259ddbd5616eb31c1b');
INSERT INTO public.token_blacklist_outstandingtoken (id, token, created_at, expires_at, user_id, jti) VALUES (134, 'eyJhbGciOiJIUzI1NiIsInR5cCI6IkpXVCJ9.eyJ0b2tlbl90eXBlIjoicmVmcmVzaCIsImV4cCI6MTcxNzMxMTUyNywiaWF0IjoxNzA5NTM1NTI3LCJqdGkiOiI3MjdmZmJmNjBjOTA0NjhmYjFiMWZiYzBmODIzMDk0MCIsInVzZXJfaWQiOjEyNX0.OONGX5FvtZV4G1uUIB1sio8GAiFhCbYQEuLFoVkcrUY', '2024-03-04 06:58:47.012+00', '2024-06-02 06:58:47+00', 125, '727ffbf60c90468fb1b1fbc0f8230940');
INSERT INTO public.token_blacklist_outstandingtoken (id, token, created_at, expires_at, user_id, jti) VALUES (135, 'eyJhbGciOiJIUzI1NiIsInR5cCI6IkpXVCJ9.eyJ0b2tlbl90eXBlIjoicmVmcmVzaCIsImV4cCI6MTcxNzMxMTUzMSwiaWF0IjoxNzA5NTM1NTMxLCJqdGkiOiJiYjRjNmZiNzQ4MWU0NGZiYWQyYTBjYWFmNDU5OTQ3ZCIsInVzZXJfaWQiOjExOH0.ZOyZSkzu6joT4_zDJaclnw_jXYD_3TiATK9lalo6v5Q', '2024-03-04 06:58:51.902+00', '2024-06-02 06:58:51+00', 118, 'bb4c6fb7481e44fbad2a0caaf459947d');
INSERT INTO public.token_blacklist_outstandingtoken (id, token, created_at, expires_at, user_id, jti) VALUES (136, 'eyJhbGciOiJIUzI1NiIsInR5cCI6IkpXVCJ9.eyJ0b2tlbl90eXBlIjoicmVmcmVzaCIsImV4cCI6MTcxNzMxMTU2OSwiaWF0IjoxNzA5NTM1NTY5LCJqdGkiOiI1YmY0ZjVhNTQ1NzQ0ZDM5YjM4YzcxZjBlYjM3YzAwZiIsInVzZXJfaWQiOjEyMX0.UfVqPbPjSU6i9UuLwBnpFmwlnupoYKIXgpBDqo_kCLU', '2024-03-04 06:59:29.981+00', '2024-06-02 06:59:29+00', 121, '5bf4f5a545744d39b38c71f0eb37c00f');
INSERT INTO public.token_blacklist_outstandingtoken (id, token, created_at, expires_at, user_id, jti) VALUES (137, 'eyJhbGciOiJIUzI1NiIsInR5cCI6IkpXVCJ9.eyJ0b2tlbl90eXBlIjoicmVmcmVzaCIsImV4cCI6MTcxNzMxMTYwOSwiaWF0IjoxNzA5NTM1NjA5LCJqdGkiOiJlODkwMTQyMzI4Mjk0NTUwYjM2MTlmNzZjNjU4ZmZmZSIsInVzZXJfaWQiOjEzN30.eFieZSMVTWuuJVaiCa2yugsIbfTTrN_W8UHJ7xY88DE', '2024-03-04 07:00:09.667+00', '2024-06-02 07:00:09+00', 137, 'e890142328294550b3619f76c658fffe');
INSERT INTO public.token_blacklist_outstandingtoken (id, token, created_at, expires_at, user_id, jti) VALUES (138, 'eyJhbGciOiJIUzI1NiIsInR5cCI6IkpXVCJ9.eyJ0b2tlbl90eXBlIjoicmVmcmVzaCIsImV4cCI6MTcxNzMxMTY2NSwiaWF0IjoxNzA5NTM1NjY1LCJqdGkiOiJkNGQ5YjliOWZhYTA0OGEyOTQ4NmMwM2IzYzBiMjVjNiIsInVzZXJfaWQiOjEzMH0.rap-ICqTKEluJOvIUVRv5tvWvbL44WOFMDoOuP-ZxD4', '2024-03-04 07:01:05.223+00', '2024-06-02 07:01:05+00', 130, 'd4d9b9b9faa048a29486c03b3c0b25c6');
INSERT INTO public.token_blacklist_outstandingtoken (id, token, created_at, expires_at, user_id, jti) VALUES (139, 'eyJhbGciOiJIUzI1NiIsInR5cCI6IkpXVCJ9.eyJ0b2tlbl90eXBlIjoicmVmcmVzaCIsImV4cCI6MTcxNzMxMTY3MywiaWF0IjoxNzA5NTM1NjczLCJqdGkiOiJmYzkzODQyMTc4MDg0ZjlhYTY3MDQwNWY5YjhlM2Q5NiIsInVzZXJfaWQiOjEyNH0.-M7k7ZXXQcsktKlvzhAHQ3aIw_3ANMV4t8fHyBBongs', '2024-03-04 07:01:13.596+00', '2024-06-02 07:01:13+00', 124, 'fc93842178084f9aa670405f9b8e3d96');
INSERT INTO public.token_blacklist_outstandingtoken (id, token, created_at, expires_at, user_id, jti) VALUES (140, 'eyJhbGciOiJIUzI1NiIsInR5cCI6IkpXVCJ9.eyJ0b2tlbl90eXBlIjoicmVmcmVzaCIsImV4cCI6MTcxNzMxMTY4NCwiaWF0IjoxNzA5NTM1Njg0LCJqdGkiOiJiYTlkYWQwOTI4YzQ0YWI0YjQxYjdjODM2MDlmMzAyMSIsInVzZXJfaWQiOjExOH0.RiVM2VeWGuE7QR5nMmx24vuhvVvsnpiVdWZbqSU8HsI', '2024-03-04 07:01:24.879+00', '2024-06-02 07:01:24+00', 118, 'ba9dad0928c44ab4b41b7c83609f3021');
INSERT INTO public.token_blacklist_outstandingtoken (id, token, created_at, expires_at, user_id, jti) VALUES (141, 'eyJhbGciOiJIUzI1NiIsInR5cCI6IkpXVCJ9.eyJ0b2tlbl90eXBlIjoicmVmcmVzaCIsImV4cCI6MTcxNzMxMTc2NiwiaWF0IjoxNzA5NTM1NzY2LCJqdGkiOiJjN2Y3YmQyOTg3NGM0Y2FhYjlkYzYwZGUwMzA5YmVlNCIsInVzZXJfaWQiOjEzMH0.-tC-NV5wjOKVGDur3zSS7yjmX2ppr4j5jz0s3Re7GeE', '2024-03-04 07:02:46.771+00', '2024-06-02 07:02:46+00', 130, 'c7f7bd29874c4caab9dc60de0309bee4');
INSERT INTO public.token_blacklist_outstandingtoken (id, token, created_at, expires_at, user_id, jti) VALUES (142, 'eyJhbGciOiJIUzI1NiIsInR5cCI6IkpXVCJ9.eyJ0b2tlbl90eXBlIjoicmVmcmVzaCIsImV4cCI6MTcxNzMxMTc3OCwiaWF0IjoxNzA5NTM1Nzc4LCJqdGkiOiIwMGVhZWNkMDgyZDE0ZDc0OTQyYmZmNTUzN2I3NjVmMiIsInVzZXJfaWQiOjEzNn0.HlqnMTjjfQwOSHDPOmg2smBtWw2SN1T12nG4DBDAo9c', '2024-03-04 07:02:58.623+00', '2024-06-02 07:02:58+00', 136, '00eaecd082d14d74942bff5537b765f2');
INSERT INTO public.token_blacklist_outstandingtoken (id, token, created_at, expires_at, user_id, jti) VALUES (143, 'eyJhbGciOiJIUzI1NiIsInR5cCI6IkpXVCJ9.eyJ0b2tlbl90eXBlIjoicmVmcmVzaCIsImV4cCI6MTcxNzMxMTgyMCwiaWF0IjoxNzA5NTM1ODIwLCJqdGkiOiIwMGE5MjRiOTVkYWQ0OGU5ODY1MGRlMTc1ODAzNTVlNSIsInVzZXJfaWQiOjEzMH0.K5VFMSgSAnM8QML-BP2uFuxEUVtFkNOVGeZrVoOShMA', '2024-03-04 07:03:40.288+00', '2024-06-02 07:03:40+00', 130, '00a924b95dad48e98650de17580355e5');
INSERT INTO public.token_blacklist_outstandingtoken (id, token, created_at, expires_at, user_id, jti) VALUES (144, 'eyJhbGciOiJIUzI1NiIsInR5cCI6IkpXVCJ9.eyJ0b2tlbl90eXBlIjoicmVmcmVzaCIsImV4cCI6MTcxNzMxMTkxNywiaWF0IjoxNzA5NTM1OTE3LCJqdGkiOiI3MWIxNzE2NDliOTA0ZGQ0OGQ3NDIwNzY3NzNhNjBmNyIsInVzZXJfaWQiOjEyOH0.tKzeLuIr5nCJNEIDAI-rly-PRt6LbTUyUrIauSRbHog', '2024-03-04 07:05:17.853+00', '2024-06-02 07:05:17+00', 128, '71b171649b904dd48d742076773a60f7');
INSERT INTO public.token_blacklist_outstandingtoken (id, token, created_at, expires_at, user_id, jti) VALUES (145, 'eyJhbGciOiJIUzI1NiIsInR5cCI6IkpXVCJ9.eyJ0b2tlbl90eXBlIjoicmVmcmVzaCIsImV4cCI6MTcxNzMxMTk0MSwiaWF0IjoxNzA5NTM1OTQxLCJqdGkiOiI4NWFlNzMzNmJmYmY0MGY2YWY3NGI0YTJiZDliMTExMyIsInVzZXJfaWQiOjEzNn0.pm31-UZls1Xu6k3_j6C3fg7nG0Bu1KT2Zfx1AG5JXEw', '2024-03-04 07:05:41.828+00', '2024-06-02 07:05:41+00', 136, '85ae7336bfbf40f6af74b4a2bd9b1113');
INSERT INTO public.token_blacklist_outstandingtoken (id, token, created_at, expires_at, user_id, jti) VALUES (146, 'eyJhbGciOiJIUzI1NiIsInR5cCI6IkpXVCJ9.eyJ0b2tlbl90eXBlIjoicmVmcmVzaCIsImV4cCI6MTcxNzMxNDI3OCwiaWF0IjoxNzA5NTM4Mjc4LCJqdGkiOiJkN2NhZGE4MjdlZjc0ZTBhYTNjYTE2NjE1NGQ4OWVmMSIsInVzZXJfaWQiOjM0NH0._lC9VY3Sy9OvMm5Dj-OZQ9MNX8WWYFRm5K9xzPF5YaI', '2024-03-04 07:44:38.797+00', '2024-06-02 07:44:38+00', 344, 'd7cada827ef74e0aa3ca166154d89ef1');
INSERT INTO public.token_blacklist_outstandingtoken (id, token, created_at, expires_at, user_id, jti) VALUES (147, 'eyJhbGciOiJIUzI1NiIsInR5cCI6IkpXVCJ9.eyJ0b2tlbl90eXBlIjoicmVmcmVzaCIsImV4cCI6MTcxNzMxNDI3OCwiaWF0IjoxNzA5NTM4Mjc4LCJqdGkiOiIzYzkwZmEwYjVhYTI0Y2FkOTYyNzZmOTcyMzRlYzZkMyIsInVzZXJfaWQiOjM0NH0.rZJs_Coh-jKPiJIaigcnnNjCmhiu7sbJN03wxMNB60Y', '2024-03-04 07:44:38.801+00', '2024-06-02 07:44:38+00', 344, '3c90fa0b5aa24cad96276f97234ec6d3');
INSERT INTO public.token_blacklist_outstandingtoken (id, token, created_at, expires_at, user_id, jti) VALUES (148, 'eyJhbGciOiJIUzI1NiIsInR5cCI6IkpXVCJ9.eyJ0b2tlbl90eXBlIjoicmVmcmVzaCIsImV4cCI6MTcxNzAwMTQ3OCwiaWF0IjoxNzA5MjI1NDc4LCJqdGkiOiJiOGExNDNjOGQ3MDY0ZTg2YjdjODVjODYyOTAxMWNlNCIsInVzZXJfaWQiOjE2OCwib2JqIjp7ImlkIjoyLCJwcm9maWxlIjp7Im5hbWUiOiJNYW5hdiBTaGFoIiwiZW1haWwiOiJtYW5hdjEwMTFAbW52LWRldi5saXZlIiwicm9sZSI6ImFkbWluIn0sImJyYW5jaCI6eyJicmFuY2hfbmFtZSI6IkNvbXB1dGVyIEVuZ2luZWVyaW5nIC0gQkUiLCJicmFuY2hfY29kZSI6IjciLCJzbHVnIjoiMTE5MTQ3XzE3MDg5MzU4OTciLCJjb2xsZWdlIjp7ImNvbGxlZ2VfbmFtZSI6IkwuRC4gY29sbGVnZSBvZiBlbmdpbmVlcmluZyIsInNsdWciOiI3NzE4ODZfMTcwODkyODM1OSJ9fX19.tYf8Sg_bXSQC_24yiMdwtJkmahlcp0v9obWLkkynyCM', NULL, '2024-05-29 16:51:18+00', NULL, 'b8a143c8d7064e86b7c85c8629011ce4');
INSERT INTO public.token_blacklist_outstandingtoken (id, token, created_at, expires_at, user_id, jti) VALUES (149, 'eyJhbGciOiJIUzI1NiIsInR5cCI6IkpXVCJ9.eyJ0b2tlbl90eXBlIjoicmVmcmVzaCIsImV4cCI6MTcxNzMwNTMwOCwiaWF0IjoxNzA5NTI5MzA4LCJqdGkiOiI1MWU4ODNiNmNhOTI0ZmU2ODRiOWY1NmY2YmFjMzQwMyIsInVzZXJfaWQiOjQsIm9iaiI6eyJzbHVnIjoiMTA0MTUwXzE3MDg5MzAyNjEiLCJwcm9maWxlIjp7Im5hbWUiOiJEci4gQ0hBTkRVTEFMIFZJVEhBTEFOSSIsImVtYWlsIjoiY2h2aXRoYWxhbmlAbGRjZS5hYy5pbiIsInJvbGUiOiJ0ZWFjaGVyIn0sImJyYW5jaCI6eyJicmFuY2hfbmFtZSI6IkVsZWN0cm9uaWNzIEFuZCBDb21tdW5pY2F0aW9uIC0gQkUiLCJicmFuY2hfY29kZSI6IjExIiwic2x1ZyI6IjEwNjkyNl8xNzA4OTI4NDAxIiwiY29sbGVnZSI6eyJjb2xsZWdlX25hbWUiOiJMLkQuIGNvbGxlZ2Ugb2YgZW5naW5lZXJpbmciLCJzbHVnIjoiNzcxODg2XzE3MDg5MjgzNTkifX19fQ.j--qf5ebsL_i6YHZ8uFeAsHLlF2TtKuYwIvLPZe7Lzo', NULL, '2024-06-02 05:15:08+00', NULL, '51e883b6ca924fe684b9f56f6bac3403');
INSERT INTO public.token_blacklist_outstandingtoken (id, token, created_at, expires_at, user_id, jti) VALUES (170, 'eyJhbGciOiJIUzI1NiIsInR5cCI6IkpXVCJ9.eyJ0b2tlbl90eXBlIjoicmVmcmVzaCIsImV4cCI6MTcxNzQwNzI1MywiaWF0IjoxNzA5NjMxMjUzLCJqdGkiOiJhMGRmNGFiMDFmZDA0NmJkOGU4Mjc4MTg1YmJiZTA0OCIsInVzZXJfaWQiOjIwM30.IPrniOSOo6VcfXHL2a5xlOiDysxebe9RjpgZIoAC2jA', '2024-03-05 09:34:13.156+00', '2024-06-03 09:34:13+00', 203, 'a0df4ab01fd046bd8e8278185bbbe048');
INSERT INTO public.token_blacklist_outstandingtoken (id, token, created_at, expires_at, user_id, jti) VALUES (150, 'eyJhbGciOiJIUzI1NiIsInR5cCI6IkpXVCJ9.eyJ0b2tlbl90eXBlIjoicmVmcmVzaCIsImV4cCI6MTcxNzM1MTg1NCwiaWF0IjoxNzA5NTc1ODU0LCJqdGkiOiI1YzRlZjViNjM0OTE0NTA1OWY3N2I2ZDVlMzgxODBmMCIsInVzZXJfaWQiOjQsIm9iaiI6eyJzbHVnIjoiMTA0MTUwXzE3MDg5MzAyNjEiLCJwcm9maWxlIjp7Im5hbWUiOiJEci4gQ0hBTkRVTEFMIFZJVEhBTEFOSSIsImVtYWlsIjoiY2h2aXRoYWxhbmlAbGRjZS5hYy5pbiIsInJvbGUiOiJ0ZWFjaGVyIn0sImJyYW5jaCI6eyJicmFuY2hfbmFtZSI6IkVsZWN0cm9uaWNzIEFuZCBDb21tdW5pY2F0aW9uIC0gQkUiLCJicmFuY2hfY29kZSI6IjExIiwic2x1ZyI6IjEwNjkyNl8xNzA4OTI4NDAxIiwiY29sbGVnZSI6eyJjb2xsZWdlX25hbWUiOiJMLkQuIGNvbGxlZ2Ugb2YgZW5naW5lZXJpbmciLCJzbHVnIjoiNzcxODg2XzE3MDg5MjgzNTkifX19fQ.tspiS86hhAfMR5MT3BqWG_bWBuDsOu7C0E-F9unF-TM', NULL, '2024-06-02 18:10:54+00', NULL, '5c4ef5b6349145059f77b6d5e38180f0');
INSERT INTO public.token_blacklist_outstandingtoken (id, token, created_at, expires_at, user_id, jti) VALUES (151, 'eyJhbGciOiJIUzI1NiIsInR5cCI6IkpXVCJ9.eyJ0b2tlbl90eXBlIjoicmVmcmVzaCIsImV4cCI6MTcxNzM1MTg3NSwiaWF0IjoxNzA5NTc1ODc1LCJqdGkiOiIyYWFjZmI4OGYwMTM0MTBlODgwZTM5MDBmZTMxYmI3YiIsInVzZXJfaWQiOjF9.hX2TwaXMkqyj9f9ntQb2XEiacTFAlvJ-G_KlcmKfTHo', '2024-03-04 18:11:15.76+00', '2024-06-02 18:11:15+00', 1, '2aacfb88f013410e880e3900fe31bb7b');
INSERT INTO public.token_blacklist_outstandingtoken (id, token, created_at, expires_at, user_id, jti) VALUES (152, 'eyJhbGciOiJIUzI1NiIsInR5cCI6IkpXVCJ9.eyJ0b2tlbl90eXBlIjoicmVmcmVzaCIsImV4cCI6MTcxNzM1MTkzNywiaWF0IjoxNzA5NTc1OTM3LCJqdGkiOiJkMGNkZTVmNTExMWU0MzM5ODhiNDgxZTBmMmE5MmU3ZCIsInVzZXJfaWQiOjIwNH0.OxhjkwMan9LtN2Pc-73--SDS5pEViKNwPwpUirHAnxE', '2024-03-04 18:12:17.633+00', '2024-06-02 18:12:17+00', 204, 'd0cde5f5111e433988b481e0f2a92e7d');
INSERT INTO public.token_blacklist_outstandingtoken (id, token, created_at, expires_at, user_id, jti) VALUES (153, 'eyJhbGciOiJIUzI1NiIsInR5cCI6IkpXVCJ9.eyJ0b2tlbl90eXBlIjoicmVmcmVzaCIsImV4cCI6MTcxNzIzMjAyMiwiaWF0IjoxNzA5NDU2MDIyLCJqdGkiOiIyZmM5M2Q0NDkwMTE0Nzk2YjllOTUzOGE2ODVjMmJhNyIsInVzZXJfaWQiOjE5Mywib2JqIjp7InNsdWciOiI2MDA2ODJfMTcwODkzNjY4OSIsInByb2ZpbGUiOnsibmFtZSI6IkhhcnNoIE5hdHdhcmJoYWkgUGFybWFyIiwiZW1haWwiOiJwYXJtYXJoYXJzaDkwMUBnbWFpbC5jb20iLCJyb2xlIjoic3R1ZGVudCJ9LCJicmFuY2giOnsiYnJhbmNoX25hbWUiOiJDb21wdXRlciBFbmdpbmVlcmluZyAtIEJFIiwiYnJhbmNoX2NvZGUiOiI3Iiwic2x1ZyI6IjExOTE0N18xNzA4OTM1ODk3IiwiY29sbGVnZSI6eyJjb2xsZWdlX25hbWUiOiJMLkQuIGNvbGxlZ2Ugb2YgZW5naW5lZXJpbmciLCJzbHVnIjoiNzcxODg2XzE3MDg5MjgzNTkifX0sInNyX25vIjoyNSwiZW5yb2xsbWVudCI6IjIyMDI4MzEwNzAxOSJ9fQ.ep4uot5kdZARbxpz592Zvj2TNgK2PGyMN5VwuVWm_sQ', NULL, '2024-06-01 08:53:42+00', NULL, '2fc93d4490114796b9e9538a685c2ba7');
INSERT INTO public.token_blacklist_outstandingtoken (id, token, created_at, expires_at, user_id, jti) VALUES (154, 'eyJhbGciOiJIUzI1NiIsInR5cCI6IkpXVCJ9.eyJ0b2tlbl90eXBlIjoicmVmcmVzaCIsImV4cCI6MTcxNzM1MTk5MCwiaWF0IjoxNzA5NTc1OTkwLCJqdGkiOiJkZDcyOTg5NGIxMGI0Yjg0YjQxOTIyZDBhZDFlZWE5NCIsInVzZXJfaWQiOjM0MX0.WYz6AVqB8DBfXWHCbn7sTi6BTQnFpzu76GNiSwogqM8', '2024-03-04 18:13:10.944+00', '2024-06-02 18:13:10+00', 341, 'dd729894b10b4b84b41922d0ad1eea94');
INSERT INTO public.token_blacklist_outstandingtoken (id, token, created_at, expires_at, user_id, jti) VALUES (155, 'eyJhbGciOiJIUzI1NiIsInR5cCI6IkpXVCJ9.eyJ0b2tlbl90eXBlIjoicmVmcmVzaCIsImV4cCI6MTcxNzM1MTk5MCwiaWF0IjoxNzA5NTc1OTkwLCJqdGkiOiI4NzY0ZDljZDBmMWE0NzVjODdmY2MwMmQ3NWQ4MDA3MyIsInVzZXJfaWQiOjE5M30.1FFA2-u6iGt9rrgRwhC1oU2I2940AmeBwhqFDWrZIxM', '2024-03-04 18:13:10.976+00', '2024-06-02 18:13:10+00', 193, '8764d9cd0f1a475c87fcc02d75d80073');
INSERT INTO public.token_blacklist_outstandingtoken (id, token, created_at, expires_at, user_id, jti) VALUES (156, 'eyJhbGciOiJIUzI1NiIsInR5cCI6IkpXVCJ9.eyJ0b2tlbl90eXBlIjoicmVmcmVzaCIsImV4cCI6MTcxNzM1MjE4NywiaWF0IjoxNzA5NTc2MTg3LCJqdGkiOiI3MzQ3YzFhYTdlZDc0ZWIzOTNjY2IzNjA0ZmQ5NGY0YyIsInVzZXJfaWQiOjIwNH0.9Iwruea65F2Yxvl-JzzhBN_5gI_XPtb8K3BBjc7QMEM', '2024-03-04 18:16:27.804+00', '2024-06-02 18:16:27+00', 204, '7347c1aa7ed74eb393ccb3604fd94f4c');
INSERT INTO public.token_blacklist_outstandingtoken (id, token, created_at, expires_at, user_id, jti) VALUES (157, 'eyJhbGciOiJIUzI1NiIsInR5cCI6IkpXVCJ9.eyJ0b2tlbl90eXBlIjoicmVmcmVzaCIsImV4cCI6MTcxNzM1MjU2NywiaWF0IjoxNzA5NTc2NTY3LCJqdGkiOiI0ODM4MDQyNDQzNjA0OGJjODU0OWQzOWM2ZmM2YzlkZCIsInVzZXJfaWQiOjIwNH0.K7s58Kge0Q5JtM008O29Rheg32_o61T-ObooSEETRwo', '2024-03-04 18:22:47.874+00', '2024-06-02 18:22:47+00', 204, '48380424436048bc8549d39c6fc6c9dd');
INSERT INTO public.token_blacklist_outstandingtoken (id, token, created_at, expires_at, user_id, jti) VALUES (158, 'eyJhbGciOiJIUzI1NiIsInR5cCI6IkpXVCJ9.eyJ0b2tlbl90eXBlIjoicmVmcmVzaCIsImV4cCI6MTcxNzM1Mjk0NywiaWF0IjoxNzA5NTc2OTQ3LCJqdGkiOiJkYTE5YTU5MTE4OTI0YzJjODkxOTJkOGQxZGE1YzE4YiIsInVzZXJfaWQiOjM0NX0.-gHg9ybLQZqHDjmWRrjRxilr9PRfHoPlZMJmRNdfV7w', '2024-03-04 18:29:07.728+00', '2024-06-02 18:29:07+00', 345, 'da19a59118924c2c89192d8d1da5c18b');
INSERT INTO public.token_blacklist_outstandingtoken (id, token, created_at, expires_at, user_id, jti) VALUES (159, 'eyJhbGciOiJIUzI1NiIsInR5cCI6IkpXVCJ9.eyJ0b2tlbl90eXBlIjoicmVmcmVzaCIsImV4cCI6MTcxNzM1NTE4MSwiaWF0IjoxNzA5NTc5MTgxLCJqdGkiOiIzYTgwYzY3Y2VhZWQ0Mjg0YjAwYmJiMDEwZjZmODg3YiIsInVzZXJfaWQiOjM0NX0.N1wg4MORU3b2vK2O9GRoaayIupJACVRt-OdDUM0--EM', '2024-03-04 19:06:21.87+00', '2024-06-02 19:06:21+00', 345, '3a80c67ceaed4284b00bbb010f6f887b');
INSERT INTO public.token_blacklist_outstandingtoken (id, token, created_at, expires_at, user_id, jti) VALUES (160, 'eyJhbGciOiJIUzI1NiIsInR5cCI6IkpXVCJ9.eyJ0b2tlbl90eXBlIjoicmVmcmVzaCIsImV4cCI6MTcxNzQwNDU3OSwiaWF0IjoxNzA5NjI4NTc5LCJqdGkiOiJlNTI0YTk2Njc3YjA0NjE1OGExMzQ2Mzk1NTNlMDAxMiIsInVzZXJfaWQiOjE2OH0.7kxaAsAH6mxDf90SyUBe7az-UBm3uYOL3XVKFMcQWzE', '2024-03-05 08:49:39.76+00', '2024-06-03 08:49:39+00', 168, 'e524a96677b046158a134639553e0012');
INSERT INTO public.token_blacklist_outstandingtoken (id, token, created_at, expires_at, user_id, jti) VALUES (161, 'eyJhbGciOiJIUzI1NiIsInR5cCI6IkpXVCJ9.eyJ0b2tlbl90eXBlIjoicmVmcmVzaCIsImV4cCI6MTcxNzQwNDk1NywiaWF0IjoxNzA5NjI4OTU3LCJqdGkiOiJjOTRhY2IzYmVjYjI0ZTg5YmU5NjA2ZjY1MTUyNDY4MSIsInVzZXJfaWQiOjE4NX0.Cnzv_ixVFoOfZv2OGJ65OP9BCUz36JIOmPkgGscVq8Q', '2024-03-05 08:55:57.529+00', '2024-06-03 08:55:57+00', 185, 'c94acb3becb24e89be9606f651524681');
INSERT INTO public.token_blacklist_outstandingtoken (id, token, created_at, expires_at, user_id, jti) VALUES (162, 'eyJhbGciOiJIUzI1NiIsInR5cCI6IkpXVCJ9.eyJ0b2tlbl90eXBlIjoicmVmcmVzaCIsImV4cCI6MTcxNzQwNjg2MywiaWF0IjoxNzA5NjMwODYzLCJqdGkiOiIwOGRjZDdlNjJkZjI0OGQ0YWVlYWMxOTYxNTVkZDI4NSIsInVzZXJfaWQiOjM0Nn0.uRVfaubm_AT6cD55nAylHYt_aMnD4H1tk4y4yMsZJz4', '2024-03-05 09:27:43.389+00', '2024-06-03 09:27:43+00', 346, '08dcd7e62df248d4aeeac196155dd285');
INSERT INTO public.token_blacklist_outstandingtoken (id, token, created_at, expires_at, user_id, jti) VALUES (163, 'eyJhbGciOiJIUzI1NiIsInR5cCI6IkpXVCJ9.eyJ0b2tlbl90eXBlIjoicmVmcmVzaCIsImV4cCI6MTcxNzQwNjkzNywiaWF0IjoxNzA5NjMwOTM3LCJqdGkiOiIyMDE3ZTdjODg0YmE0MmU3OThhYzUyNzYzZjI1ZDFhZiIsInVzZXJfaWQiOjM0MX0.2THulqMpnX1w-Q3YA5yt3Uf-Xq0onuPrNxCGev68_Hw', '2024-03-05 09:28:57.723+00', '2024-06-03 09:28:57+00', 341, '2017e7c884ba42e798ac52763f25d1af');
INSERT INTO public.token_blacklist_outstandingtoken (id, token, created_at, expires_at, user_id, jti) VALUES (164, 'eyJhbGciOiJIUzI1NiIsInR5cCI6IkpXVCJ9.eyJ0b2tlbl90eXBlIjoicmVmcmVzaCIsImV4cCI6MTcxNzQwNzAyMCwiaWF0IjoxNzA5NjMxMDIwLCJqdGkiOiIxYzc5NTZmMjdhMTY0NDU4OGFlZmNjZDE4NDI5M2JiNyIsInVzZXJfaWQiOjE4MH0.IWXsks2VQaDH_wJo1au-tvuOl_sy99IlJalCAHdPVuE', '2024-03-05 09:30:20.778+00', '2024-06-03 09:30:20+00', 180, '1c7956f27a1644588aefccd184293bb7');
INSERT INTO public.token_blacklist_outstandingtoken (id, token, created_at, expires_at, user_id, jti) VALUES (165, 'eyJhbGciOiJIUzI1NiIsInR5cCI6IkpXVCJ9.eyJ0b2tlbl90eXBlIjoicmVmcmVzaCIsImV4cCI6MTcxNzQwNzAyNCwiaWF0IjoxNzA5NjMxMDI0LCJqdGkiOiI0OThhZWYxMTM2MWU0ZWE0YjE1YzJmMGRjN2JlMWZhZSIsInVzZXJfaWQiOjIwNH0.3KIyD9PZaXS4j67g4OVyFrbIz2etxjK_bSaz_P2zAtQ', '2024-03-05 09:30:24.974+00', '2024-06-03 09:30:24+00', 204, '498aef11361e4ea4b15c2f0dc7be1fae');
INSERT INTO public.token_blacklist_outstandingtoken (id, token, created_at, expires_at, user_id, jti) VALUES (166, 'eyJhbGciOiJIUzI1NiIsInR5cCI6IkpXVCJ9.eyJ0b2tlbl90eXBlIjoicmVmcmVzaCIsImV4cCI6MTcxNzA3NDY2OSwiaWF0IjoxNzA5Mjk4NjY5LCJqdGkiOiI4ZTc4NzQ0ZDE5N2I0OTU3OGY4ZjdhNDM1YWJjZDZjOSIsInVzZXJfaWQiOjE5NSwib2JqIjp7InNsdWciOiIzMDc3NTJfMTcwODkzNjY5MCIsInByb2ZpbGUiOnsibmFtZSI6IkNoZXJpc2ggUGF0ZWwiLCJlbWFpbCI6ImNoZXJpc2hwYXRlbDY4MDFAZ21haWwuY29tIiwicm9sZSI6InN0dWRlbnQifSwiYnJhbmNoIjp7ImJyYW5jaF9uYW1lIjoiQ29tcHV0ZXIgRW5naW5lZXJpbmcgLSBCRSIsImJyYW5jaF9jb2RlIjo3LCJzbHVnIjoiMTE5MTQ3XzE3MDg5MzU4OTciLCJjb2xsZWdlIjp7ImNvbGxlZ2VfbmFtZSI6IkwuRC4gY29sbGVnZSBvZiBlbmdpbmVlcmluZyIsInNsdWciOiI3NzE4ODZfMTcwODkyODM1OSJ9fSwic3Jfbm8iOjI3LCJlbnJvbGxtZW50IjoiMjIwMjgzMTA3MDIyIn19.jg0t6egPbeUfOSKnWmEMb5FmW84LRpgZtTT4YHcpyFg', NULL, '2024-05-30 13:11:09+00', NULL, '8e78744d197b49578f8f7a435abcd6c9');
INSERT INTO public.token_blacklist_outstandingtoken (id, token, created_at, expires_at, user_id, jti) VALUES (167, 'eyJhbGciOiJIUzI1NiIsInR5cCI6IkpXVCJ9.eyJ0b2tlbl90eXBlIjoicmVmcmVzaCIsImV4cCI6MTcxNzQwNzA3NCwiaWF0IjoxNzA5NjMxMDc0LCJqdGkiOiI1MTEyNGNjMTE3YmY0OWRkOTE1Y2ExMTM4MGQ5ZWNiMCIsInVzZXJfaWQiOjIwM30.0s63hJUY40g43WfcJUBjmGglRdEZhF-Butf4l9TGNPE', '2024-03-05 09:31:14.539+00', '2024-06-03 09:31:14+00', 203, '51124cc117bf49dd915ca11380d9ecb0');
INSERT INTO public.token_blacklist_outstandingtoken (id, token, created_at, expires_at, user_id, jti) VALUES (168, 'eyJhbGciOiJIUzI1NiIsInR5cCI6IkpXVCJ9.eyJ0b2tlbl90eXBlIjoicmVmcmVzaCIsImV4cCI6MTcxNzQwNzEzNCwiaWF0IjoxNzA5NjMxMTM0LCJqdGkiOiI0NDAzNzQ4ODU3MTg0NjhkYTgxMTg2YjY5NmJjNzUxNSIsInVzZXJfaWQiOjIwN30.jnRQyRh6capkuLCu56-HRXKeOStzDjBPDlvnFosE2lU', '2024-03-05 09:32:14.214+00', '2024-06-03 09:32:14+00', 207, '440374885718468da81186b696bc7515');
INSERT INTO public.token_blacklist_outstandingtoken (id, token, created_at, expires_at, user_id, jti) VALUES (169, 'eyJhbGciOiJIUzI1NiIsInR5cCI6IkpXVCJ9.eyJ0b2tlbl90eXBlIjoicmVmcmVzaCIsImV4cCI6MTcxNzQwNzEzNiwiaWF0IjoxNzA5NjMxMTM2LCJqdGkiOiIyYzBjYzQwODZiYWU0MTBkYWQwYTMwOWFmMjM0ZTdmNyIsInVzZXJfaWQiOjM0NX0.nfPuT4IiLL34iAMSK3j7xTcC5jIf0oY1W19xTwfHuEE', '2024-03-05 09:32:16.013+00', '2024-06-03 09:32:16+00', 345, '2c0cc4086bae410dad0a309af234e7f7');
INSERT INTO public.token_blacklist_outstandingtoken (id, token, created_at, expires_at, user_id, jti) VALUES (171, 'eyJhbGciOiJIUzI1NiIsInR5cCI6IkpXVCJ9.eyJ0b2tlbl90eXBlIjoicmVmcmVzaCIsImV4cCI6MTcxNjAzMTUwMSwiaWF0IjoxNzA4MjU1NTAxLCJqdGkiOiJlOTIwM2QxNjI2ZDU0ZTE4YjQ2MDVjOGM2ZDA3MWJkNSIsInVzZXJfaWQiOjI3Miwib2JqIjp7InNsdWciOiIxMzUzNDFfMTcwNzgxMjI0MSIsInByb2ZpbGUiOnsibmFtZSI6Ik1hbmF2IEthdXNoYWxrdW1hciBTaGFoIiwiZW1haWwiOiIyMmNzbWFuMDMzQGxkY2UuYWMuaW4iLCJwaF9ubyI6bnVsbCwicm9sZSI6InN0dWRlbnQifSwiYnJhbmNoIjp7ImJyYW5jaF9uYW1lIjoiQ29tcHV0ZXIgRW5naW5lZXJpbmciLCJicmFuY2hfY29kZSI6Nywic2x1ZyI6IjIzOTQ1OV8xNzA3ODAzMjI4IiwiY29sbGVnZSI6eyJjb2xsZWdlX25hbWUiOiJMLkQuIGNvbGxlZ2Ugb2YgZW5naW5lZXJpbmciLCJzbHVnIjoiMzI1ODY2XzE3MDc3MzMxODQifX0sInNyX25vIjozNiwiZW5yb2xsbWVudCI6IjIyMDI4MzEwNzAzMyJ9fQ.ExtKKWA3433LmMSvmlWVQumlZEjnWO-VgGGGvNzN6b8', NULL, '2024-05-18 11:25:01+00', NULL, 'e9203d1626d54e18b4605c8c6d071bd5');
INSERT INTO public.token_blacklist_outstandingtoken (id, token, created_at, expires_at, user_id, jti) VALUES (172, 'eyJhbGciOiJIUzI1NiIsInR5cCI6IkpXVCJ9.eyJ0b2tlbl90eXBlIjoicmVmcmVzaCIsImV4cCI6MTcxNzQwNzI4MCwiaWF0IjoxNzA5NjMxMjgwLCJqdGkiOiJmNjRiMGMzMzNkMzI0YTAyOTliMzhhMTJhODlkY2U2NiIsInVzZXJfaWQiOjI3Miwib2JqIjp7InNsdWciOiIxMzUzNDFfMTcwNzgxMjI0MSIsInByb2ZpbGUiOnsibmFtZSI6Ik1hbmF2IEthdXNoYWxrdW1hciBTaGFoIiwiZW1haWwiOiIyMmNzbWFuMDMzQGxkY2UuYWMuaW4iLCJwaF9ubyI6bnVsbCwicm9sZSI6InN0dWRlbnQifSwiYnJhbmNoIjp7ImJyYW5jaF9uYW1lIjoiQ29tcHV0ZXIgRW5naW5lZXJpbmciLCJicmFuY2hfY29kZSI6Nywic2x1ZyI6IjIzOTQ1OV8xNzA3ODAzMjI4IiwiY29sbGVnZSI6eyJjb2xsZWdlX25hbWUiOiJMLkQuIGNvbGxlZ2Ugb2YgZW5naW5lZXJpbmciLCJzbHVnIjoiMzI1ODY2XzE3MDc3MzMxODQifX0sInNyX25vIjozNiwiZW5yb2xsbWVudCI6IjIyMDI4MzEwNzAzMyJ9fQ.pIawFEGNnzXkhQNoTcPvTmHAPOa9ucFRSo5FMqGAPuE', NULL, '2024-06-03 09:34:40+00', NULL, 'f64b0c333d324a0299b38a12a89dce66');
INSERT INTO public.token_blacklist_outstandingtoken (id, token, created_at, expires_at, user_id, jti) VALUES (173, 'eyJhbGciOiJIUzI1NiIsInR5cCI6IkpXVCJ9.eyJ0b2tlbl90eXBlIjoicmVmcmVzaCIsImV4cCI6MTcxNzQwNzMyMiwiaWF0IjoxNzA5NjMxMzIyLCJqdGkiOiI1ZThhOTJhMWUyZjg0YTY0YjRlYjE0OTBiYmY0OTFlMiIsInVzZXJfaWQiOjM0NX0.P5uu6-iwioKv6qdx2y8VZ_gtVXoPz8OpsbtmTKV-cNQ', '2024-03-05 09:35:22.756+00', '2024-06-03 09:35:22+00', 345, '5e8a92a1e2f84a64b4eb1490bbf491e2');
INSERT INTO public.token_blacklist_outstandingtoken (id, token, created_at, expires_at, user_id, jti) VALUES (174, 'eyJhbGciOiJIUzI1NiIsInR5cCI6IkpXVCJ9.eyJ0b2tlbl90eXBlIjoicmVmcmVzaCIsImV4cCI6MTcxNzQwNzgwMSwiaWF0IjoxNzA5NjMxODAxLCJqdGkiOiJhMjk3NGNlYTQ3ZDk0YTBhYmI3MTA4MTFjYzEyNjc3ZCIsInVzZXJfaWQiOjIwM30.rJCf45TZtKDHXdEHfe1HHI93qqeIMdeNoqAmfd4w8Ig', '2024-03-05 09:43:21.953+00', '2024-06-03 09:43:21+00', 203, 'a2974cea47d94a0abb710811cc12677d');
INSERT INTO public.token_blacklist_outstandingtoken (id, token, created_at, expires_at, user_id, jti) VALUES (175, 'eyJhbGciOiJIUzI1NiIsInR5cCI6IkpXVCJ9.eyJ0b2tlbl90eXBlIjoicmVmcmVzaCIsImV4cCI6MTcxNzQwOTY2OCwiaWF0IjoxNzA5NjMzNjY4LCJqdGkiOiI2MWEyOThkYjQ1NzQ0Y2U2OTcyYzMzMzQxNDZmMjVjMyIsInVzZXJfaWQiOjIwNH0.lX0t-Gx_h2mJG19SyMRGNvb1u1YnL6apzJab5AMKR70', '2024-03-05 10:14:28.931+00', '2024-06-03 10:14:28+00', 204, '61a298db45744ce6972c3334146f25c3');
INSERT INTO public.token_blacklist_outstandingtoken (id, token, created_at, expires_at, user_id, jti) VALUES (176, 'eyJhbGciOiJIUzI1NiIsInR5cCI6IkpXVCJ9.eyJ0b2tlbl90eXBlIjoicmVmcmVzaCIsImV4cCI6MTcxNzQwMjI3NCwiaWF0IjoxNzA5NjI2Mjc0LCJqdGkiOiJkNGYwOTI2MjZjZjE0YzAzYTI0MTFjNzNjZDAxMTk2YyIsInVzZXJfaWQiOjYsIm9iaiI6eyJzbHVnIjoiMjExMzUzXzE3MDc3NTA4ODAiLCJwcm9maWxlIjp7Im5hbWUiOiJBbnRhcmlrc2ggTmF5YW5rdW1hciBEYXZlIiwiZW1haWwiOiJhbnRhcmlrc2hAZ21haWwuY29tIiwicm9sZSI6InN0dWRlbnQifSwiYnJhbmNoIjp7ImJyYW5jaF9uYW1lIjoiRWxlY3Ryb25pY3MgQW5kIENvbW11bmljYXRpb24iLCJicmFuY2hfY29kZSI6MTEsInNsdWciOiIyNzcwNjlfMTcwNzczMzIxMSIsImNvbGxlZ2UiOnsiY29sbGVnZV9uYW1lIjoiTC5ELiBjb2xsZWdlIG9mIGVuZ2luZWVyaW5nIiwic2x1ZyI6IjMyNTg2Nl8xNzA3NzMzMTg0In19LCJzcl9ubyI6NDExMDAyLCJlbnJvbGxtZW50IjoiMjIwMjgwMTExMDA1In19.5635jArBvmKRyTay0wZYUpxRIDBvk7EbLUe56HRO3Zw', NULL, '2024-06-03 08:11:14+00', NULL, 'd4f092626cf14c03a2411c73cd01196c');
INSERT INTO public.token_blacklist_outstandingtoken (id, token, created_at, expires_at, user_id, jti) VALUES (177, 'eyJhbGciOiJIUzI1NiIsInR5cCI6IkpXVCJ9.eyJ0b2tlbl90eXBlIjoicmVmcmVzaCIsImV4cCI6MTcxNzQxNjQ1MywiaWF0IjoxNzA5NjQwNDUzLCJqdGkiOiIyMjM1MTJlMDQ5OWQ0ZDg4YWFkMGNmM2U1YWE2ZjY4MCIsInVzZXJfaWQiOjYsIm9iaiI6eyJzbHVnIjoiMjExMzUzXzE3MDc3NTA4ODAiLCJwcm9maWxlIjp7Im5hbWUiOiJBbnRhcmlrc2ggTmF5YW5rdW1hciBEYXZlIiwiZW1haWwiOiJhbnRhcmlrc2hAZ21haWwuY29tIiwicm9sZSI6InN0dWRlbnQifSwiYnJhbmNoIjp7ImJyYW5jaF9uYW1lIjoiRWxlY3Ryb25pY3MgQW5kIENvbW11bmljYXRpb24iLCJicmFuY2hfY29kZSI6MTEsInNsdWciOiIyNzcwNjlfMTcwNzczMzIxMSIsImNvbGxlZ2UiOnsiY29sbGVnZV9uYW1lIjoiTC5ELiBjb2xsZWdlIG9mIGVuZ2luZWVyaW5nIiwic2x1ZyI6IjMyNTg2Nl8xNzA3NzMzMTg0In19LCJzcl9ubyI6NDExMDAyLCJlbnJvbGxtZW50IjoiMjIwMjgwMTExMDA1In19.l_Cqb6ZCubnWl8Pvez4w-70wUlHm_qDveVHCousH4e4', NULL, '2024-06-03 12:07:33+00', NULL, '223512e0499d4d88aad0cf3e5aa6f680');
INSERT INTO public.token_blacklist_outstandingtoken (id, token, created_at, expires_at, user_id, jti) VALUES (178, 'eyJhbGciOiJIUzI1NiIsInR5cCI6IkpXVCJ9.eyJ0b2tlbl90eXBlIjoicmVmcmVzaCIsImV4cCI6MTcxNzQxNjUwNSwiaWF0IjoxNzA5NjQwNTA1LCJqdGkiOiJlN2FiNTBhNDdhNDI0YzBhYTdiMGJlNjg3YzAxOTIxNyIsInVzZXJfaWQiOjF9.LjNfvJN2XLzEmkQmWNsxyDBeW2xcDSw6cUN5QMX_--Q', '2024-03-05 12:08:25.678+00', '2024-06-03 12:08:25+00', 1, 'e7ab50a47a424c0aa7b0be687c019217');
INSERT INTO public.token_blacklist_outstandingtoken (id, token, created_at, expires_at, user_id, jti) VALUES (179, 'eyJhbGciOiJIUzI1NiIsInR5cCI6IkpXVCJ9.eyJ0b2tlbl90eXBlIjoicmVmcmVzaCIsImV4cCI6MTcxNzQxNjU1MiwiaWF0IjoxNzA5NjQwNTUyLCJqdGkiOiJjNmE0YTY1MDRiMzQ0Y2JjOGQ4OTgyNjM3NDBkMTBmNiIsInVzZXJfaWQiOjM0NX0.Q3UiIaDvLAwdyy1dTa9I-eCeQSMFSvmmzeHcXVsQ7eE', '2024-03-05 12:09:12.894+00', '2024-06-03 12:09:12+00', 345, 'c6a4a6504b344cbc8d898263740d10f6');
INSERT INTO public.token_blacklist_outstandingtoken (id, token, created_at, expires_at, user_id, jti) VALUES (180, 'eyJhbGciOiJIUzI1NiIsInR5cCI6IkpXVCJ9.eyJ0b2tlbl90eXBlIjoicmVmcmVzaCIsImV4cCI6MTcxNzQxNjc5OCwiaWF0IjoxNzA5NjQwNzk4LCJqdGkiOiJlY2NjYjZlMmM0ZGM0NzRiOGNmMWYzZmM3OGQ5ZWNjMSIsInVzZXJfaWQiOjIwNH0.0ycDFIJxWiTHzq81GQB7XitEJ71k1pTDod0Xg29xwwQ', '2024-03-05 12:13:18.571+00', '2024-06-03 12:13:18+00', 204, 'ecccb6e2c4dc474b8cf1f3fc78d9ecc1');
INSERT INTO public.token_blacklist_outstandingtoken (id, token, created_at, expires_at, user_id, jti) VALUES (181, 'eyJhbGciOiJIUzI1NiIsInR5cCI6IkpXVCJ9.eyJ0b2tlbl90eXBlIjoicmVmcmVzaCIsImV4cCI6MTcxNzQxNzM3MCwiaWF0IjoxNzA5NjQxMzcwLCJqdGkiOiJjY2MwMGMxOTRiNjQ0ZTZhOTMxNDcwM2UyN2ZjOGNiZiIsInVzZXJfaWQiOjE5M30.5A99Eaj_NXa1lf9cAxQmnMvZrzCL0HhIEymCUciS2L4', '2024-03-05 12:22:50.362+00', '2024-06-03 12:22:50+00', 193, 'ccc00c194b644e6a9314703e27fc8cbf');
INSERT INTO public.token_blacklist_outstandingtoken (id, token, created_at, expires_at, user_id, jti) VALUES (182, 'eyJhbGciOiJIUzI1NiIsInR5cCI6IkpXVCJ9.eyJ0b2tlbl90eXBlIjoicmVmcmVzaCIsImV4cCI6MTcxNzQxOTcxOCwiaWF0IjoxNzA5NjQzNzE4LCJqdGkiOiJmMDlmNzMyOWE1ZGI0ZDA2YmFkODM5ODIzYzg5M2Q4MSIsInVzZXJfaWQiOjM0NX0.RgPYzobkeSG8ot8qRbuXXVF1FxC4FNCTdtAqIG8_Nl0', '2024-03-05 13:01:58.741+00', '2024-06-03 13:01:58+00', 345, 'f09f7329a5db4d06bad839823c893d81');
INSERT INTO public.token_blacklist_outstandingtoken (id, token, created_at, expires_at, user_id, jti) VALUES (183, 'eyJhbGciOiJIUzI1NiIsInR5cCI6IkpXVCJ9.eyJ0b2tlbl90eXBlIjoicmVmcmVzaCIsImV4cCI6MTcxNzQxOTk5NCwiaWF0IjoxNzA5NjQzOTk0LCJqdGkiOiJjYzRmZDRiODkxODI0ZjFhODhkMjg1YzJlYzJiM2VkNyIsInVzZXJfaWQiOjM0NX0.ppeGXFRKblt2VEy2_9A4w_682nt7CUy2Q8AXkP5m98k', '2024-03-05 13:06:34.172+00', '2024-06-03 13:06:34+00', 345, 'cc4fd4b891824f1a88d285c2ec2b3ed7');
INSERT INTO public.token_blacklist_outstandingtoken (id, token, created_at, expires_at, user_id, jti) VALUES (184, 'eyJhbGciOiJIUzI1NiIsInR5cCI6IkpXVCJ9.eyJ0b2tlbl90eXBlIjoicmVmcmVzaCIsImV4cCI6MTcxNzQyMDE4MywiaWF0IjoxNzA5NjQ0MTgzLCJqdGkiOiI4YzNmNWMzZDI1ZmQ0ZThiYjVjNjY3NTZhNTVlNTUyMyIsInVzZXJfaWQiOjM0NX0.KByjozLR6oGnUqb3gGSD6BxUK5fyReJxtlzDMvMjA1U', '2024-03-05 13:09:43.078+00', '2024-06-03 13:09:43+00', 345, '8c3f5c3d25fd4e8bb5c66756a55e5523');
INSERT INTO public.token_blacklist_outstandingtoken (id, token, created_at, expires_at, user_id, jti) VALUES (185, 'eyJhbGciOiJIUzI1NiIsInR5cCI6IkpXVCJ9.eyJ0b2tlbl90eXBlIjoicmVmcmVzaCIsImV4cCI6MTcxNzQyMDU3NiwiaWF0IjoxNzA5NjQ0NTc2LCJqdGkiOiIzNWM5NTQ1N2ViYTk0MmQxOGNmNTcyOGEyZDg2YmI5NiIsInVzZXJfaWQiOjM0NX0.XbhnfGCISZamjLT2mT_PGb9kZUMcYjP8iKw7AEdaHZ0', '2024-03-05 13:16:16.415+00', '2024-06-03 13:16:16+00', 345, '35c95457eba942d18cf5728a2d86bb96');
INSERT INTO public.token_blacklist_outstandingtoken (id, token, created_at, expires_at, user_id, jti) VALUES (186, 'eyJhbGciOiJIUzI1NiIsInR5cCI6IkpXVCJ9.eyJ0b2tlbl90eXBlIjoicmVmcmVzaCIsImV4cCI6MTcxNzQyMDc3NiwiaWF0IjoxNzA5NjQ0Nzc2LCJqdGkiOiIxMzVkNzc4Y2FhNzg0ODlhODg4ZGQ2NzMxOGYxNTA1MCIsInVzZXJfaWQiOjE4MH0.D6TkxConkY5m0OSWNAOkc5Y1IQLrf3MSvScv7weg0rE', '2024-03-05 13:19:36.249+00', '2024-06-03 13:19:36+00', 180, '135d778caa78489a888dd67318f15050');
INSERT INTO public.token_blacklist_outstandingtoken (id, token, created_at, expires_at, user_id, jti) VALUES (187, 'eyJhbGciOiJIUzI1NiIsInR5cCI6IkpXVCJ9.eyJ0b2tlbl90eXBlIjoicmVmcmVzaCIsImV4cCI6MTcxNzQyMDgzNiwiaWF0IjoxNzA5NjQ0ODM2LCJqdGkiOiJmNmFiOTljOGE3Yzc0MGYwOTkxZmNmMDBhNmQzY2ZkOCIsInVzZXJfaWQiOjE4MH0.CQj3regpWrZIqtYtY4aGlYxiwcdMMe5RTt-K4a4N33s', '2024-03-05 13:20:36.896+00', '2024-06-03 13:20:36+00', 180, 'f6ab99c8a7c740f0991fcf00a6d3cfd8');
INSERT INTO public.token_blacklist_outstandingtoken (id, token, created_at, expires_at, user_id, jti) VALUES (188, 'eyJhbGciOiJIUzI1NiIsInR5cCI6IkpXVCJ9.eyJ0b2tlbl90eXBlIjoicmVmcmVzaCIsImV4cCI6MTcxNzQyMTA2OCwiaWF0IjoxNzA5NjQ1MDY4LCJqdGkiOiI5MTI5NWM0MGI3NGQ0MzFiOGViMTVjNzRlN2M2OTU5NyIsInVzZXJfaWQiOjE4MH0.Tiwl50PGpCSlQPthUTL1MBLe-PzIPWeMuXdG_ygPuzQ', '2024-03-05 13:24:28.503+00', '2024-06-03 13:24:28+00', 180, '91295c40b74d431b8eb15c74e7c69597');
INSERT INTO public.token_blacklist_outstandingtoken (id, token, created_at, expires_at, user_id, jti) VALUES (189, 'eyJhbGciOiJIUzI1NiIsInR5cCI6IkpXVCJ9.eyJ0b2tlbl90eXBlIjoicmVmcmVzaCIsImV4cCI6MTcxNzQyMTEzMywiaWF0IjoxNzA5NjQ1MTMzLCJqdGkiOiI5YzQzNDgyNDc4MjI0OWFmYjViYzVmYzM4MjliY2UwYSIsInVzZXJfaWQiOjE2OH0.6BEeJXHTzjqPvy-WSWXiWxsj-L1C1TkYROZFJT3nXH0', '2024-03-05 13:25:33.605+00', '2024-06-03 13:25:33+00', 168, '9c434824782249afb5bc5fc3829bce0a');
INSERT INTO public.token_blacklist_outstandingtoken (id, token, created_at, expires_at, user_id, jti) VALUES (190, 'eyJhbGciOiJIUzI1NiIsInR5cCI6IkpXVCJ9.eyJ0b2tlbl90eXBlIjoicmVmcmVzaCIsImV4cCI6MTcxNzQyMTE4MiwiaWF0IjoxNzA5NjQ1MTgyLCJqdGkiOiI0ZDRlMDU0NGY0Y2E0MjNmODRlNDRlMmIxYTkzYjEwMCIsInVzZXJfaWQiOjM0NX0.RRntf25cy-DxoH8-6j6Y07kfQR-7L8hRifnXr8cvyTQ', '2024-03-05 13:26:22.526+00', '2024-06-03 13:26:22+00', 345, '4d4e0544f4ca423f84e44e2b1a93b100');
INSERT INTO public.token_blacklist_outstandingtoken (id, token, created_at, expires_at, user_id, jti) VALUES (191, 'eyJhbGciOiJIUzI1NiIsInR5cCI6IkpXVCJ9.eyJ0b2tlbl90eXBlIjoicmVmcmVzaCIsImV4cCI6MTcxNzQyMjI1MywiaWF0IjoxNzA5NjQ2MjUzLCJqdGkiOiJlOTU1MGUxNTJlZDQ0Y2FhOTFkOGExZGU1YmVlY2Y0YyIsInVzZXJfaWQiOjM0NX0.vHKYTuPNNpwmwcTQ24d2sVh_P-kw5FgKzAZxoFm_0o4', '2024-03-05 13:44:13.528+00', '2024-06-03 13:44:13+00', 345, 'e9550e152ed44caa91d8a1de5beecf4c');
INSERT INTO public.token_blacklist_outstandingtoken (id, token, created_at, expires_at, user_id, jti) VALUES (192, 'eyJhbGciOiJIUzI1NiIsInR5cCI6IkpXVCJ9.eyJ0b2tlbl90eXBlIjoicmVmcmVzaCIsImV4cCI6MTcxNzQyMjQzOSwiaWF0IjoxNzA5NjQ2NDM5LCJqdGkiOiI2MGRlNWVhN2E4OGI0NGU1YmMzMWQ4OGU4ZGFkNTRkZSIsInVzZXJfaWQiOjE4MH0.uNg17mdjU4h_wg3yi94k3hLILMthblyZ0GEqtWvdB3I', '2024-03-05 13:47:19.807+00', '2024-06-03 13:47:19+00', 180, '60de5ea7a88b44e5bc31d88e8dad54de');
INSERT INTO public.token_blacklist_outstandingtoken (id, token, created_at, expires_at, user_id, jti) VALUES (193, 'eyJhbGciOiJIUzI1NiIsInR5cCI6IkpXVCJ9.eyJ0b2tlbl90eXBlIjoicmVmcmVzaCIsImV4cCI6MTcxNzQyMjU2NywiaWF0IjoxNzA5NjQ2NTY3LCJqdGkiOiIwYzc3MmY1ZTFjNDY0MWU5YWEyZWQ1YWZhZDU1NThmZSIsInVzZXJfaWQiOjM0NX0.6SFsWBW8cFde16RCJRlnI7ZA1L5DEFPR8-UnMiQfaDU', '2024-03-05 13:49:27.106+00', '2024-06-03 13:49:27+00', 345, '0c772f5e1c4641e9aa2ed5afad5558fe');
INSERT INTO public.token_blacklist_outstandingtoken (id, token, created_at, expires_at, user_id, jti) VALUES (194, 'eyJhbGciOiJIUzI1NiIsInR5cCI6IkpXVCJ9.eyJ0b2tlbl90eXBlIjoicmVmcmVzaCIsImV4cCI6MTcxNzQyOTQ5NCwiaWF0IjoxNzA5NjUzNDk0LCJqdGkiOiIwYTVjMDlmYTYwZDY0YjE5ODYxYjJhOGExYjk3MTE2NCIsInVzZXJfaWQiOjM0NX0.ea7EYcDNSmBQE51Vj6hhxmpvN5vCGhGu-9k_-4MMr44', '2024-03-05 15:44:54.711+00', '2024-06-03 15:44:54+00', 345, '0a5c09fa60d64b19861b2a8a1b971164');
INSERT INTO public.token_blacklist_outstandingtoken (id, token, created_at, expires_at, user_id, jti) VALUES (195, 'eyJhbGciOiJIUzI1NiIsInR5cCI6IkpXVCJ9.eyJ0b2tlbl90eXBlIjoicmVmcmVzaCIsImV4cCI6MTcxNzQzMTUyMiwiaWF0IjoxNzA5NjU1NTIyLCJqdGkiOiI0NGQ0OWVkOTBmZjA0ZGQyOWY0ZTY4NDYzMGFmMWMxNSIsInVzZXJfaWQiOjE5M30.Tve96v7IHWrTGYWRRn7GV1P0SMuKUakh3onzmduXSVs', '2024-03-05 16:18:42.123+00', '2024-06-03 16:18:42+00', 193, '44d49ed90ff04dd29f4e684630af1c15');
INSERT INTO public.token_blacklist_outstandingtoken (id, token, created_at, expires_at, user_id, jti) VALUES (196, 'eyJhbGciOiJIUzI1NiIsInR5cCI6IkpXVCJ9.eyJ0b2tlbl90eXBlIjoicmVmcmVzaCIsImV4cCI6MTcxNzQ3MjI2OCwiaWF0IjoxNzA5Njk2MjY4LCJqdGkiOiIwMDk4YzZhMWM5OGI0N2U0YjMzZWY5MjQyYmYwOWE0YyIsInVzZXJfaWQiOjF9.xYbskMOAYern5be43Nu8esg_aBNXd1ZnpSvOSzaRhM0', '2024-03-06 03:37:48.308+00', '2024-06-04 03:37:48+00', 1, '0098c6a1c98b47e4b33ef9242bf09a4c');
INSERT INTO public.token_blacklist_outstandingtoken (id, token, created_at, expires_at, user_id, jti) VALUES (197, 'eyJhbGciOiJIUzI1NiIsInR5cCI6IkpXVCJ9.eyJ0b2tlbl90eXBlIjoicmVmcmVzaCIsImV4cCI6MTcxNzQ3MjI4MywiaWF0IjoxNzA5Njk2MjgzLCJqdGkiOiI2NjIwYzcwYjM4OGY0NWMxOTkyNDRmYTM4NTE2MjZiOCIsInVzZXJfaWQiOjIwNH0.Vfser5BlpZOan1j7b10tk4Cnyyb72uQfImqBna13uPA', '2024-03-06 03:38:03.55+00', '2024-06-04 03:38:03+00', 204, '6620c70b388f45c199244fa3851626b8');
INSERT INTO public.token_blacklist_outstandingtoken (id, token, created_at, expires_at, user_id, jti) VALUES (198, 'eyJhbGciOiJIUzI1NiIsInR5cCI6IkpXVCJ9.eyJ0b2tlbl90eXBlIjoicmVmcmVzaCIsImV4cCI6MTcxNzM0ODAyMiwiaWF0IjoxNzA5NTcyMDIyLCJqdGkiOiIyODhlMzI2YzA5MDE0YmYwODQwMTgzZTAzNTUwYTI3OSIsInVzZXJfaWQiOjE2OCwib2JqIjp7ImlkIjoyLCJwcm9maWxlIjp7Im5hbWUiOiJNYW5hdiBTaGFoIiwiZW1haWwiOiJtYW5hdjEwMTFAbW52LWRldi5saXZlIiwicm9sZSI6ImFkbWluIn0sImJyYW5jaCI6eyJicmFuY2hfbmFtZSI6IkNvbXB1dGVyIEVuZ2luZWVyaW5nIC0gQkUiLCJicmFuY2hfY29kZSI6IjciLCJzbHVnIjoiMTE5MTQ3XzE3MDg5MzU4OTciLCJjb2xsZWdlIjp7ImNvbGxlZ2VfbmFtZSI6IkwuRC4gY29sbGVnZSBvZiBlbmdpbmVlcmluZyIsInNsdWciOiI3NzE4ODZfMTcwODkyODM1OSJ9fX19.LSOByRfbFCSpcMIZnhnRwEf97U89NLO-iR1z20fEycs', NULL, '2024-06-02 17:07:02+00', NULL, '288e326c09014bf0840183e03550a279');
INSERT INTO public.token_blacklist_outstandingtoken (id, token, created_at, expires_at, user_id, jti) VALUES (199, 'eyJhbGciOiJIUzI1NiIsInR5cCI6IkpXVCJ9.eyJ0b2tlbl90eXBlIjoicmVmcmVzaCIsImV4cCI6MTcxNzQ3NjU1OSwiaWF0IjoxNzA5NzAwNTU5LCJqdGkiOiJmMThhNGFiNTZlMDA0M2FiYmQyNzQ0NmE5OTExOGY5ZCIsInVzZXJfaWQiOjM0NX0.kht0QGn0oMROADWP9hP--kn4WgYWxfiOHFjSqaOBnBI', '2024-03-06 04:49:19.287+00', '2024-06-04 04:49:19+00', 345, 'f18a4ab56e0043abbd27446a99118f9d');
INSERT INTO public.token_blacklist_outstandingtoken (id, token, created_at, expires_at, user_id, jti) VALUES (200, 'eyJhbGciOiJIUzI1NiIsInR5cCI6IkpXVCJ9.eyJ0b2tlbl90eXBlIjoicmVmcmVzaCIsImV4cCI6MTcxNzQ3NjU4MSwiaWF0IjoxNzA5NzAwNTgxLCJqdGkiOiI3NDA4NzFiZjRjOTE0Yzg2ODI0ZDEyYTNlYWViMDEzZiIsInVzZXJfaWQiOjM0MX0.Oev60qMtntE7A2eMlTMzN9iRnshETz-BgFZz8CZ3f9w', '2024-03-06 04:49:41.01+00', '2024-06-04 04:49:41+00', 341, '740871bf4c914c86824d12a3eaeb013f');
INSERT INTO public.token_blacklist_outstandingtoken (id, token, created_at, expires_at, user_id, jti) VALUES (201, 'eyJhbGciOiJIUzI1NiIsInR5cCI6IkpXVCJ9.eyJ0b2tlbl90eXBlIjoicmVmcmVzaCIsImV4cCI6MTcxNzQ3NjY3NCwiaWF0IjoxNzA5NzAwNjc0LCJqdGkiOiIyNWE3ODJhZjcxMDk0ZTNkODU5NWVkZTA1MmI4NzQzNiIsInVzZXJfaWQiOjE4MH0.kfe-fmBFqZUvQtnQxDgRlOadFgOmPHl5dhQLwVBMl50', '2024-03-06 04:51:14.165+00', '2024-06-04 04:51:14+00', 180, '25a782af71094e3d8595ede052b87436');
INSERT INTO public.token_blacklist_outstandingtoken (id, token, created_at, expires_at, user_id, jti) VALUES (202, 'eyJhbGciOiJIUzI1NiIsInR5cCI6IkpXVCJ9.eyJ0b2tlbl90eXBlIjoicmVmcmVzaCIsImV4cCI6MTcxNzQ3Njc5NSwiaWF0IjoxNzA5NzAwNzk1LCJqdGkiOiI0YTM1NDQyY2JmZjE0NjQ2YWIwYTkxOTFhZDFhY2JiZSIsInVzZXJfaWQiOjM0NX0.Q2DBJ1iN_EsY2aRjl7Q2uxgbacxhz9YWidCtUoisOpE', '2024-03-06 04:53:15.176+00', '2024-06-04 04:53:15+00', 345, '4a35442cbff14646ab0a9191ad1acbbe');
INSERT INTO public.token_blacklist_outstandingtoken (id, token, created_at, expires_at, user_id, jti) VALUES (203, 'eyJhbGciOiJIUzI1NiIsInR5cCI6IkpXVCJ9.eyJ0b2tlbl90eXBlIjoicmVmcmVzaCIsImV4cCI6MTcxNzQ3NzIxMSwiaWF0IjoxNzA5NzAxMjExLCJqdGkiOiI1ZjU2NmEwMGMzZWM0NTZmYjFiYTdhMTFkYTMxZjkwYyIsInVzZXJfaWQiOjE4MH0.BzGV9ppl7s8yBr796Z7A9FauXP6fs6_6yPNyM0PYqmU', '2024-03-06 05:00:11.791+00', '2024-06-04 05:00:11+00', 180, '5f566a00c3ec456fb1ba7a11da31f90c');
INSERT INTO public.token_blacklist_outstandingtoken (id, token, created_at, expires_at, user_id, jti) VALUES (204, 'eyJhbGciOiJIUzI1NiIsInR5cCI6IkpXVCJ9.eyJ0b2tlbl90eXBlIjoicmVmcmVzaCIsImV4cCI6MTcxNzQ3NzI0MywiaWF0IjoxNzA5NzAxMjQzLCJqdGkiOiIxNDE3MzQ0OGM1YTE0MTU3OGM1YjVkYjJkYjJjNGU3NyIsInVzZXJfaWQiOjIwNH0.GiDZw_g9Lt3Rw_O6nA_1KAzruNb0lZUQqhwaeTMe1YU', '2024-03-06 05:00:43.305+00', '2024-06-04 05:00:43+00', 204, '14173448c5a141578c5b5db2db2c4e77');
INSERT INTO public.token_blacklist_outstandingtoken (id, token, created_at, expires_at, user_id, jti) VALUES (205, 'eyJhbGciOiJIUzI1NiIsInR5cCI6IkpXVCJ9.eyJ0b2tlbl90eXBlIjoicmVmcmVzaCIsImV4cCI6MTcxNzQ3NzI4MSwiaWF0IjoxNzA5NzAxMjgxLCJqdGkiOiI4Mzk1ZDRlMjMxZjM0MmFiYjVlM2YwNDM3YjE4M2NmYSIsInVzZXJfaWQiOjE4OH0.4pC3u5LH5WBqUxtJA64N387fvcr4j9alt03yd5AIQBo', '2024-03-06 05:01:21.948+00', '2024-06-04 05:01:21+00', 188, '8395d4e231f342abb5e3f0437b183cfa');
INSERT INTO public.token_blacklist_outstandingtoken (id, token, created_at, expires_at, user_id, jti) VALUES (206, 'eyJhbGciOiJIUzI1NiIsInR5cCI6IkpXVCJ9.eyJ0b2tlbl90eXBlIjoicmVmcmVzaCIsImV4cCI6MTcxNzQ3NzMwMSwiaWF0IjoxNzA5NzAxMzAxLCJqdGkiOiI3ZjdlYTljMTQ0Mjk0MWMxYTAwMWMxNzYzZDM5MjRmMCIsInVzZXJfaWQiOjIwM30.Phr5Mq3zMsebDJmHaq7gqVuyAnHmd3ssFmrbgHGeCqk', '2024-03-06 05:01:41.544+00', '2024-06-04 05:01:41+00', 203, '7f7ea9c1442941c1a001c1763d3924f0');
INSERT INTO public.token_blacklist_outstandingtoken (id, token, created_at, expires_at, user_id, jti) VALUES (207, 'eyJhbGciOiJIUzI1NiIsInR5cCI6IkpXVCJ9.eyJ0b2tlbl90eXBlIjoicmVmcmVzaCIsImV4cCI6MTcxNzM0NzkzNCwiaWF0IjoxNzA5NTcxOTM0LCJqdGkiOiI2ZTIyYmZmOThlOWQ0MWIwYmI3MWI1NTAyNTljNGZjZiIsInVzZXJfaWQiOjE5MSwib2JqIjp7InNsdWciOiIyNzE3ODZfMTcwODkzNjY4OSIsInByb2ZpbGUiOnsibmFtZSI6IlBBTkNIQUwgREhSVU1JTCBWSU5BWUtVTUFSIiwiZW1haWwiOiJkaHJ1bWlscGFuY2hhbDE0MzRAZ21haWwuY29tIiwicm9sZSI6InN0dWRlbnQifSwiYnJhbmNoIjp7ImJyYW5jaF9uYW1lIjoiQ29tcHV0ZXIgRW5naW5lZXJpbmcgLSBCRSIsImJyYW5jaF9jb2RlIjoiNyIsInNsdWciOiIxMTkxNDdfMTcwODkzNTg5NyIsImNvbGxlZ2UiOnsiY29sbGVnZV9uYW1lIjoiTC5ELiBjb2xsZWdlIG9mIGVuZ2luZWVyaW5nIiwic2x1ZyI6Ijc3MTg4Nl8xNzA4OTI4MzU5In19LCJzcl9ubyI6MjMsImVucm9sbG1lbnQiOiIyMjAyODMxMDcwMTYifX0.1zC0y43rHhuHYBve5CteNQqAm0pCaWtgegOfkPGFfJw', NULL, '2024-06-02 17:05:34+00', NULL, '6e22bff98e9d41b0bb71b550259c4fcf');
INSERT INTO public.token_blacklist_outstandingtoken (id, token, created_at, expires_at, user_id, jti) VALUES (208, 'eyJhbGciOiJIUzI1NiIsInR5cCI6IkpXVCJ9.eyJ0b2tlbl90eXBlIjoicmVmcmVzaCIsImV4cCI6MTcxNzQ3Nzk3NiwiaWF0IjoxNzA5NzAxOTc2LCJqdGkiOiI2OGM0ZTI4NTc4NmI0ZjAxYjkwNDJhOGQyNzA3NTUwYyIsInVzZXJfaWQiOjE2OH0.Og88RF7LS5pJPMhGvWvTXHVp9KmJ4JWtI4IG7oVzQTo', '2024-03-06 05:12:56.097+00', '2024-06-04 05:12:56+00', 168, '68c4e285786b4f01b9042a8d2707550c');
INSERT INTO public.token_blacklist_outstandingtoken (id, token, created_at, expires_at, user_id, jti) VALUES (209, 'eyJhbGciOiJIUzI1NiIsInR5cCI6IkpXVCJ9.eyJ0b2tlbl90eXBlIjoicmVmcmVzaCIsImV4cCI6MTcxNzQ3ODExNywiaWF0IjoxNzA5NzAyMTE3LCJqdGkiOiI1MGZiMWJlNjJjMDA0MDZlYmE1ZDg4ZDQxZTkzYjBiYSIsInVzZXJfaWQiOjM0N30.K8ArUPEtqaAjFIWzULu7kYst4k30eNR-EfATqBuzEAg', '2024-03-06 05:15:17.694+00', '2024-06-04 05:15:17+00', 347, '50fb1be62c00406eba5d88d41e93b0ba');
INSERT INTO public.token_blacklist_outstandingtoken (id, token, created_at, expires_at, user_id, jti) VALUES (210, 'eyJhbGciOiJIUzI1NiIsInR5cCI6IkpXVCJ9.eyJ0b2tlbl90eXBlIjoicmVmcmVzaCIsImV4cCI6MTcxNzMwMzA1OSwiaWF0IjoxNzA5NTI3MDU5LCJqdGkiOiI2MjRmNTUxMDM1MDc0N2M2YjM1ZGZjMzFhYjZlMjlkYyIsInVzZXJfaWQiOjIwOSwib2JqIjp7InNsdWciOiIyNTcwOTdfMTcwODkzNjY5MCIsInByb2ZpbGUiOnsibmFtZSI6IlZhZ2hlbGEgQmhhdmVzaCBHdW5hYmhhaSIsImVtYWlsIjoiYmhhdmVzaHZhZ2hlbGE0NTQ1QGdtYWlsLmNvbSIsInJvbGUiOiJzdHVkZW50In0sImJyYW5jaCI6eyJicmFuY2hfbmFtZSI6IkNvbXB1dGVyIEVuZ2luZWVyaW5nIC0gQkUiLCJicmFuY2hfY29kZSI6IjciLCJzbHVnIjoiMTE5MTQ3XzE3MDg5MzU4OTciLCJjb2xsZWdlIjp7ImNvbGxlZ2VfbmFtZSI6IkwuRC4gY29sbGVnZSBvZiBlbmdpbmVlcmluZyIsInNsdWciOiI3NzE4ODZfMTcwODkyODM1OSJ9fSwic3Jfbm8iOjQxLCJlbnJvbGxtZW50IjoiMjIwMjgzMTA3MDQwIn19.yPSX2oKmG8zmokm-8u1hUd_x5kmT7N9VT62n2kvvWAc', NULL, '2024-06-02 04:37:39+00', NULL, '624f5510350747c6b35dfc31ab6e29dc');
INSERT INTO public.token_blacklist_outstandingtoken (id, token, created_at, expires_at, user_id, jti) VALUES (211, 'eyJhbGciOiJIUzI1NiIsInR5cCI6IkpXVCJ9.eyJ0b2tlbl90eXBlIjoicmVmcmVzaCIsImV4cCI6MTcxNzQ4MDUzNSwiaWF0IjoxNzA5NzA0NTM1LCJqdGkiOiJkZGM2NGFkMGYzMTI0ZTQxYWUzODMxMzRkMDVkNjdlOSIsInVzZXJfaWQiOjIwM30.u0ZHN-9_Ob13NJOtxERfbH7isJ_RTrAF3uULAAPOkLM', '2024-03-06 05:55:35.69+00', '2024-06-04 05:55:35+00', 203, 'ddc64ad0f3124e41ae383134d05d67e9');
INSERT INTO public.token_blacklist_outstandingtoken (id, token, created_at, expires_at, user_id, jti) VALUES (212, 'eyJhbGciOiJIUzI1NiIsInR5cCI6IkpXVCJ9.eyJ0b2tlbl90eXBlIjoicmVmcmVzaCIsImV4cCI6MTcxNzQ4MDU1OSwiaWF0IjoxNzA5NzA0NTU5LCJqdGkiOiJiYjVjNzNhNDJmOTE0M2QzYTQ2YmNjZTI0ZDkzZmEzNCIsInVzZXJfaWQiOjIwMn0.-7T6f-iTaXU36f13C6vwXsPdkbYFwfabpZcc7rF2DWc', '2024-03-06 05:55:59.629+00', '2024-06-04 05:55:59+00', 202, 'bb5c73a42f9143d3a46bcce24d93fa34');
INSERT INTO public.token_blacklist_outstandingtoken (id, token, created_at, expires_at, user_id, jti) VALUES (213, 'eyJhbGciOiJIUzI1NiIsInR5cCI6IkpXVCJ9.eyJ0b2tlbl90eXBlIjoicmVmcmVzaCIsImV4cCI6MTcxNzQ4MDU2MCwiaWF0IjoxNzA5NzA0NTYwLCJqdGkiOiI0ZmEyYzcwZTU1Y2M0YjllOGQxYjRhYjQ4NWVhZDNlZCIsInVzZXJfaWQiOjE4MX0.S3qdQEZjD9LJ57bLWXBv9vvRirvQezZXnwfDETuNwX8', '2024-03-06 05:56:00.741+00', '2024-06-04 05:56:00+00', 181, '4fa2c70e55cc4b9e8d1b4ab485ead3ed');
INSERT INTO public.token_blacklist_outstandingtoken (id, token, created_at, expires_at, user_id, jti) VALUES (214, 'eyJhbGciOiJIUzI1NiIsInR5cCI6IkpXVCJ9.eyJ0b2tlbl90eXBlIjoicmVmcmVzaCIsImV4cCI6MTcxNzQ4MDU2MSwiaWF0IjoxNzA5NzA0NTYxLCJqdGkiOiI1MDAyZmFhMTY2YjQ0MDFhYWUzMzY5ZTJkNWUwZTExMSIsInVzZXJfaWQiOjE4MX0.MHQc3COa3jAQxhcSxdvu1sPLgFQo3PxbrZT9hzsclbg', '2024-03-06 05:56:01.389+00', '2024-06-04 05:56:01+00', 181, '5002faa166b4401aae3369e2d5e0e111');
INSERT INTO public.token_blacklist_outstandingtoken (id, token, created_at, expires_at, user_id, jti) VALUES (215, 'eyJhbGciOiJIUzI1NiIsInR5cCI6IkpXVCJ9.eyJ0b2tlbl90eXBlIjoicmVmcmVzaCIsImV4cCI6MTcxNzQ4MDU3OCwiaWF0IjoxNzA5NzA0NTc4LCJqdGkiOiIwMzZlMTdiMzE1OTM0ODQ1OTQwY2M3YjNjYmU0YjZkYiIsInVzZXJfaWQiOjE3MH0.e2-0MV0XzuPHKhEkxM0xLd6daOfwCyMzoBDqF_xqleU', '2024-03-06 05:56:18.492+00', '2024-06-04 05:56:18+00', 170, '036e17b315934845940cc7b3cbe4b6db');
INSERT INTO public.token_blacklist_outstandingtoken (id, token, created_at, expires_at, user_id, jti) VALUES (216, 'eyJhbGciOiJIUzI1NiIsInR5cCI6IkpXVCJ9.eyJ0b2tlbl90eXBlIjoicmVmcmVzaCIsImV4cCI6MTcxNzQ4MDYxMSwiaWF0IjoxNzA5NzA0NjExLCJqdGkiOiJjYjkxZDk4YjgyYTU0MDY0YjA2ZDY0NmJkZDNmYzk1ZiIsInVzZXJfaWQiOjIwMn0.-NZgwWlBiLF9SHfuMZGRCqLRPE48EmRPGUmtfrjBakk', '2024-03-06 05:56:51.772+00', '2024-06-04 05:56:51+00', 202, 'cb91d98b82a54064b06d646bdd3fc95f');
INSERT INTO public.token_blacklist_outstandingtoken (id, token, created_at, expires_at, user_id, jti) VALUES (217, 'eyJhbGciOiJIUzI1NiIsInR5cCI6IkpXVCJ9.eyJ0b2tlbl90eXBlIjoicmVmcmVzaCIsImV4cCI6MTcxNzQ4MDYyNSwiaWF0IjoxNzA5NzA0NjI1LCJqdGkiOiI1YjZkYjgyMWI3MzA0ZGU4OGU0Nzk1MTBiZTJhZWRkZCIsInVzZXJfaWQiOjE4N30.ob537obSibxicPHS-kO5Jx3RCK9r5VQqOOdovcjH-fo', '2024-03-06 05:57:05.37+00', '2024-06-04 05:57:05+00', 187, '5b6db821b7304de88e479510be2aeddd');
INSERT INTO public.token_blacklist_outstandingtoken (id, token, created_at, expires_at, user_id, jti) VALUES (218, 'eyJhbGciOiJIUzI1NiIsInR5cCI6IkpXVCJ9.eyJ0b2tlbl90eXBlIjoicmVmcmVzaCIsImV4cCI6MTcxNzQ4MDYyOSwiaWF0IjoxNzA5NzA0NjI5LCJqdGkiOiJhZTVmOTg0NTQ5NGI0NWVjOGE5ZDRkZjNkZmMwNTgwOSIsInVzZXJfaWQiOjIxNH0.1Yk8CFzyH2NYXtLaQKmWXvaqTmoetrtwEJ6kKv1HqRo', '2024-03-06 05:57:09.395+00', '2024-06-04 05:57:09+00', 214, 'ae5f9845494b45ec8a9d4df3dfc05809');
INSERT INTO public.token_blacklist_outstandingtoken (id, token, created_at, expires_at, user_id, jti) VALUES (219, 'eyJhbGciOiJIUzI1NiIsInR5cCI6IkpXVCJ9.eyJ0b2tlbl90eXBlIjoicmVmcmVzaCIsImV4cCI6MTcxNzQ4MDYzMSwiaWF0IjoxNzA5NzA0NjMxLCJqdGkiOiIwNDYxM2VmY2MzNzY0YmY3YjcwOGE1ZmFhZjE1MDZhYyIsInVzZXJfaWQiOjE3M30.-wjbZ4BWNhznwFQ1rgX4Cxa72CRKfvao052N3I63quo', '2024-03-06 05:57:11.24+00', '2024-06-04 05:57:11+00', 173, '04613efcc3764bf7b708a5faaf1506ac');
INSERT INTO public.token_blacklist_outstandingtoken (id, token, created_at, expires_at, user_id, jti) VALUES (220, 'eyJhbGciOiJIUzI1NiIsInR5cCI6IkpXVCJ9.eyJ0b2tlbl90eXBlIjoicmVmcmVzaCIsImV4cCI6MTcxNzQ4MDYzNSwiaWF0IjoxNzA5NzA0NjM1LCJqdGkiOiI2NTIxMmJjZWVkNjI0YmUyYmYyZTM2OWUxODM5MzBlZCIsInVzZXJfaWQiOjE3OX0.aFfHWm2tyBMyr-Tu5o_toG4DcYrROJc3QVyQH1ZLVRw', '2024-03-06 05:57:15.874+00', '2024-06-04 05:57:15+00', 179, '65212bceed624be2bf2e369e183930ed');
INSERT INTO public.token_blacklist_outstandingtoken (id, token, created_at, expires_at, user_id, jti) VALUES (221, 'eyJhbGciOiJIUzI1NiIsInR5cCI6IkpXVCJ9.eyJ0b2tlbl90eXBlIjoicmVmcmVzaCIsImV4cCI6MTcxNzQ4MDYzOCwiaWF0IjoxNzA5NzA0NjM4LCJqdGkiOiJkZjgzYjlhMmVhMzI0ZjQ4YWJlZTQ3MmFjM2IyZmU0ZSIsInVzZXJfaWQiOjE5Nn0.AH-7_MgMvj7otPoWOTNEUAjUIAuG2fPtIuymVtWFajY', '2024-03-06 05:57:18.012+00', '2024-06-04 05:57:18+00', 196, 'df83b9a2ea324f48abee472ac3b2fe4e');
INSERT INTO public.token_blacklist_outstandingtoken (id, token, created_at, expires_at, user_id, jti) VALUES (222, 'eyJhbGciOiJIUzI1NiIsInR5cCI6IkpXVCJ9.eyJ0b2tlbl90eXBlIjoicmVmcmVzaCIsImV4cCI6MTcxNzQ4MDYzOCwiaWF0IjoxNzA5NzA0NjM4LCJqdGkiOiI5ZjMyZjg5ZDczOTM0ODdkOWQ3ODkxZTc4M2E2N2UyNiIsInVzZXJfaWQiOjE3MH0.OxlkfOjJQBhL5P0PaXl5frokMIgAsdIpPuGIxmZf394', '2024-03-06 05:57:18.566+00', '2024-06-04 05:57:18+00', 170, '9f32f89d7393487d9d7891e783a67e26');
INSERT INTO public.token_blacklist_outstandingtoken (id, token, created_at, expires_at, user_id, jti) VALUES (223, 'eyJhbGciOiJIUzI1NiIsInR5cCI6IkpXVCJ9.eyJ0b2tlbl90eXBlIjoicmVmcmVzaCIsImV4cCI6MTcxNzQ4MDY0MiwiaWF0IjoxNzA5NzA0NjQyLCJqdGkiOiJmMDllMzlkMTZjMjc0ZTk2ODUyNDAzMmRhY2Y1NTliZCIsInVzZXJfaWQiOjM0N30.tL8Tm0qe8eX6opm7iG5oNc7xng11T5zSxT0JGtwfWYs', '2024-03-06 05:57:22.639+00', '2024-06-04 05:57:22+00', 347, 'f09e39d16c274e968524032dacf559bd');
INSERT INTO public.token_blacklist_outstandingtoken (id, token, created_at, expires_at, user_id, jti) VALUES (224, 'eyJhbGciOiJIUzI1NiIsInR5cCI6IkpXVCJ9.eyJ0b2tlbl90eXBlIjoicmVmcmVzaCIsImV4cCI6MTcxNzQ4MDY1NywiaWF0IjoxNzA5NzA0NjU3LCJqdGkiOiIyZTY1NmIzOWMxZWY0ZjMwOGFkMDk0MTM0NmUyODI3NyIsInVzZXJfaWQiOjIwNX0.1qH9l2sKt2PLrw9V2RU8R14nikAx6VJc6Nv6I1QN_PA', '2024-03-06 05:57:37.453+00', '2024-06-04 05:57:37+00', 205, '2e656b39c1ef4f308ad0941346e28277');
INSERT INTO public.token_blacklist_outstandingtoken (id, token, created_at, expires_at, user_id, jti) VALUES (225, 'eyJhbGciOiJIUzI1NiIsInR5cCI6IkpXVCJ9.eyJ0b2tlbl90eXBlIjoicmVmcmVzaCIsImV4cCI6MTcxNzQ4MDY1OCwiaWF0IjoxNzA5NzA0NjU4LCJqdGkiOiIwZWUyNGIxZWJhMzM0ZGYxYjk4MThkZmQ1NmJhMWNmYSIsInVzZXJfaWQiOjIwMH0.mpNMdRIsq3TMoJjpxjO5C4PLf3VPwSclNO-Ob58tiu8', '2024-03-06 05:57:38.39+00', '2024-06-04 05:57:38+00', 200, '0ee24b1eba334df1b9818dfd56ba1cfa');
INSERT INTO public.token_blacklist_outstandingtoken (id, token, created_at, expires_at, user_id, jti) VALUES (226, 'eyJhbGciOiJIUzI1NiIsInR5cCI6IkpXVCJ9.eyJ0b2tlbl90eXBlIjoicmVmcmVzaCIsImV4cCI6MTcxNzQ4MDY1OSwiaWF0IjoxNzA5NzA0NjU5LCJqdGkiOiI0ODFmNGE4MDBkZDg0MWU3YmFiYjM1YmM3NTJmYTdiYSIsInVzZXJfaWQiOjE4OX0.ejmmbPanpkhUxN-QLsVNqhS_eAZSApm2ADV_yrSHa_Q', '2024-03-06 05:57:39.988+00', '2024-06-04 05:57:39+00', 189, '481f4a800dd841e7babb35bc752fa7ba');
INSERT INTO public.token_blacklist_outstandingtoken (id, token, created_at, expires_at, user_id, jti) VALUES (227, 'eyJhbGciOiJIUzI1NiIsInR5cCI6IkpXVCJ9.eyJ0b2tlbl90eXBlIjoicmVmcmVzaCIsImV4cCI6MTcxNzQ4MDY4MiwiaWF0IjoxNzA5NzA0NjgyLCJqdGkiOiJjMmVmMzk0NjczZWE0MjA4YjEwNjAxNTI3MzM0NzQyNCIsInVzZXJfaWQiOjE3MH0.T9AS3SAZ_4fxoM9hEXtCM0J4Nj9pNadsBkvCXOOsbBA', '2024-03-06 05:58:02.115+00', '2024-06-04 05:58:02+00', 170, 'c2ef394673ea4208b106015273347424');
INSERT INTO public.token_blacklist_outstandingtoken (id, token, created_at, expires_at, user_id, jti) VALUES (228, 'eyJhbGciOiJIUzI1NiIsInR5cCI6IkpXVCJ9.eyJ0b2tlbl90eXBlIjoicmVmcmVzaCIsImV4cCI6MTcxNzQ4MDY5OSwiaWF0IjoxNzA5NzA0Njk5LCJqdGkiOiJiOWE0YmY0YWVkNzk0MWYxOTVhNjBmMDM2ZjViMDVlMCIsInVzZXJfaWQiOjE2OX0.e80xb1XmBmGkWRsbcV46RfH4ej00uc-xMzTB-_ou7vw', '2024-03-06 05:58:19.737+00', '2024-06-04 05:58:19+00', 169, 'b9a4bf4aed7941f195a60f036f5b05e0');
INSERT INTO public.token_blacklist_outstandingtoken (id, token, created_at, expires_at, user_id, jti) VALUES (229, 'eyJhbGciOiJIUzI1NiIsInR5cCI6IkpXVCJ9.eyJ0b2tlbl90eXBlIjoicmVmcmVzaCIsImV4cCI6MTcxNzQ4MDcyMSwiaWF0IjoxNzA5NzA0NzIxLCJqdGkiOiIyNzNjODA4YjFjMDY0OTM1YjdlNmNiNTU1YmNhZjgzMSIsInVzZXJfaWQiOjE5Nn0.efAVjtNUA92EfKDbGDt_WdPw8tjltpzFQJzCAyt8oEU', '2024-03-06 05:58:41.264+00', '2024-06-04 05:58:41+00', 196, '273c808b1c064935b7e6cb555bcaf831');
INSERT INTO public.token_blacklist_outstandingtoken (id, token, created_at, expires_at, user_id, jti) VALUES (230, 'eyJhbGciOiJIUzI1NiIsInR5cCI6IkpXVCJ9.eyJ0b2tlbl90eXBlIjoicmVmcmVzaCIsImV4cCI6MTcxNzQ4MDc4MCwiaWF0IjoxNzA5NzA0NzgwLCJqdGkiOiI5NzEzYzQ1NjhiYjA0ODAxYjIxY2JjYzcyYmQyNmQ3NSIsInVzZXJfaWQiOjIwMn0.cWRRbw0wacBarD2sGrRqmpp3EeGwbLCgRRcrB5WXZQs', '2024-03-06 05:59:40.789+00', '2024-06-04 05:59:40+00', 202, '9713c4568bb04801b21cbcc72bd26d75');
INSERT INTO public.token_blacklist_outstandingtoken (id, token, created_at, expires_at, user_id, jti) VALUES (231, 'eyJhbGciOiJIUzI1NiIsInR5cCI6IkpXVCJ9.eyJ0b2tlbl90eXBlIjoicmVmcmVzaCIsImV4cCI6MTcxNzQ4MDc5NCwiaWF0IjoxNzA5NzA0Nzk0LCJqdGkiOiIxYTJkYTkyODRiNTY0MmZkODAxMDEzM2M5YmUzNzRkNCIsInVzZXJfaWQiOjIwMn0.HZLTzqCB8ntoN96ZIqpgpTymn4iSntywTvC2E4zAsVs', '2024-03-06 05:59:54.01+00', '2024-06-04 05:59:54+00', 202, '1a2da9284b5642fd8010133c9be374d4');
INSERT INTO public.token_blacklist_outstandingtoken (id, token, created_at, expires_at, user_id, jti) VALUES (232, 'eyJhbGciOiJIUzI1NiIsInR5cCI6IkpXVCJ9.eyJ0b2tlbl90eXBlIjoicmVmcmVzaCIsImV4cCI6MTcxNzQ4MDgwNywiaWF0IjoxNzA5NzA0ODA3LCJqdGkiOiI4ZTI4ODNlOTdjNjE0N2MwOGM1YWI2YTkwYzBmYTJmYyIsInVzZXJfaWQiOjE5Nn0.bMw0WVJ1h-qQRdXx3mGjCLpRb8jWB9pTpZKg6t5JxbY', '2024-03-06 06:00:07.346+00', '2024-06-04 06:00:07+00', 196, '8e2883e97c6147c08c5ab6a90c0fa2fc');
INSERT INTO public.token_blacklist_outstandingtoken (id, token, created_at, expires_at, user_id, jti) VALUES (233, 'eyJhbGciOiJIUzI1NiIsInR5cCI6IkpXVCJ9.eyJ0b2tlbl90eXBlIjoicmVmcmVzaCIsImV4cCI6MTcxNzQ4MDkyMCwiaWF0IjoxNzA5NzA0OTIwLCJqdGkiOiJkNjRiNzVkZmM5Y2Y0YzRjYTcwNDA3OGUzZjM3MjhjZSIsInVzZXJfaWQiOjE5Nn0.J0zvg-LrS_isD2GnsgGrE7Se8kfxy3dH2ZZ9y9brnac', '2024-03-06 06:02:00.761+00', '2024-06-04 06:02:00+00', 196, 'd64b75dfc9cf4c4ca704078e3f3728ce');
INSERT INTO public.token_blacklist_outstandingtoken (id, token, created_at, expires_at, user_id, jti) VALUES (234, 'eyJhbGciOiJIUzI1NiIsInR5cCI6IkpXVCJ9.eyJ0b2tlbl90eXBlIjoicmVmcmVzaCIsImV4cCI6MTcxNzQ4MDkyNSwiaWF0IjoxNzA5NzA0OTI1LCJqdGkiOiIzZWEwZjE2OThhOGQ0MzczOTQ5Y2U4Y2YwOTNlMzI1ZCIsInVzZXJfaWQiOjIxMH0.aX5HFuwljrUqbfnQ06hUtOvAe2l-Kn0yycaUSF1GI1A', '2024-03-06 06:02:05.163+00', '2024-06-04 06:02:05+00', 210, '3ea0f1698a8d4373949ce8cf093e325d');
INSERT INTO public.token_blacklist_outstandingtoken (id, token, created_at, expires_at, user_id, jti) VALUES (235, 'eyJhbGciOiJIUzI1NiIsInR5cCI6IkpXVCJ9.eyJ0b2tlbl90eXBlIjoicmVmcmVzaCIsImV4cCI6MTcxNzQ4MDkzOCwiaWF0IjoxNzA5NzA0OTM4LCJqdGkiOiI2YTZjNDVjYzUwNTE0MTYzYjdkNzE1MjRmZWM1YjQ4MSIsInVzZXJfaWQiOjIwMX0.5dGhG3bH-EPn18Sh10PYhpMamM4YffiL6Fe_uvNvpGQ', '2024-03-06 06:02:18.228+00', '2024-06-04 06:02:18+00', 201, '6a6c45cc50514163b7d71524fec5b481');
INSERT INTO public.token_blacklist_outstandingtoken (id, token, created_at, expires_at, user_id, jti) VALUES (236, 'eyJhbGciOiJIUzI1NiIsInR5cCI6IkpXVCJ9.eyJ0b2tlbl90eXBlIjoicmVmcmVzaCIsImV4cCI6MTcxNzQ4MDk2NCwiaWF0IjoxNzA5NzA0OTY0LCJqdGkiOiI1MzMxMmViZmUxZjA0ZDYwOTEzZGQyZTkzMTUyYjZmMSIsInVzZXJfaWQiOjIwMn0.HwwkUQmtarm5HOQTE5fBtp5HO6p6DAQvhDHPJdcYbGs', '2024-03-06 06:02:44.686+00', '2024-06-04 06:02:44+00', 202, '53312ebfe1f04d60913dd2e93152b6f1');
INSERT INTO public.token_blacklist_outstandingtoken (id, token, created_at, expires_at, user_id, jti) VALUES (237, 'eyJhbGciOiJIUzI1NiIsInR5cCI6IkpXVCJ9.eyJ0b2tlbl90eXBlIjoicmVmcmVzaCIsImV4cCI6MTcxNzQ4MTAyMiwiaWF0IjoxNzA5NzA1MDIyLCJqdGkiOiI3Y2I5ZGMyNDBmNTI0ZDEzODNkNGVlM2Q0MTAyNTBlMSIsInVzZXJfaWQiOjE5OH0.shVmTtMgxt8wtwKIdrtK-A28VKruxw924HnTpwtYEgM', '2024-03-06 06:03:42.075+00', '2024-06-04 06:03:42+00', 198, '7cb9dc240f524d1383d4ee3d410250e1');
INSERT INTO public.token_blacklist_outstandingtoken (id, token, created_at, expires_at, user_id, jti) VALUES (238, 'eyJhbGciOiJIUzI1NiIsInR5cCI6IkpXVCJ9.eyJ0b2tlbl90eXBlIjoicmVmcmVzaCIsImV4cCI6MTcxNzQ4MTA5MCwiaWF0IjoxNzA5NzA1MDkwLCJqdGkiOiI5OTJhYjc5NmQzYmM0Mjc3ODkzY2MyZTllZjFlZWFhNSIsInVzZXJfaWQiOjE5Nn0.8N4DaUcmYeMCfu1FXZRtyjLYOJ2VpqSttwhIThP0G-8', '2024-03-06 06:04:50.706+00', '2024-06-04 06:04:50+00', 196, '992ab796d3bc4277893cc2e9ef1eeaa5');
INSERT INTO public.token_blacklist_outstandingtoken (id, token, created_at, expires_at, user_id, jti) VALUES (239, 'eyJhbGciOiJIUzI1NiIsInR5cCI6IkpXVCJ9.eyJ0b2tlbl90eXBlIjoicmVmcmVzaCIsImV4cCI6MTcxNzQ4MTEyNywiaWF0IjoxNzA5NzA1MTI3LCJqdGkiOiJjZTI0ZDRkZjAxMzY0ODg2OWY3ZDUyN2ZmODE5YjFkNCIsInVzZXJfaWQiOjIwMn0.MKD8nMoBzgsx-zcm5W-0sMivyjzPAou6aSssqxXlH9k', '2024-03-06 06:05:27.148+00', '2024-06-04 06:05:27+00', 202, 'ce24d4df013648869f7d527ff819b1d4');
INSERT INTO public.token_blacklist_outstandingtoken (id, token, created_at, expires_at, user_id, jti) VALUES (240, 'eyJhbGciOiJIUzI1NiIsInR5cCI6IkpXVCJ9.eyJ0b2tlbl90eXBlIjoicmVmcmVzaCIsImV4cCI6MTcxNzQ4MTEyNywiaWF0IjoxNzA5NzA1MTI3LCJqdGkiOiJmYTVjZWQ1NzZkMmQ0ZTkzOTBiMmMxNGJkOTgyZDk4NCIsInVzZXJfaWQiOjIwMn0.qbqEAQ7d5Nqc5nkobV4r2tnXhCLyalwlygfGigTRwlQ', '2024-03-06 06:05:27.869+00', '2024-06-04 06:05:27+00', 202, 'fa5ced576d2d4e9390b2c14bd982d984');
INSERT INTO public.token_blacklist_outstandingtoken (id, token, created_at, expires_at, user_id, jti) VALUES (241, 'eyJhbGciOiJIUzI1NiIsInR5cCI6IkpXVCJ9.eyJ0b2tlbl90eXBlIjoicmVmcmVzaCIsImV4cCI6MTcxNzQ4MTE4NiwiaWF0IjoxNzA5NzA1MTg2LCJqdGkiOiIzNzg0NzVhNzdlOWE0YzY1OWMzNzNjMTZlMjVlYTY3OSIsInVzZXJfaWQiOjE5Nn0.ml6A73xE8jCEwuUPjGvrXGS95yVO7gXma4V-ahSIxl8', '2024-03-06 06:06:26.631+00', '2024-06-04 06:06:26+00', 196, '378475a77e9a4c659c373c16e25ea679');
INSERT INTO public.token_blacklist_outstandingtoken (id, token, created_at, expires_at, user_id, jti) VALUES (242, 'eyJhbGciOiJIUzI1NiIsInR5cCI6IkpXVCJ9.eyJ0b2tlbl90eXBlIjoicmVmcmVzaCIsImV4cCI6MTcxNzQ4MTgzNCwiaWF0IjoxNzA5NzA1ODM0LCJqdGkiOiJkMWJhNTA3OGY5NzY0YmJlODhjN2MxMjY5MzBiMGYxZCIsInVzZXJfaWQiOjIxNH0.Zc1o3AnyAlcX0oE_eSUx3fiwnY1EBxeWJIkbKCL5E-4', '2024-03-06 06:17:14.447+00', '2024-06-04 06:17:14+00', 214, 'd1ba5078f9764bbe88c7c126930b0f1d');
INSERT INTO public.token_blacklist_outstandingtoken (id, token, created_at, expires_at, user_id, jti) VALUES (243, 'eyJhbGciOiJIUzI1NiIsInR5cCI6IkpXVCJ9.eyJ0b2tlbl90eXBlIjoicmVmcmVzaCIsImV4cCI6MTcxNzM5MDM5MiwiaWF0IjoxNzA5NjE0MzkyLCJqdGkiOiJkYTA4MjQzOThiZjg0YzkzYmQ4Y2E4MmMyOWQxMTFjNiIsInVzZXJfaWQiOjM0MSwib2JqIjp7ImlkIjo1LCJwcm9maWxlIjp7Im5hbWUiOiJNYW5hdiBTaGFoIiwiZW1haWwiOiJtYW5hdi50ZXN0QGdtYWlsLmNvbSIsInJvbGUiOiJhZG1pbiJ9LCJicmFuY2giOnsiYnJhbmNoX25hbWUiOiJURVNUX0JSQU5DSF9GT1JfQ09SRV9URUFNIiwiYnJhbmNoX2NvZGUiOiI2OSIsInNsdWciOiIxMTg0MzhfMTcwOTMwMjkwMiIsImNvbGxlZ2UiOnsiY29sbGVnZV9uYW1lIjoiTC5ELiBjb2xsZWdlIG9mIGVuZ2luZWVyaW5nIiwic2x1ZyI6Ijc3MTg4Nl8xNzA4OTI4MzU5In19fX0.Te2ClIk-5BDJNIcLmlJs_6xRnv-K--_LILmMvEK0bjU', NULL, '2024-06-03 04:53:12+00', NULL, 'da0824398bf84c93bd8ca82c29d111c6');
INSERT INTO public.token_blacklist_outstandingtoken (id, token, created_at, expires_at, user_id, jti) VALUES (244, 'eyJhbGciOiJIUzI1NiIsInR5cCI6IkpXVCJ9.eyJ0b2tlbl90eXBlIjoicmVmcmVzaCIsImV4cCI6MTcxNzQ4NjQxOCwiaWF0IjoxNzA5NzEwNDE4LCJqdGkiOiI5NmI1NDA4YTc5OGI0ODIwODBjZDY4MTFiN2E2MDg3ZCIsInVzZXJfaWQiOjF9.-lVTjyIPF50eqf3jCxfyMqU_u9H0zRzu7Y6cTeZ39rE', '2024-03-06 07:33:38.23+00', '2024-06-04 07:33:38+00', 1, '96b5408a798b482080cd6811b7a6087d');
INSERT INTO public.token_blacklist_outstandingtoken (id, token, created_at, expires_at, user_id, jti) VALUES (245, 'eyJhbGciOiJIUzI1NiIsInR5cCI6IkpXVCJ9.eyJ0b2tlbl90eXBlIjoicmVmcmVzaCIsImV4cCI6MTcxNzQ4NzA5MCwiaWF0IjoxNzA5NzExMDkwLCJqdGkiOiIzMjE0ZmUxMjg1NzA0ZWFiODE1ZDljODc5NzM1YWUzMCIsInVzZXJfaWQiOjE4MH0.YPk4_sr34L6Y9ULaxKLv_ooOindRnYD10SoTpAFMhq8', '2024-03-06 07:44:50.404+00', '2024-06-04 07:44:50+00', 180, '3214fe1285704eab815d9c879735ae30');
INSERT INTO public.token_blacklist_outstandingtoken (id, token, created_at, expires_at, user_id, jti) VALUES (246, 'eyJhbGciOiJIUzI1NiIsInR5cCI6IkpXVCJ9.eyJ0b2tlbl90eXBlIjoicmVmcmVzaCIsImV4cCI6MTcxNzQ4NzMxNSwiaWF0IjoxNzA5NzExMzE1LCJqdGkiOiJlYjZhMjI0MTBlZDA0OWI0YTgzMTNkZDEwNTMyYzc5NiIsInVzZXJfaWQiOjM0NX0.psrIMK1SJbsks5c21ZbsbnZZ6Um6bCWgnwJ-PqJLRpc', '2024-03-06 07:48:35.505+00', '2024-06-04 07:48:35+00', 345, 'eb6a22410ed049b4a8313dd10532c796');
INSERT INTO public.token_blacklist_outstandingtoken (id, token, created_at, expires_at, user_id, jti) VALUES (247, 'eyJhbGciOiJIUzI1NiIsInR5cCI6IkpXVCJ9.eyJ0b2tlbl90eXBlIjoicmVmcmVzaCIsImV4cCI6MTcxNzQ4OTAwNiwiaWF0IjoxNzA5NzEzMDA2LCJqdGkiOiI0ODlkMjMxMjAzNTg0NjVlOGU0OWJhOTZlODYzMTk2YiIsInVzZXJfaWQiOjE4MH0.DU_l0Xsl6HI_rii3E3oklqYXnVtyNaA6IIFsXJu6co4', '2024-03-06 08:16:46.011+00', '2024-06-04 08:16:46+00', 180, '489d23120358465e8e49ba96e863196b');
INSERT INTO public.token_blacklist_outstandingtoken (id, token, created_at, expires_at, user_id, jti) VALUES (248, 'eyJhbGciOiJIUzI1NiIsInR5cCI6IkpXVCJ9.eyJ0b2tlbl90eXBlIjoicmVmcmVzaCIsImV4cCI6MTcxNzQ5MjY2NywiaWF0IjoxNzA5NzE2NjY3LCJqdGkiOiIwYzQzNjhiMWMyNGU0NzNmOWRlZDg4YzdjNjcxMDExMCIsInVzZXJfaWQiOjF9.gHaHdK6SbmrO9sOa-5ErLy8l4d4WpEHa4EQV5sq_CMM', '2024-03-06 09:17:47.39+00', '2024-06-04 09:17:47+00', 1, '0c4368b1c24e473f9ded88c7c6710110');
INSERT INTO public.token_blacklist_outstandingtoken (id, token, created_at, expires_at, user_id, jti) VALUES (249, 'eyJhbGciOiJIUzI1NiIsInR5cCI6IkpXVCJ9.eyJ0b2tlbl90eXBlIjoicmVmcmVzaCIsImV4cCI6MTcxNzQ5Mjk5NCwiaWF0IjoxNzA5NzE2OTk0LCJqdGkiOiIyMzY2OTkyMWNjOGE0ZTQwODZkYTE3NGZkMjAxMTIyZiIsInVzZXJfaWQiOjIwN30.r3iHuX5a89FeWQgIS11jLNnAq8R5NbG1fqgTFeoYdfs', '2024-03-06 09:23:14.844+00', '2024-06-04 09:23:14+00', 207, '23669921cc8a4e4086da174fd201122f');
INSERT INTO public.token_blacklist_outstandingtoken (id, token, created_at, expires_at, user_id, jti) VALUES (250, 'eyJhbGciOiJIUzI1NiIsInR5cCI6IkpXVCJ9.eyJ0b2tlbl90eXBlIjoicmVmcmVzaCIsImV4cCI6MTcxNzQ5MzA0NiwiaWF0IjoxNzA5NzE3MDQ2LCJqdGkiOiI2YTU0ZjFkYjg1YTc0NDI2ODFhODVmYjgyYjMwOGFlOSIsInVzZXJfaWQiOjM0NH0.GYTgKVFjwlUkJPQPKgo_Bf8JotdsAcyiggK2VgIVbs0', '2024-03-06 09:24:06.953+00', '2024-06-04 09:24:06+00', 344, '6a54f1db85a7442681a85fb82b308ae9');
INSERT INTO public.token_blacklist_outstandingtoken (id, token, created_at, expires_at, user_id, jti) VALUES (251, 'eyJhbGciOiJIUzI1NiIsInR5cCI6IkpXVCJ9.eyJ0b2tlbl90eXBlIjoicmVmcmVzaCIsImV4cCI6MTcxNzQ5MzIzNywiaWF0IjoxNzA5NzE3MjM3LCJqdGkiOiI0OTllOTZiMWU1MDg0Mjc1ODVmMmU0ZDRjMjU1NTNjZSIsInVzZXJfaWQiOjE5M30.Gac-H-1IgI7JphB8xo9wiETxxUw9hZjDvFtaOMn7_6o', '2024-03-06 09:27:17.268+00', '2024-06-04 09:27:17+00', 193, '499e96b1e508427585f2e4d4c25553ce');
INSERT INTO public.token_blacklist_outstandingtoken (id, token, created_at, expires_at, user_id, jti) VALUES (252, 'eyJhbGciOiJIUzI1NiIsInR5cCI6IkpXVCJ9.eyJ0b2tlbl90eXBlIjoicmVmcmVzaCIsImV4cCI6MTcxNjIwMTMzMywiaWF0IjoxNzA4NDI1MzMzLCJqdGkiOiI4OGVlOTRiMTIyNjM0NWIwOWQxMTViNTkxOTc4NGIxYSIsInVzZXJfaWQiOjYyLCJvYmoiOnsic2x1ZyI6IjE5NTkyMV8xNzA3NzUwODgzIiwicHJvZmlsZSI6eyJuYW1lIjoiQVNISVNIS1VNQVIgWUFEQVYiLCJlbWFpbCI6InlhZGF2YXNoaXNoQGdtYWlsLmNvbSIsInBoX25vIjpudWxsLCJyb2xlIjoic3R1ZGVudCJ9LCJicmFuY2giOnsiYnJhbmNoX25hbWUiOiJFbGVjdHJvbmljcyBBbmQgQ29tbXVuaWNhdGlvbiIsImJyYW5jaF9jb2RlIjoxMSwic2x1ZyI6IjI3NzA2OV8xNzA3NzMzMjExIiwiY29sbGVnZSI6eyJjb2xsZWdlX25hbWUiOiJMLkQuIGNvbGxlZ2Ugb2YgZW5naW5lZXJpbmciLCJzbHVnIjoiMzI1ODY2XzE3MDc3MzMxODQifX0sInNyX25vIjo0MTEwNTgsImVucm9sbG1lbnQiOiIyMzAyODMxMTEwMDEifX0.A07y1TY7JA85wBBS6vzSynv5oiwEUPlcMz8gCZo3-vA', NULL, '2024-05-20 10:35:33+00', NULL, '88ee94b1226345b09d115b5919784b1a');
INSERT INTO public.token_blacklist_outstandingtoken (id, token, created_at, expires_at, user_id, jti) VALUES (253, 'eyJhbGciOiJIUzI1NiIsInR5cCI6IkpXVCJ9.eyJ0b2tlbl90eXBlIjoicmVmcmVzaCIsImV4cCI6MTcxNjExNDk3NCwiaWF0IjoxNzA4MzM4OTc0LCJqdGkiOiI2OTZhODRjMTMwZjg0ZjM3YWM0MmQyY2VkYmZjOTFiYyIsInVzZXJfaWQiOjI1LCJvYmoiOnsic2x1ZyI6IjMzNTQwN18xNzA3NzUwODgxIiwicHJvZmlsZSI6eyJuYW1lIjoiR09IRUwgQVJDSEkgUEFSRVNIQkhBSSIsImVtYWlsIjoiYXJjaGlwZ29oZWwyNUBnbWFpbC5jb20iLCJwaF9ubyI6bnVsbCwicm9sZSI6InN0dWRlbnQifSwiYnJhbmNoIjp7ImJyYW5jaF9uYW1lIjoiRWxlY3Ryb25pY3MgQW5kIENvbW11bmljYXRpb24iLCJicmFuY2hfY29kZSI6MTEsInNsdWciOiIyNzcwNjlfMTcwNzczMzIxMSIsImNvbGxlZ2UiOnsiY29sbGVnZV9uYW1lIjoiTC5ELiBjb2xsZWdlIG9mIGVuZ2luZWVyaW5nIiwic2x1ZyI6IjMyNTg2Nl8xNzA3NzMzMTg0In19LCJzcl9ubyI6NDExMDIxLCJlbnJvbGxtZW50IjoiMjIwMjgwMTExMDMwIn19.khIhu7FzKSjflFVzAtwDEmjh5ybojG7idD7XjM9L-Xg', NULL, '2024-05-19 10:36:14+00', NULL, '696a84c130f84f37ac42d2cedbfc91bc');
INSERT INTO public.token_blacklist_outstandingtoken (id, token, created_at, expires_at, user_id, jti) VALUES (254, 'eyJhbGciOiJIUzI1NiIsInR5cCI6IkpXVCJ9.eyJ0b2tlbl90eXBlIjoicmVmcmVzaCIsImV4cCI6MTcxNzQ5MzQwOCwiaWF0IjoxNzA5NzE3NDA4LCJqdGkiOiJjMDMzNzkwZmI5NmI0MzFhODM4NjQ1ODhlZWYyNGMzMCIsInVzZXJfaWQiOjYyLCJvYmoiOnsic2x1ZyI6IjE5NTkyMV8xNzA3NzUwODgzIiwicHJvZmlsZSI6eyJuYW1lIjoiQVNISVNIS1VNQVIgWUFEQVYiLCJlbWFpbCI6InlhZGF2YXNoaXNoQGdtYWlsLmNvbSIsInBoX25vIjpudWxsLCJyb2xlIjoic3R1ZGVudCJ9LCJicmFuY2giOnsiYnJhbmNoX25hbWUiOiJFbGVjdHJvbmljcyBBbmQgQ29tbXVuaWNhdGlvbiIsImJyYW5jaF9jb2RlIjoxMSwic2x1ZyI6IjI3NzA2OV8xNzA3NzMzMjExIiwiY29sbGVnZSI6eyJjb2xsZWdlX25hbWUiOiJMLkQuIGNvbGxlZ2Ugb2YgZW5naW5lZXJpbmciLCJzbHVnIjoiMzI1ODY2XzE3MDc3MzMxODQifX0sInNyX25vIjo0MTEwNTgsImVucm9sbG1lbnQiOiIyMzAyODMxMTEwMDEifX0.jHOXIb-ureV2UaKBqia_9oQq1mBgbfMPUbJP4cqz10o', NULL, '2024-06-04 09:30:08+00', NULL, 'c033790fb96b431a83864588eef24c30');
INSERT INTO public.token_blacklist_outstandingtoken (id, token, created_at, expires_at, user_id, jti) VALUES (255, 'eyJhbGciOiJIUzI1NiIsInR5cCI6IkpXVCJ9.eyJ0b2tlbl90eXBlIjoicmVmcmVzaCIsImV4cCI6MTcxNjExNTEwNiwiaWF0IjoxNzA4MzM5MTA2LCJqdGkiOiJkOTY5YzQ4NTNhNzg0NjQ3OTA4MzNjMDRiZTUyNTIxNiIsInVzZXJfaWQiOjI4LCJvYmoiOnsic2x1ZyI6IjczNzkwNF8xNzA3NzUwODgxIiwicHJvZmlsZSI6eyJuYW1lIjoiSkFEQVYgSVNIQSBCSEFSQVRCSEFJIiwiZW1haWwiOiJpc2hhYmphZGF2QGdtYWlsLmNvbSIsInBoX25vIjpudWxsLCJyb2xlIjoic3R1ZGVudCJ9LCJicmFuY2giOnsiYnJhbmNoX25hbWUiOiJFbGVjdHJvbmljcyBBbmQgQ29tbXVuaWNhdGlvbiIsImJyYW5jaF9jb2RlIjoxMSwic2x1ZyI6IjI3NzA2OV8xNzA3NzMzMjExIiwiY29sbGVnZSI6eyJjb2xsZWdlX25hbWUiOiJMLkQuIGNvbGxlZ2Ugb2YgZW5naW5lZXJpbmciLCJzbHVnIjoiMzI1ODY2XzE3MDc3MzMxODQifX0sInNyX25vIjo0MTEwMjQsImVucm9sbG1lbnQiOiIyMjAyODAxMTEwMzcifX0.NN54URot6J0tQs6TPel_BsAkMBkByilpIsChM79Tepw', NULL, '2024-05-19 10:38:26+00', NULL, 'd969c4853a78464790833c04be525216');
INSERT INTO public.token_blacklist_outstandingtoken (id, token, created_at, expires_at, user_id, jti) VALUES (256, 'eyJhbGciOiJIUzI1NiIsInR5cCI6IkpXVCJ9.eyJ0b2tlbl90eXBlIjoicmVmcmVzaCIsImV4cCI6MTcxNzQ5MzQyMiwiaWF0IjoxNzA5NzE3NDIyLCJqdGkiOiIwYzlmYjBhYjAyNWI0ZjBiYTgzYjkzODhlMzk0NWJiMCIsInVzZXJfaWQiOjYyLCJvYmoiOnsic2x1ZyI6IjE5NTkyMV8xNzA3NzUwODgzIiwicHJvZmlsZSI6eyJuYW1lIjoiQVNISVNIS1VNQVIgWUFEQVYiLCJlbWFpbCI6InlhZGF2YXNoaXNoQGdtYWlsLmNvbSIsInBoX25vIjpudWxsLCJyb2xlIjoic3R1ZGVudCJ9LCJicmFuY2giOnsiYnJhbmNoX25hbWUiOiJFbGVjdHJvbmljcyBBbmQgQ29tbXVuaWNhdGlvbiIsImJyYW5jaF9jb2RlIjoxMSwic2x1ZyI6IjI3NzA2OV8xNzA3NzMzMjExIiwiY29sbGVnZSI6eyJjb2xsZWdlX25hbWUiOiJMLkQuIGNvbGxlZ2Ugb2YgZW5naW5lZXJpbmciLCJzbHVnIjoiMzI1ODY2XzE3MDc3MzMxODQifX0sInNyX25vIjo0MTEwNTgsImVucm9sbG1lbnQiOiIyMzAyODMxMTEwMDEifX0.uOZcVXt4SZXdQcO40CC0dM9MmSKDaVFTF5WQlRnMB6M', NULL, '2024-06-04 09:30:22+00', NULL, '0c9fb0ab025b4f0ba83b9388e3945bb0');
INSERT INTO public.token_blacklist_outstandingtoken (id, token, created_at, expires_at, user_id, jti) VALUES (257, 'eyJhbGciOiJIUzI1NiIsInR5cCI6IkpXVCJ9.eyJ0b2tlbl90eXBlIjoicmVmcmVzaCIsImV4cCI6MTcxNjE5ODQyMiwiaWF0IjoxNzA4NDIyNDIyLCJqdGkiOiI0YmIxZTY0ODliMmE0ZjJkOTFkMjNjZDI4MzJjNjU5ZSIsInVzZXJfaWQiOjQ4LCJvYmoiOnsic2x1ZyI6IjI0Mzk1N18xNzA3NzUwODgyIiwicHJvZmlsZSI6eyJuYW1lIjoiTkFJUiBBTktJVEEgUkFKQU4iLCJlbWFpbCI6IjIyZWNkaGEwNjRAZ21haWwuY29tIiwicGhfbm8iOm51bGwsInJvbGUiOiJzdHVkZW50In0sImJyYW5jaCI6eyJicmFuY2hfbmFtZSI6IkVsZWN0cm9uaWNzIEFuZCBDb21tdW5pY2F0aW9uIiwiYnJhbmNoX2NvZGUiOjExLCJzbHVnIjoiMjc3MDY5XzE3MDc3MzMyMTEiLCJjb2xsZWdlIjp7ImNvbGxlZ2VfbmFtZSI6IkwuRC4gY29sbGVnZSBvZiBlbmdpbmVlcmluZyIsInNsdWciOiIzMjU4NjZfMTcwNzczMzE4NCJ9fSwic3Jfbm8iOjQxMTA0NCwiZW5yb2xsbWVudCI6IjIyMDI4MDExMTA2NSJ9fQ.TysIpHhF-0TfzEwf7Vmg8msUCGREfMwj6Uu21KHv0fI', NULL, '2024-05-20 09:47:02+00', NULL, '4bb1e6489b2a4f2d91d23cd2832c659e');
INSERT INTO public.token_blacklist_outstandingtoken (id, token, created_at, expires_at, user_id, jti) VALUES (258, 'eyJhbGciOiJIUzI1NiIsInR5cCI6IkpXVCJ9.eyJ0b2tlbl90eXBlIjoicmVmcmVzaCIsImV4cCI6MTcxNjExNDg0MSwiaWF0IjoxNzA4MzM4ODQxLCJqdGkiOiJlZmU0NGQyMzkyYTU0YWVjOTMwZDZlZWE3ODU2MjQ0NCIsInVzZXJfaWQiOjExLCJvYmoiOnsic2x1ZyI6IjQzNDE4NV8xNzA3NzUwODgxIiwicHJvZmlsZSI6eyJuYW1lIjoiQlVUQU5JIFNNSVRLVU1BUiBKSVRFTkRSQUJIQUkiLCJlbWFpbCI6ImhpdGhlcmU5MDU0MzRAZ21haWwuY29tIiwicGhfbm8iOm51bGwsInJvbGUiOiJzdHVkZW50In0sImJyYW5jaCI6eyJicmFuY2hfbmFtZSI6IkVsZWN0cm9uaWNzIEFuZCBDb21tdW5pY2F0aW9uIiwiYnJhbmNoX2NvZGUiOjExLCJzbHVnIjoiMjc3MDY5XzE3MDc3MzMyMTEiLCJjb2xsZWdlIjp7ImNvbGxlZ2VfbmFtZSI6IkwuRC4gY29sbGVnZSBvZiBlbmdpbmVlcmluZyIsInNsdWciOiIzMjU4NjZfMTcwNzczMzE4NCJ9fSwic3Jfbm8iOjQxMTAwNywiZW5yb2xsbWVudCI6IjIyMDI4MDExMTAxMyJ9fQ.TkCA0RCLuYQeN6vH_dgIU7as4wzNVq6MK7v4iNRJrM4', NULL, '2024-05-19 10:34:01+00', NULL, 'efe44d2392a54aec930d6eea78562444');
INSERT INTO public.token_blacklist_outstandingtoken (id, token, created_at, expires_at, user_id, jti) VALUES (259, 'eyJhbGciOiJIUzI1NiIsInR5cCI6IkpXVCJ9.eyJ0b2tlbl90eXBlIjoicmVmcmVzaCIsImV4cCI6MTcxNzQ5MzQzMiwiaWF0IjoxNzA5NzE3NDMyLCJqdGkiOiIzNzVjM2ExNmI5YmY0MDE3OWQ3MzhiNDZkMjRhZDQwNiIsInVzZXJfaWQiOjI4LCJvYmoiOnsic2x1ZyI6IjczNzkwNF8xNzA3NzUwODgxIiwicHJvZmlsZSI6eyJuYW1lIjoiSkFEQVYgSVNIQSBCSEFSQVRCSEFJIiwiZW1haWwiOiJpc2hhYmphZGF2QGdtYWlsLmNvbSIsInBoX25vIjpudWxsLCJyb2xlIjoic3R1ZGVudCJ9LCJicmFuY2giOnsiYnJhbmNoX25hbWUiOiJFbGVjdHJvbmljcyBBbmQgQ29tbXVuaWNhdGlvbiIsImJyYW5jaF9jb2RlIjoxMSwic2x1ZyI6IjI3NzA2OV8xNzA3NzMzMjExIiwiY29sbGVnZSI6eyJjb2xsZWdlX25hbWUiOiJMLkQuIGNvbGxlZ2Ugb2YgZW5naW5lZXJpbmciLCJzbHVnIjoiMzI1ODY2XzE3MDc3MzMxODQifX0sInNyX25vIjo0MTEwMjQsImVucm9sbG1lbnQiOiIyMjAyODAxMTEwMzcifX0.AYOkGaR-xg4ePfJutMkaigEWz2z-ZCSh3R9MVpEJfw0', NULL, '2024-06-04 09:30:32+00', NULL, '375c3a16b9bf40179d738b46d24ad406');
INSERT INTO public.token_blacklist_outstandingtoken (id, token, created_at, expires_at, user_id, jti) VALUES (260, 'eyJhbGciOiJIUzI1NiIsInR5cCI6IkpXVCJ9.eyJ0b2tlbl90eXBlIjoicmVmcmVzaCIsImV4cCI6MTcxNjI4MDY3NSwiaWF0IjoxNzA4NTA0Njc1LCJqdGkiOiI2ZWUwMDZhYmU5MmM0OTNlYTMyMzBjMGJlOWUwNDUyNyIsInVzZXJfaWQiOjQ1LCJvYmoiOnsic2x1ZyI6IjcwMDUwMl8xNzA3NzUwODgyIiwicHJvZmlsZSI6eyJuYW1lIjoiTW9kaSBLaXJ0YW4gSGl0ZXNoa3VtYXIiLCJlbWFpbCI6ImtpcnRhbm1vZGk1OTNAZ21haWwuY29tIiwicGhfbm8iOm51bGwsInJvbGUiOiJzdHVkZW50In0sImJyYW5jaCI6eyJicmFuY2hfbmFtZSI6IkVsZWN0cm9uaWNzIEFuZCBDb21tdW5pY2F0aW9uIiwiYnJhbmNoX2NvZGUiOjExLCJzbHVnIjoiMjc3MDY5XzE3MDc3MzMyMTEiLCJjb2xsZWdlIjp7ImNvbGxlZ2VfbmFtZSI6IkwuRC4gY29sbGVnZSBvZiBlbmdpbmVlcmluZyIsInNsdWciOiIzMjU4NjZfMTcwNzczMzE4NCJ9fSwic3Jfbm8iOjQxMTA0MSwiZW5yb2xsbWVudCI6IjIyMDI4MDExMTA2MSJ9fQ.J4pPR-ETuUcH_w5mEk9HnUgi5MYZ9XVcgme8H6SJ_20', NULL, '2024-05-21 08:37:55+00', NULL, '6ee006abe92c493ea3230c0be9e04527');
INSERT INTO public.token_blacklist_outstandingtoken (id, token, created_at, expires_at, user_id, jti) VALUES (261, 'eyJhbGciOiJIUzI1NiIsInR5cCI6IkpXVCJ9.eyJ0b2tlbl90eXBlIjoicmVmcmVzaCIsImV4cCI6MTcxNzQ5MzQxMCwiaWF0IjoxNzA5NzE3NDEwLCJqdGkiOiI4ZjhjMmJmYmZkODI0NmU2OTRkY2NkMzM3NTNjZDZkMiIsInVzZXJfaWQiOjI1LCJvYmoiOnsic2x1ZyI6IjMzNTQwN18xNzA3NzUwODgxIiwicHJvZmlsZSI6eyJuYW1lIjoiR09IRUwgQVJDSEkgUEFSRVNIQkhBSSIsImVtYWlsIjoiYXJjaGlwZ29oZWwyNUBnbWFpbC5jb20iLCJwaF9ubyI6bnVsbCwicm9sZSI6InN0dWRlbnQifSwiYnJhbmNoIjp7ImJyYW5jaF9uYW1lIjoiRWxlY3Ryb25pY3MgQW5kIENvbW11bmljYXRpb24iLCJicmFuY2hfY29kZSI6MTEsInNsdWciOiIyNzcwNjlfMTcwNzczMzIxMSIsImNvbGxlZ2UiOnsiY29sbGVnZV9uYW1lIjoiTC5ELiBjb2xsZWdlIG9mIGVuZ2luZWVyaW5nIiwic2x1ZyI6IjMyNTg2Nl8xNzA3NzMzMTg0In19LCJzcl9ubyI6NDExMDIxLCJlbnJvbGxtZW50IjoiMjIwMjgwMTExMDMwIn19.j5fC78SnbFyqIUq-qyp5v3e7_ai5cWACuSGitdp3uuI', NULL, '2024-06-04 09:30:10+00', NULL, '8f8c2bfbfd8246e694dccd33753cd6d2');
INSERT INTO public.token_blacklist_outstandingtoken (id, token, created_at, expires_at, user_id, jti) VALUES (262, 'eyJhbGciOiJIUzI1NiIsInR5cCI6IkpXVCJ9.eyJ0b2tlbl90eXBlIjoicmVmcmVzaCIsImV4cCI6MTcxNjI4MDU5OCwiaWF0IjoxNzA4NTA0NTk4LCJqdGkiOiJlYWJjNjMyMzBmNjQ0ODE5OTI1MWE3OWQ5Y2NhNTZkMSIsInVzZXJfaWQiOjksIm9iaiI6eyJzbHVnIjoiMjI1Mjg4XzE3MDc3NTA4ODEiLCJwcm9maWxlIjp7Im5hbWUiOiJCSEFOQVYgTU9OSUtBIiwiZW1haWwiOiJtb25pa2FiaGFuYXZAZ21haWwuY29tIiwicGhfbm8iOm51bGwsInJvbGUiOiJzdHVkZW50In0sImJyYW5jaCI6eyJicmFuY2hfbmFtZSI6IkVsZWN0cm9uaWNzIEFuZCBDb21tdW5pY2F0aW9uIiwiYnJhbmNoX2NvZGUiOjExLCJzbHVnIjoiMjc3MDY5XzE3MDc3MzMyMTEiLCJjb2xsZWdlIjp7ImNvbGxlZ2VfbmFtZSI6IkwuRC4gY29sbGVnZSBvZiBlbmdpbmVlcmluZyIsInNsdWciOiIzMjU4NjZfMTcwNzczMzE4NCJ9fSwic3Jfbm8iOjQxMTAwNSwiZW5yb2xsbWVudCI6IjIyMDI4MDExMTAxMCJ9fQ._WJTkTG-Ya9XruWy33VHaxaFlKBjWz74SFTBfMOsqM0', NULL, '2024-05-21 08:36:38+00', NULL, 'eabc63230f6448199251a79d9cca56d1');
INSERT INTO public.token_blacklist_outstandingtoken (id, token, created_at, expires_at, user_id, jti) VALUES (263, 'eyJhbGciOiJIUzI1NiIsInR5cCI6IkpXVCJ9.eyJ0b2tlbl90eXBlIjoicmVmcmVzaCIsImV4cCI6MTcxNzQ5MzQzNiwiaWF0IjoxNzA5NzE3NDM2LCJqdGkiOiI1ZmU2ZmFkYTE5ZDA0ZDZkYmM3MWEwMmJjMjI3MzdlYSIsInVzZXJfaWQiOjYyLCJvYmoiOnsic2x1ZyI6IjE5NTkyMV8xNzA3NzUwODgzIiwicHJvZmlsZSI6eyJuYW1lIjoiQVNISVNIS1VNQVIgWUFEQVYiLCJlbWFpbCI6InlhZGF2YXNoaXNoQGdtYWlsLmNvbSIsInBoX25vIjpudWxsLCJyb2xlIjoic3R1ZGVudCJ9LCJicmFuY2giOnsiYnJhbmNoX25hbWUiOiJFbGVjdHJvbmljcyBBbmQgQ29tbXVuaWNhdGlvbiIsImJyYW5jaF9jb2RlIjoxMSwic2x1ZyI6IjI3NzA2OV8xNzA3NzMzMjExIiwiY29sbGVnZSI6eyJjb2xsZWdlX25hbWUiOiJMLkQuIGNvbGxlZ2Ugb2YgZW5naW5lZXJpbmciLCJzbHVnIjoiMzI1ODY2XzE3MDc3MzMxODQifX0sInNyX25vIjo0MTEwNTgsImVucm9sbG1lbnQiOiIyMzAyODMxMTEwMDEifX0.Y83l6knglpeBGj9pVc-t7pzXxcKJK-ti7PCodBVb_4c', NULL, '2024-06-04 09:30:36+00', NULL, '5fe6fada19d04d6dbc71a02bc22737ea');
INSERT INTO public.token_blacklist_outstandingtoken (id, token, created_at, expires_at, user_id, jti) VALUES (264, 'eyJhbGciOiJIUzI1NiIsInR5cCI6IkpXVCJ9.eyJ0b2tlbl90eXBlIjoicmVmcmVzaCIsImV4cCI6MTcxNzQ5MzQ1NywiaWF0IjoxNzA5NzE3NDU3LCJqdGkiOiI3ZGNhNmMzN2Y1MDE0NmRkYjk1MDBmYzYyMjkxNWM0YyIsInVzZXJfaWQiOjYyLCJvYmoiOnsic2x1ZyI6IjE5NTkyMV8xNzA3NzUwODgzIiwicHJvZmlsZSI6eyJuYW1lIjoiQVNISVNIS1VNQVIgWUFEQVYiLCJlbWFpbCI6InlhZGF2YXNoaXNoQGdtYWlsLmNvbSIsInBoX25vIjpudWxsLCJyb2xlIjoic3R1ZGVudCJ9LCJicmFuY2giOnsiYnJhbmNoX25hbWUiOiJFbGVjdHJvbmljcyBBbmQgQ29tbXVuaWNhdGlvbiIsImJyYW5jaF9jb2RlIjoxMSwic2x1ZyI6IjI3NzA2OV8xNzA3NzMzMjExIiwiY29sbGVnZSI6eyJjb2xsZWdlX25hbWUiOiJMLkQuIGNvbGxlZ2Ugb2YgZW5naW5lZXJpbmciLCJzbHVnIjoiMzI1ODY2XzE3MDc3MzMxODQifX0sInNyX25vIjo0MTEwNTgsImVucm9sbG1lbnQiOiIyMzAyODMxMTEwMDEifX0._ZDQn89jzuuzpdIDbmHTCHufsytEzfvwVD_FOwYbLr4', NULL, '2024-06-04 09:30:57+00', NULL, '7dca6c37f50146ddb9500fc622915c4c');
INSERT INTO public.token_blacklist_outstandingtoken (id, token, created_at, expires_at, user_id, jti) VALUES (265, 'eyJhbGciOiJIUzI1NiIsInR5cCI6IkpXVCJ9.eyJ0b2tlbl90eXBlIjoicmVmcmVzaCIsImV4cCI6MTcxNzQ5MzQ1NSwiaWF0IjoxNzA5NzE3NDU1LCJqdGkiOiI2MWM0NjhjN2EwNjM0MzFkYTAwYzBmYmZjM2U2N2I5MiIsInVzZXJfaWQiOjksIm9iaiI6eyJzbHVnIjoiMjI1Mjg4XzE3MDc3NTA4ODEiLCJwcm9maWxlIjp7Im5hbWUiOiJCSEFOQVYgTU9OSUtBIiwiZW1haWwiOiJtb25pa2FiaGFuYXZAZ21haWwuY29tIiwicGhfbm8iOm51bGwsInJvbGUiOiJzdHVkZW50In0sImJyYW5jaCI6eyJicmFuY2hfbmFtZSI6IkVsZWN0cm9uaWNzIEFuZCBDb21tdW5pY2F0aW9uIiwiYnJhbmNoX2NvZGUiOjExLCJzbHVnIjoiMjc3MDY5XzE3MDc3MzMyMTEiLCJjb2xsZWdlIjp7ImNvbGxlZ2VfbmFtZSI6IkwuRC4gY29sbGVnZSBvZiBlbmdpbmVlcmluZyIsInNsdWciOiIzMjU4NjZfMTcwNzczMzE4NCJ9fSwic3Jfbm8iOjQxMTAwNSwiZW5yb2xsbWVudCI6IjIyMDI4MDExMTAxMCJ9fQ.8-TEwK7bzK8jf8KfRwpr5tiGHie5np1J1ML3mbtSxgQ', NULL, '2024-06-04 09:30:55+00', NULL, '61c468c7a063431da00c0fbfc3e67b92');
INSERT INTO public.token_blacklist_outstandingtoken (id, token, created_at, expires_at, user_id, jti) VALUES (266, 'eyJhbGciOiJIUzI1NiIsInR5cCI6IkpXVCJ9.eyJ0b2tlbl90eXBlIjoicmVmcmVzaCIsImV4cCI6MTcxNzQ5MzQ4MCwiaWF0IjoxNzA5NzE3NDgwLCJqdGkiOiJkZTZiZGUzZDNhZjQ0OTZhODMyOGE0NTZlNTI3YzJhYiIsInVzZXJfaWQiOjEzfQ.JuAm50GF7qTf3rqNYHvsyG6N8n7uXjGKWho37hM6WXk', '2024-03-06 09:31:20.837+00', '2024-06-04 09:31:20+00', 13, 'de6bde3d3af4496a8328a456e527c2ab');
INSERT INTO public.token_blacklist_outstandingtoken (id, token, created_at, expires_at, user_id, jti) VALUES (267, 'eyJhbGciOiJIUzI1NiIsInR5cCI6IkpXVCJ9.eyJ0b2tlbl90eXBlIjoicmVmcmVzaCIsImV4cCI6MTcxNzQ5MzQ0NSwiaWF0IjoxNzA5NzE3NDQ1LCJqdGkiOiIxZDMwMDU3ODE5M2I0NjUzOWI1OWY2MzI2ODljZjAwMyIsInVzZXJfaWQiOjQ1LCJvYmoiOnsic2x1ZyI6IjcwMDUwMl8xNzA3NzUwODgyIiwicHJvZmlsZSI6eyJuYW1lIjoiTW9kaSBLaXJ0YW4gSGl0ZXNoa3VtYXIiLCJlbWFpbCI6ImtpcnRhbm1vZGk1OTNAZ21haWwuY29tIiwicGhfbm8iOm51bGwsInJvbGUiOiJzdHVkZW50In0sImJyYW5jaCI6eyJicmFuY2hfbmFtZSI6IkVsZWN0cm9uaWNzIEFuZCBDb21tdW5pY2F0aW9uIiwiYnJhbmNoX2NvZGUiOjExLCJzbHVnIjoiMjc3MDY5XzE3MDc3MzMyMTEiLCJjb2xsZWdlIjp7ImNvbGxlZ2VfbmFtZSI6IkwuRC4gY29sbGVnZSBvZiBlbmdpbmVlcmluZyIsInNsdWciOiIzMjU4NjZfMTcwNzczMzE4NCJ9fSwic3Jfbm8iOjQxMTA0MSwiZW5yb2xsbWVudCI6IjIyMDI4MDExMTA2MSJ9fQ.5tfvOQoHrOkPT2cEd_mryOo-mfCJz4IzZGLBUkbg0Aw', NULL, '2024-06-04 09:30:45+00', NULL, '1d300578193b46539b59f632689cf003');
INSERT INTO public.token_blacklist_outstandingtoken (id, token, created_at, expires_at, user_id, jti) VALUES (268, 'eyJhbGciOiJIUzI1NiIsInR5cCI6IkpXVCJ9.eyJ0b2tlbl90eXBlIjoicmVmcmVzaCIsImV4cCI6MTcxNzQ5MzQ4OSwiaWF0IjoxNzA5NzE3NDg5LCJqdGkiOiI3Njk0OThkYWJmOTg0YjQyOTQ3OTkxMzEwNjgzM2YzNyIsInVzZXJfaWQiOjZ9.YhOfWDyqxmHL64z__m3dCIKSNRJ6lOFd8rrg48vkHiA', '2024-03-06 09:31:29.789+00', '2024-06-04 09:31:29+00', 6, '769498dabf984b429479913106833f37');
INSERT INTO public.token_blacklist_outstandingtoken (id, token, created_at, expires_at, user_id, jti) VALUES (269, 'eyJhbGciOiJIUzI1NiIsInR5cCI6IkpXVCJ9.eyJ0b2tlbl90eXBlIjoicmVmcmVzaCIsImV4cCI6MTcxNzQ5MzQ3MSwiaWF0IjoxNzA5NzE3NDcxLCJqdGkiOiJhYmFmYTMwYjllZmM0OGNkOTVkZDMzMTg3NTQ1MTUyMiIsInVzZXJfaWQiOjYyLCJvYmoiOnsic2x1ZyI6IjE5NTkyMV8xNzA3NzUwODgzIiwicHJvZmlsZSI6eyJuYW1lIjoiQVNISVNIS1VNQVIgWUFEQVYiLCJlbWFpbCI6InlhZGF2YXNoaXNoQGdtYWlsLmNvbSIsInBoX25vIjpudWxsLCJyb2xlIjoic3R1ZGVudCJ9LCJicmFuY2giOnsiYnJhbmNoX25hbWUiOiJFbGVjdHJvbmljcyBBbmQgQ29tbXVuaWNhdGlvbiIsImJyYW5jaF9jb2RlIjoxMSwic2x1ZyI6IjI3NzA2OV8xNzA3NzMzMjExIiwiY29sbGVnZSI6eyJjb2xsZWdlX25hbWUiOiJMLkQuIGNvbGxlZ2Ugb2YgZW5naW5lZXJpbmciLCJzbHVnIjoiMzI1ODY2XzE3MDc3MzMxODQifX0sInNyX25vIjo0MTEwNTgsImVucm9sbG1lbnQiOiIyMzAyODMxMTEwMDEifX0.dP5_Yl7CpP0-V2RiqMNoEZeodV68rGse2JUUmgalplc', NULL, '2024-06-04 09:31:11+00', NULL, 'abafa30b9efc48cd95dd331875451522');
INSERT INTO public.token_blacklist_outstandingtoken (id, token, created_at, expires_at, user_id, jti) VALUES (270, 'eyJhbGciOiJIUzI1NiIsInR5cCI6IkpXVCJ9.eyJ0b2tlbl90eXBlIjoicmVmcmVzaCIsImV4cCI6MTcxNzQ5MzQ5MCwiaWF0IjoxNzA5NzE3NDkwLCJqdGkiOiJmMjJkOWNlM2NhNTM0MDIwYTNmYmRiZmY5MjhjNmRjMyIsInVzZXJfaWQiOjd9.iqzDf2NK56fq3BSghF4VzCTyPcs2f0CZSNNs0QR-JCk', '2024-03-06 09:31:30.129+00', '2024-06-04 09:31:30+00', 7, 'f22d9ce3ca534020a3fbdbff928c6dc3');
INSERT INTO public.token_blacklist_outstandingtoken (id, token, created_at, expires_at, user_id, jti) VALUES (271, 'eyJhbGciOiJIUzI1NiIsInR5cCI6IkpXVCJ9.eyJ0b2tlbl90eXBlIjoicmVmcmVzaCIsImV4cCI6MTcxNzQ5MzQ5NSwiaWF0IjoxNzA5NzE3NDk1LCJqdGkiOiIyYjBmMzI0NWU4ZmU0NTMxOTE5OWRjZDFmNzllYWUwMyIsInVzZXJfaWQiOjQyfQ.ENGkVcQb325PGDiabeLoopVnr_GmmmU6qzFrqqdVuj0', '2024-03-06 09:31:35.675+00', '2024-06-04 09:31:35+00', 42, '2b0f3245e8fe45319199dcd1f79eae03');
INSERT INTO public.token_blacklist_outstandingtoken (id, token, created_at, expires_at, user_id, jti) VALUES (272, 'eyJhbGciOiJIUzI1NiIsInR5cCI6IkpXVCJ9.eyJ0b2tlbl90eXBlIjoicmVmcmVzaCIsImV4cCI6MTcxNzQ5MzQ5NywiaWF0IjoxNzA5NzE3NDk3LCJqdGkiOiIyNDg0ZDY3OTI4YWI0MDk2OGQ1MGUxNTU3NTExZjQ1MCIsInVzZXJfaWQiOjQyfQ.6iQLlmxgQ-oNeK1XQ0s-m2nRvayV1F0aPqc7m4oL3bg', '2024-03-06 09:31:37.349+00', '2024-06-04 09:31:37+00', 42, '2484d67928ab40968d50e1557511f450');
INSERT INTO public.token_blacklist_outstandingtoken (id, token, created_at, expires_at, user_id, jti) VALUES (273, 'eyJhbGciOiJIUzI1NiIsInR5cCI6IkpXVCJ9.eyJ0b2tlbl90eXBlIjoicmVmcmVzaCIsImV4cCI6MTcxNzQ5MzQ5NywiaWF0IjoxNzA5NzE3NDk3LCJqdGkiOiIwZjk3NmVhMGYzODU0ZGVkODJiNTlkZmQxOTUwZGUwNCIsInVzZXJfaWQiOjMyfQ.-XSHNKYYRkIhLTbqFFXI5-AH20ie_SRSOFoxTPvsRaU', '2024-03-06 09:31:37.432+00', '2024-06-04 09:31:37+00', 32, '0f976ea0f3854ded82b59dfd1950de04');
INSERT INTO public.token_blacklist_outstandingtoken (id, token, created_at, expires_at, user_id, jti) VALUES (274, 'eyJhbGciOiJIUzI1NiIsInR5cCI6IkpXVCJ9.eyJ0b2tlbl90eXBlIjoicmVmcmVzaCIsImV4cCI6MTcxNzQ5MzQ5OSwiaWF0IjoxNzA5NzE3NDk5LCJqdGkiOiI2MzA2ZWY4MDlmM2M0NjljOTY3ODNkN2Q0OTIxNDA5OCIsInVzZXJfaWQiOjYzfQ.CJEkyLtpC42lf-X4KEJNeIhkkJqbdE78rfhwsO2JARo', '2024-03-06 09:31:39.721+00', '2024-06-04 09:31:39+00', 63, '6306ef809f3c469c96783d7d49214098');
INSERT INTO public.token_blacklist_outstandingtoken (id, token, created_at, expires_at, user_id, jti) VALUES (275, 'eyJhbGciOiJIUzI1NiIsInR5cCI6IkpXVCJ9.eyJ0b2tlbl90eXBlIjoicmVmcmVzaCIsImV4cCI6MTcxNzQ5MzUwMSwiaWF0IjoxNzA5NzE3NTAxLCJqdGkiOiI3MWNjMzNmYWFkYmE0NjljOTUxMGMyN2UyNGI3NjYyOCIsInVzZXJfaWQiOjQ0fQ.ZlJW5y9W9AWAlQ29PuwkZm9m5DX9q7bPfhZdrjyotgQ', '2024-03-06 09:31:41.438+00', '2024-06-04 09:31:41+00', 44, '71cc33faadba469c9510c27e24b76628');
INSERT INTO public.token_blacklist_outstandingtoken (id, token, created_at, expires_at, user_id, jti) VALUES (276, 'eyJhbGciOiJIUzI1NiIsInR5cCI6IkpXVCJ9.eyJ0b2tlbl90eXBlIjoicmVmcmVzaCIsImV4cCI6MTcxNzQ5MzUwMywiaWF0IjoxNzA5NzE3NTAzLCJqdGkiOiIwYWE4MDhiNjQzMDE0ZTQ3Yjc4ZGQ2M2Q5NTYzZTYxZSIsInVzZXJfaWQiOjEyMH0.R2WzPduemwIWd9mO8Z-s8oIvS5Hd4x9v5Ijw9YUVIwc', '2024-03-06 09:31:43.361+00', '2024-06-04 09:31:43+00', 120, '0aa808b643014e47b78dd63d9563e61e');
INSERT INTO public.token_blacklist_outstandingtoken (id, token, created_at, expires_at, user_id, jti) VALUES (277, 'eyJhbGciOiJIUzI1NiIsInR5cCI6IkpXVCJ9.eyJ0b2tlbl90eXBlIjoicmVmcmVzaCIsImV4cCI6MTcxNzQ5MzUwOCwiaWF0IjoxNzA5NzE3NTA4LCJqdGkiOiI1ZWMwODEzNzg3MWE0NzA2OWU2NDcyZTk4Nzk1NWQxZSIsInVzZXJfaWQiOjExfQ.nBC8MVGW7yAI36MVZdh0WA0ZndmX3H2Ao2lS4wor4bQ', '2024-03-06 09:31:48.491+00', '2024-06-04 09:31:48+00', 11, '5ec08137871a47069e6472e987955d1e');
INSERT INTO public.token_blacklist_outstandingtoken (id, token, created_at, expires_at, user_id, jti) VALUES (278, 'eyJhbGciOiJIUzI1NiIsInR5cCI6IkpXVCJ9.eyJ0b2tlbl90eXBlIjoicmVmcmVzaCIsImV4cCI6MTcxNzQ5MzUwOSwiaWF0IjoxNzA5NzE3NTA5LCJqdGkiOiIyZjlkNTQ1NmYzZmE0YThhODEyY2ZmOWJlZGY3ZTA0OCIsInVzZXJfaWQiOjM0fQ.WNNx465WiMWaVHyqyFQAO3uCJPk3908wi7vlx1y6CZc', '2024-03-06 09:31:49.008+00', '2024-06-04 09:31:49+00', 34, '2f9d5456f3fa4a8a812cff9bedf7e048');
INSERT INTO public.token_blacklist_outstandingtoken (id, token, created_at, expires_at, user_id, jti) VALUES (279, 'eyJhbGciOiJIUzI1NiIsInR5cCI6IkpXVCJ9.eyJ0b2tlbl90eXBlIjoicmVmcmVzaCIsImV4cCI6MTcxNzQ5MzUxNSwiaWF0IjoxNzA5NzE3NTE1LCJqdGkiOiI2OTNiNDQxNzQzNmM0NDVmYTQ2OTM3ZTgwZjc3ZGNhMCIsInVzZXJfaWQiOjI2fQ.OlyBGdZNO562IhI7F4YJjLsTWS_pOGbsinRe8JpMjaI', '2024-03-06 09:31:55.305+00', '2024-06-04 09:31:55+00', 26, '693b4417436c445fa46937e80f77dca0');
INSERT INTO public.token_blacklist_outstandingtoken (id, token, created_at, expires_at, user_id, jti) VALUES (280, 'eyJhbGciOiJIUzI1NiIsInR5cCI6IkpXVCJ9.eyJ0b2tlbl90eXBlIjoicmVmcmVzaCIsImV4cCI6MTcxNzQ5MzQ3NywiaWF0IjoxNzA5NzE3NDc3LCJqdGkiOiI4OTY4ZDVlY2MyM2U0MjEwYTJlYmM4NDAxMzllYTQ3MyIsInVzZXJfaWQiOjksIm9iaiI6eyJzbHVnIjoiMjI1Mjg4XzE3MDc3NTA4ODEiLCJwcm9maWxlIjp7Im5hbWUiOiJCSEFOQVYgTU9OSUtBIiwiZW1haWwiOiJtb25pa2FiaGFuYXZAZ21haWwuY29tIiwicGhfbm8iOm51bGwsInJvbGUiOiJzdHVkZW50In0sImJyYW5jaCI6eyJicmFuY2hfbmFtZSI6IkVsZWN0cm9uaWNzIEFuZCBDb21tdW5pY2F0aW9uIiwiYnJhbmNoX2NvZGUiOjExLCJzbHVnIjoiMjc3MDY5XzE3MDc3MzMyMTEiLCJjb2xsZWdlIjp7ImNvbGxlZ2VfbmFtZSI6IkwuRC4gY29sbGVnZSBvZiBlbmdpbmVlcmluZyIsInNsdWciOiIzMjU4NjZfMTcwNzczMzE4NCJ9fSwic3Jfbm8iOjQxMTAwNSwiZW5yb2xsbWVudCI6IjIyMDI4MDExMTAxMCJ9fQ.np8fuATE71xKAw82ILH_h2HuVX0l0yCBuCk5N3cQLUY', NULL, '2024-06-04 09:31:17+00', NULL, '8968d5ecc23e4210a2ebc840139ea473');
INSERT INTO public.token_blacklist_outstandingtoken (id, token, created_at, expires_at, user_id, jti) VALUES (281, 'eyJhbGciOiJIUzI1NiIsInR5cCI6IkpXVCJ9.eyJ0b2tlbl90eXBlIjoicmVmcmVzaCIsImV4cCI6MTcxNzQ5MzUxNSwiaWF0IjoxNzA5NzE3NTE1LCJqdGkiOiJlOTQwZWY3YjdhODE0ODI4YTkwMTUwZDI3Mzg4Mjg4ZCIsInVzZXJfaWQiOjU2fQ.-UTk1YFrwrYArepeXf-5qeu6oR7lG_vOMvpbEpJ3D_8', '2024-03-06 09:31:55.811+00', '2024-06-04 09:31:55+00', 56, 'e940ef7b7a814828a90150d27388288d');
INSERT INTO public.token_blacklist_outstandingtoken (id, token, created_at, expires_at, user_id, jti) VALUES (282, 'eyJhbGciOiJIUzI1NiIsInR5cCI6IkpXVCJ9.eyJ0b2tlbl90eXBlIjoicmVmcmVzaCIsImV4cCI6MTcxNzQ5MzUxOCwiaWF0IjoxNzA5NzE3NTE4LCJqdGkiOiJiZmY1ZjE0ZTkxZDc0ZDgwYjQwMDcxM2YyOWI3Y2YxNyIsInVzZXJfaWQiOjUzfQ.w_tdHp7MJ5O0VijyfBO1izX2weuLPrOICononT0P7dk', '2024-03-06 09:31:58.828+00', '2024-06-04 09:31:58+00', 53, 'bff5f14e91d74d80b400713f29b7cf17');
INSERT INTO public.token_blacklist_outstandingtoken (id, token, created_at, expires_at, user_id, jti) VALUES (283, 'eyJhbGciOiJIUzI1NiIsInR5cCI6IkpXVCJ9.eyJ0b2tlbl90eXBlIjoicmVmcmVzaCIsImV4cCI6MTcxNzQ5MzUyMywiaWF0IjoxNzA5NzE3NTIzLCJqdGkiOiJmNzgwNzY4ZTA4ZTY0NzkyYmFhZmFiNmM2ZWZjZDdjNiIsInVzZXJfaWQiOjIwfQ.CXxvfZHrJZZfZxJNdALJW8fGjBqiBMsOiavaHjinWUU', '2024-03-06 09:32:03.648+00', '2024-06-04 09:32:03+00', 20, 'f780768e08e64792baafab6c6efcd7c6');
INSERT INTO public.token_blacklist_outstandingtoken (id, token, created_at, expires_at, user_id, jti) VALUES (284, 'eyJhbGciOiJIUzI1NiIsInR5cCI6IkpXVCJ9.eyJ0b2tlbl90eXBlIjoicmVmcmVzaCIsImV4cCI6MTcxNzQ5MzUyNCwiaWF0IjoxNzA5NzE3NTI0LCJqdGkiOiIyYjE0ZGUyNjliN2I0MzlmYmY5MzAyZWQ2MTFhMzkyMSIsInVzZXJfaWQiOjIwfQ.SiiMN0oSkmCm1bKS1YfBomFuwLQxit6cQoKA6PZsvTs', '2024-03-06 09:32:04.28+00', '2024-06-04 09:32:04+00', 20, '2b14de269b7b439fbf9302ed611a3921');
INSERT INTO public.token_blacklist_outstandingtoken (id, token, created_at, expires_at, user_id, jti) VALUES (285, 'eyJhbGciOiJIUzI1NiIsInR5cCI6IkpXVCJ9.eyJ0b2tlbl90eXBlIjoicmVmcmVzaCIsImV4cCI6MTcxNzQ5MzQ4NSwiaWF0IjoxNzA5NzE3NDg1LCJqdGkiOiIyZTdjNjdhMTFhODI0NmMwYmY4NjhkMzViMDQxOGZiNCIsInVzZXJfaWQiOjQ1LCJvYmoiOnsic2x1ZyI6IjcwMDUwMl8xNzA3NzUwODgyIiwicHJvZmlsZSI6eyJuYW1lIjoiTW9kaSBLaXJ0YW4gSGl0ZXNoa3VtYXIiLCJlbWFpbCI6ImtpcnRhbm1vZGk1OTNAZ21haWwuY29tIiwicGhfbm8iOm51bGwsInJvbGUiOiJzdHVkZW50In0sImJyYW5jaCI6eyJicmFuY2hfbmFtZSI6IkVsZWN0cm9uaWNzIEFuZCBDb21tdW5pY2F0aW9uIiwiYnJhbmNoX2NvZGUiOjExLCJzbHVnIjoiMjc3MDY5XzE3MDc3MzMyMTEiLCJjb2xsZWdlIjp7ImNvbGxlZ2VfbmFtZSI6IkwuRC4gY29sbGVnZSBvZiBlbmdpbmVlcmluZyIsInNsdWciOiIzMjU4NjZfMTcwNzczMzE4NCJ9fSwic3Jfbm8iOjQxMTA0MSwiZW5yb2xsbWVudCI6IjIyMDI4MDExMTA2MSJ9fQ.moYPbuPmrE8PQ7lXguni2R-pWyBqMHzgdQZLPS0TtAE', NULL, '2024-06-04 09:31:25+00', NULL, '2e7c67a11a8246c0bf868d35b0418fb4');
INSERT INTO public.token_blacklist_outstandingtoken (id, token, created_at, expires_at, user_id, jti) VALUES (286, 'eyJhbGciOiJIUzI1NiIsInR5cCI6IkpXVCJ9.eyJ0b2tlbl90eXBlIjoicmVmcmVzaCIsImV4cCI6MTcxNzQ5MzQzNiwiaWF0IjoxNzA5NzE3NDM2LCJqdGkiOiJmYjAzZTM5MTFlYjk0OWEzOGNiZWYyMDA2ODNhMGRiOCIsInVzZXJfaWQiOjQ4LCJvYmoiOnsic2x1ZyI6IjI0Mzk1N18xNzA3NzUwODgyIiwicHJvZmlsZSI6eyJuYW1lIjoiTkFJUiBBTktJVEEgUkFKQU4iLCJlbWFpbCI6IjIyZWNkaGEwNjRAZ21haWwuY29tIiwicGhfbm8iOm51bGwsInJvbGUiOiJzdHVkZW50In0sImJyYW5jaCI6eyJicmFuY2hfbmFtZSI6IkVsZWN0cm9uaWNzIEFuZCBDb21tdW5pY2F0aW9uIiwiYnJhbmNoX2NvZGUiOjExLCJzbHVnIjoiMjc3MDY5XzE3MDc3MzMyMTEiLCJjb2xsZWdlIjp7ImNvbGxlZ2VfbmFtZSI6IkwuRC4gY29sbGVnZSBvZiBlbmdpbmVlcmluZyIsInNsdWciOiIzMjU4NjZfMTcwNzczMzE4NCJ9fSwic3Jfbm8iOjQxMTA0NCwiZW5yb2xsbWVudCI6IjIyMDI4MDExMTA2NSJ9fQ.Sy_Dwmd41JWW9MWtKeMd2vtWr4mzXTU2oR2FdLA2yxQ', NULL, '2024-06-04 09:30:36+00', NULL, 'fb03e3911eb949a38cbef200683a0db8');
INSERT INTO public.token_blacklist_outstandingtoken (id, token, created_at, expires_at, user_id, jti) VALUES (287, 'eyJhbGciOiJIUzI1NiIsInR5cCI6IkpXVCJ9.eyJ0b2tlbl90eXBlIjoicmVmcmVzaCIsImV4cCI6MTcxNzQ5MzUzMiwiaWF0IjoxNzA5NzE3NTMyLCJqdGkiOiJhODJmYTZhOWIxY2I0YmI0YWJiMjc0MWI0YmIzODVlOSIsInVzZXJfaWQiOjI4fQ.MzQJCLcuhpfsywjIsoCQU7mtYhz6TrB1meOTD5rC9EQ', '2024-03-06 09:32:12.524+00', '2024-06-04 09:32:12+00', 28, 'a82fa6a9b1cb4bb4abb2741b4bb385e9');
INSERT INTO public.token_blacklist_outstandingtoken (id, token, created_at, expires_at, user_id, jti) VALUES (288, 'eyJhbGciOiJIUzI1NiIsInR5cCI6IkpXVCJ9.eyJ0b2tlbl90eXBlIjoicmVmcmVzaCIsImV4cCI6MTcxNzQ5MzUxNSwiaWF0IjoxNzA5NzE3NTE1LCJqdGkiOiIyYTljNzc1N2I1ODE0NmM1YTgxZmZmMzhkMWUyNTgwOCIsInVzZXJfaWQiOjksIm9iaiI6eyJzbHVnIjoiMjI1Mjg4XzE3MDc3NTA4ODEiLCJwcm9maWxlIjp7Im5hbWUiOiJCSEFOQVYgTU9OSUtBIiwiZW1haWwiOiJtb25pa2FiaGFuYXZAZ21haWwuY29tIiwicGhfbm8iOm51bGwsInJvbGUiOiJzdHVkZW50In0sImJyYW5jaCI6eyJicmFuY2hfbmFtZSI6IkVsZWN0cm9uaWNzIEFuZCBDb21tdW5pY2F0aW9uIiwiYnJhbmNoX2NvZGUiOjExLCJzbHVnIjoiMjc3MDY5XzE3MDc3MzMyMTEiLCJjb2xsZWdlIjp7ImNvbGxlZ2VfbmFtZSI6IkwuRC4gY29sbGVnZSBvZiBlbmdpbmVlcmluZyIsInNsdWciOiIzMjU4NjZfMTcwNzczMzE4NCJ9fSwic3Jfbm8iOjQxMTAwNSwiZW5yb2xsbWVudCI6IjIyMDI4MDExMTAxMCJ9fQ.yh2SgQZ_erz0zN9_dnwgPIBFKcZ7STm7Z3Ey1kR52vc', NULL, '2024-06-04 09:31:55+00', NULL, '2a9c7757b58146c5a81fff38d1e25808');
INSERT INTO public.token_blacklist_outstandingtoken (id, token, created_at, expires_at, user_id, jti) VALUES (289, 'eyJhbGciOiJIUzI1NiIsInR5cCI6IkpXVCJ9.eyJ0b2tlbl90eXBlIjoicmVmcmVzaCIsImV4cCI6MTcxNzQ5MzU0NiwiaWF0IjoxNzA5NzE3NTQ2LCJqdGkiOiI0ZWUxYTBmMTRjYjQ0YjA3YmYxZjg1OWVjZDBlOTIxZiIsInVzZXJfaWQiOjMyfQ.QPJohTyguWrRNt6dw-peH2o6qUcMBh1AWacTuROnKWk', '2024-03-06 09:32:26.854+00', '2024-06-04 09:32:26+00', 32, '4ee1a0f14cb44b07bf1f859ecd0e921f');
INSERT INTO public.token_blacklist_outstandingtoken (id, token, created_at, expires_at, user_id, jti) VALUES (290, 'eyJhbGciOiJIUzI1NiIsInR5cCI6IkpXVCJ9.eyJ0b2tlbl90eXBlIjoicmVmcmVzaCIsImV4cCI6MTcxNzQ5MzU0NywiaWF0IjoxNzA5NzE3NTQ3LCJqdGkiOiI1NWY3ZWZjOTNjZjA0YmExOWM2MWQ0MWFjMzY4ZDBkNiIsInVzZXJfaWQiOjMyfQ.LyrwBIWoeigs1LRTPT4uQlknhV_PucitCGahsDJlRVY', '2024-03-06 09:32:27.507+00', '2024-06-04 09:32:27+00', 32, '55f7efc93cf04ba19c61d41ac368d0d6');
INSERT INTO public.token_blacklist_outstandingtoken (id, token, created_at, expires_at, user_id, jti) VALUES (291, 'eyJhbGciOiJIUzI1NiIsInR5cCI6IkpXVCJ9.eyJ0b2tlbl90eXBlIjoicmVmcmVzaCIsImV4cCI6MTcxNzQ5MzUyNSwiaWF0IjoxNzA5NzE3NTI1LCJqdGkiOiJmMmZjOTI4NzNhYWE0NTc2YmZhZjRhM2VlNzFhNzIyZiIsInVzZXJfaWQiOjQ1LCJvYmoiOnsic2x1ZyI6IjcwMDUwMl8xNzA3NzUwODgyIiwicHJvZmlsZSI6eyJuYW1lIjoiTW9kaSBLaXJ0YW4gSGl0ZXNoa3VtYXIiLCJlbWFpbCI6ImtpcnRhbm1vZGk1OTNAZ21haWwuY29tIiwicGhfbm8iOm51bGwsInJvbGUiOiJzdHVkZW50In0sImJyYW5jaCI6eyJicmFuY2hfbmFtZSI6IkVsZWN0cm9uaWNzIEFuZCBDb21tdW5pY2F0aW9uIiwiYnJhbmNoX2NvZGUiOjExLCJzbHVnIjoiMjc3MDY5XzE3MDc3MzMyMTEiLCJjb2xsZWdlIjp7ImNvbGxlZ2VfbmFtZSI6IkwuRC4gY29sbGVnZSBvZiBlbmdpbmVlcmluZyIsInNsdWciOiIzMjU4NjZfMTcwNzczMzE4NCJ9fSwic3Jfbm8iOjQxMTA0MSwiZW5yb2xsbWVudCI6IjIyMDI4MDExMTA2MSJ9fQ.XGCb3i7NTdOi3Eghhl_COY4m8P8SZuuQxzwIoxK0vcY', NULL, '2024-06-04 09:32:05+00', NULL, 'f2fc92873aaa4576bfaf4a3ee71a722f');
INSERT INTO public.token_blacklist_outstandingtoken (id, token, created_at, expires_at, user_id, jti) VALUES (292, 'eyJhbGciOiJIUzI1NiIsInR5cCI6IkpXVCJ9.eyJ0b2tlbl90eXBlIjoicmVmcmVzaCIsImV4cCI6MTcxNzQ5MzU0OSwiaWF0IjoxNzA5NzE3NTQ5LCJqdGkiOiIwMzgwYjM4MjUwNWU0NTQxOTI2OTMyMGZiNjNhNDVhMCIsInVzZXJfaWQiOjE5fQ.QvbFdoAAg26JQQubXx5nVZs0aFgHENVj4i870l_6Dus', '2024-03-06 09:32:29.679+00', '2024-06-04 09:32:29+00', 19, '0380b382505e45419269320fb63a45a0');
INSERT INTO public.token_blacklist_outstandingtoken (id, token, created_at, expires_at, user_id, jti) VALUES (293, 'eyJhbGciOiJIUzI1NiIsInR5cCI6IkpXVCJ9.eyJ0b2tlbl90eXBlIjoicmVmcmVzaCIsImV4cCI6MTcxNzQ5MzU1MCwiaWF0IjoxNzA5NzE3NTUwLCJqdGkiOiJjNDYzOWM2MGFhYTA0MzI2YjhiMzJkY2UwNDQ4MjUwZSIsInVzZXJfaWQiOjE5fQ.72aYdBWNLnGxM_MrBmBM8aJs1yTxTaGNSoNprlplnLU', '2024-03-06 09:32:30.353+00', '2024-06-04 09:32:30+00', 19, 'c4639c60aaa04326b8b32dce0448250e');
INSERT INTO public.token_blacklist_outstandingtoken (id, token, created_at, expires_at, user_id, jti) VALUES (294, 'eyJhbGciOiJIUzI1NiIsInR5cCI6IkpXVCJ9.eyJ0b2tlbl90eXBlIjoicmVmcmVzaCIsImV4cCI6MTcxNzQ5MzU0NCwiaWF0IjoxNzA5NzE3NTQ0LCJqdGkiOiI0ZWMwNGMwYzc4MzQ0MTdlOTZjZTg3MTBlYTUzNWU4MyIsInVzZXJfaWQiOjksIm9iaiI6eyJzbHVnIjoiMjI1Mjg4XzE3MDc3NTA4ODEiLCJwcm9maWxlIjp7Im5hbWUiOiJCSEFOQVYgTU9OSUtBIiwiZW1haWwiOiJtb25pa2FiaGFuYXZAZ21haWwuY29tIiwicGhfbm8iOm51bGwsInJvbGUiOiJzdHVkZW50In0sImJyYW5jaCI6eyJicmFuY2hfbmFtZSI6IkVsZWN0cm9uaWNzIEFuZCBDb21tdW5pY2F0aW9uIiwiYnJhbmNoX2NvZGUiOjExLCJzbHVnIjoiMjc3MDY5XzE3MDc3MzMyMTEiLCJjb2xsZWdlIjp7ImNvbGxlZ2VfbmFtZSI6IkwuRC4gY29sbGVnZSBvZiBlbmdpbmVlcmluZyIsInNsdWciOiIzMjU4NjZfMTcwNzczMzE4NCJ9fSwic3Jfbm8iOjQxMTAwNSwiZW5yb2xsbWVudCI6IjIyMDI4MDExMTAxMCJ9fQ.nfEX30rthonJ1P6S8-CuCwKx-efrd42CRXYQs38KG_U', NULL, '2024-06-04 09:32:24+00', NULL, '4ec04c0c7834417e96ce8710ea535e83');
INSERT INTO public.token_blacklist_outstandingtoken (id, token, created_at, expires_at, user_id, jti) VALUES (295, 'eyJhbGciOiJIUzI1NiIsInR5cCI6IkpXVCJ9.eyJ0b2tlbl90eXBlIjoicmVmcmVzaCIsImV4cCI6MTcxNzQ5MzU2NiwiaWF0IjoxNzA5NzE3NTY2LCJqdGkiOiI4NzRkZjZiNDQ2YTQ0NDY2OTIyODE2ZDFmY2E4ZWE5MiIsInVzZXJfaWQiOjY2fQ.EdXWUXfyWjfuUz7wz1fqI0DtQhAdPAZ3P2RX2nHmX6Y', '2024-03-06 09:32:46.938+00', '2024-06-04 09:32:46+00', 66, '874df6b446a44466922816d1fca8ea92');
INSERT INTO public.token_blacklist_outstandingtoken (id, token, created_at, expires_at, user_id, jti) VALUES (296, 'eyJhbGciOiJIUzI1NiIsInR5cCI6IkpXVCJ9.eyJ0b2tlbl90eXBlIjoicmVmcmVzaCIsImV4cCI6MTcxNzQ5MzU3MSwiaWF0IjoxNzA5NzE3NTcxLCJqdGkiOiIwZDBkYzE5MDI5M2Y0OWU0YTU3NTQxYzIyNTU3MDYwNSIsInVzZXJfaWQiOjQzfQ.kjhx-Uv_5ld2-MRnbvnQdD6j_KqhqA8HyXhqi0BBPj0', '2024-03-06 09:32:51.212+00', '2024-06-04 09:32:51+00', 43, '0d0dc190293f49e4a57541c225570605');
INSERT INTO public.token_blacklist_outstandingtoken (id, token, created_at, expires_at, user_id, jti) VALUES (297, 'eyJhbGciOiJIUzI1NiIsInR5cCI6IkpXVCJ9.eyJ0b2tlbl90eXBlIjoicmVmcmVzaCIsImV4cCI6MTcxNzQ5MzUzMSwiaWF0IjoxNzA5NzE3NTMxLCJqdGkiOiJlYjAwMjA3NjBmYTQ0MWIwOWNhNzM2OTdjMDRiYTdkMiIsInVzZXJfaWQiOjQ4LCJvYmoiOnsic2x1ZyI6IjI0Mzk1N18xNzA3NzUwODgyIiwicHJvZmlsZSI6eyJuYW1lIjoiTkFJUiBBTktJVEEgUkFKQU4iLCJlbWFpbCI6IjIyZWNkaGEwNjRAZ21haWwuY29tIiwicGhfbm8iOm51bGwsInJvbGUiOiJzdHVkZW50In0sImJyYW5jaCI6eyJicmFuY2hfbmFtZSI6IkVsZWN0cm9uaWNzIEFuZCBDb21tdW5pY2F0aW9uIiwiYnJhbmNoX2NvZGUiOjExLCJzbHVnIjoiMjc3MDY5XzE3MDc3MzMyMTEiLCJjb2xsZWdlIjp7ImNvbGxlZ2VfbmFtZSI6IkwuRC4gY29sbGVnZSBvZiBlbmdpbmVlcmluZyIsInNsdWciOiIzMjU4NjZfMTcwNzczMzE4NCJ9fSwic3Jfbm8iOjQxMTA0NCwiZW5yb2xsbWVudCI6IjIyMDI4MDExMTA2NSJ9fQ.Ct8oS2bf7Ih2qcP5onreNweN50yjgGWJWWh47EnALUU', NULL, '2024-06-04 09:32:11+00', NULL, 'eb0020760fa441b09ca73697c04ba7d2');
INSERT INTO public.token_blacklist_outstandingtoken (id, token, created_at, expires_at, user_id, jti) VALUES (298, 'eyJhbGciOiJIUzI1NiIsInR5cCI6IkpXVCJ9.eyJ0b2tlbl90eXBlIjoicmVmcmVzaCIsImV4cCI6MTcxNzQ5MzYwOCwiaWF0IjoxNzA5NzE3NjA4LCJqdGkiOiI1NTFjYTZhNDgyMTg0ODU4YjBkYjljZWM2NmE5ZjYwZSIsInVzZXJfaWQiOjI0fQ.-WACbu4yddoHocmcV2mIlSrWtkNsI1sTsnoenz1a5Ww', '2024-03-06 09:33:28.347+00', '2024-06-04 09:33:28+00', 24, '551ca6a482184858b0db9cec66a9f60e');
INSERT INTO public.token_blacklist_outstandingtoken (id, token, created_at, expires_at, user_id, jti) VALUES (299, 'eyJhbGciOiJIUzI1NiIsInR5cCI6IkpXVCJ9.eyJ0b2tlbl90eXBlIjoicmVmcmVzaCIsImV4cCI6MTcxNzQ5MzYxNCwiaWF0IjoxNzA5NzE3NjE0LCJqdGkiOiI1NzBiZDFlOTQ2NzM0YTcyOGRhY2ZmZjk5ZTc2NjYwYiIsInVzZXJfaWQiOjYyfQ.IPCO4r_rE_jVhfn_YZyC17r1dTBx9gcpfKtX1_uY-Io', '2024-03-06 09:33:34.971+00', '2024-06-04 09:33:34+00', 62, '570bd1e946734a728dacfff99e76660b');
INSERT INTO public.token_blacklist_outstandingtoken (id, token, created_at, expires_at, user_id, jti) VALUES (300, 'eyJhbGciOiJIUzI1NiIsInR5cCI6IkpXVCJ9.eyJ0b2tlbl90eXBlIjoicmVmcmVzaCIsImV4cCI6MTcxNzQ5MzYzMiwiaWF0IjoxNzA5NzE3NjMyLCJqdGkiOiJiM2M0MTNiMjFjZTE0NmJhYWZjYTZhYTIyYjg4YmFhYyIsInVzZXJfaWQiOjI0fQ.0ysrARylw_WSSbzY9XHmfteChC-OWx7hgQ6um5pEHsg', '2024-03-06 09:33:52.4+00', '2024-06-04 09:33:52+00', 24, 'b3c413b21ce146baafca6aa22b88baac');
INSERT INTO public.token_blacklist_outstandingtoken (id, token, created_at, expires_at, user_id, jti) VALUES (301, 'eyJhbGciOiJIUzI1NiIsInR5cCI6IkpXVCJ9.eyJ0b2tlbl90eXBlIjoicmVmcmVzaCIsImV4cCI6MTcxNzQ5MzYzMiwiaWF0IjoxNzA5NzE3NjMyLCJqdGkiOiJiMmVlYjZiMGZjZWM0MDU2YjJmNGVlNzFmZDA4OTA5MyIsInVzZXJfaWQiOjI0fQ.Se2Kx3Y8451CylJ0QREQ5b29jhc9IR03e8EXKbBA3IM', '2024-03-06 09:33:52.676+00', '2024-06-04 09:33:52+00', 24, 'b2eeb6b0fcec4056b2f4ee71fd089093');
INSERT INTO public.token_blacklist_outstandingtoken (id, token, created_at, expires_at, user_id, jti) VALUES (302, 'eyJhbGciOiJIUzI1NiIsInR5cCI6IkpXVCJ9.eyJ0b2tlbl90eXBlIjoicmVmcmVzaCIsImV4cCI6MTcxNzQ5MzYzMiwiaWF0IjoxNzA5NzE3NjMyLCJqdGkiOiI4OWE3YjZjNjNiMjg0MzQ5YjRiODdkZTk2M2Y1OTgwNiIsInVzZXJfaWQiOjI0fQ.fkJtIVzjBgLtofqdHSqRjjND3__BLuWXFa8OzEsgn5o', '2024-03-06 09:33:52.714+00', '2024-06-04 09:33:52+00', 24, '89a7b6c63b284349b4b87de963f59806');
INSERT INTO public.token_blacklist_outstandingtoken (id, token, created_at, expires_at, user_id, jti) VALUES (303, 'eyJhbGciOiJIUzI1NiIsInR5cCI6IkpXVCJ9.eyJ0b2tlbl90eXBlIjoicmVmcmVzaCIsImV4cCI6MTcxNzQ5MzYzMiwiaWF0IjoxNzA5NzE3NjMyLCJqdGkiOiI3NWE2YTk3MzVkZTA0ZDhlYTI0YTU3MzQzM2Q2ZDM4NiIsInVzZXJfaWQiOjI0fQ.2QnO_NjzhCFXER3wRM-32AMQq09qCKNglWxNCNV0nQQ', '2024-03-06 09:33:52.854+00', '2024-06-04 09:33:52+00', 24, '75a6a9735de04d8ea24a573433d6d386');
INSERT INTO public.token_blacklist_outstandingtoken (id, token, created_at, expires_at, user_id, jti) VALUES (304, 'eyJhbGciOiJIUzI1NiIsInR5cCI6IkpXVCJ9.eyJ0b2tlbl90eXBlIjoicmVmcmVzaCIsImV4cCI6MTcxNzQ5MzYzMywiaWF0IjoxNzA5NzE3NjMzLCJqdGkiOiI0YWIzZjhmZGI0ZDg0YTNjYWM2YWNlNWIxOTU5ZGEzMiIsInVzZXJfaWQiOjI0fQ.D9laoAP5ffTJEvu5GxMJxrn9YqCemWQl0LIiCqspjVc', '2024-03-06 09:33:53.003+00', '2024-06-04 09:33:53+00', 24, '4ab3f8fdb4d84a3cac6ace5b1959da32');
INSERT INTO public.token_blacklist_outstandingtoken (id, token, created_at, expires_at, user_id, jti) VALUES (305, 'eyJhbGciOiJIUzI1NiIsInR5cCI6IkpXVCJ9.eyJ0b2tlbl90eXBlIjoicmVmcmVzaCIsImV4cCI6MTcxNzQ5MzYzMywiaWF0IjoxNzA5NzE3NjMzLCJqdGkiOiIyNGRjMDQ1NTRmNjc0YzY0YTAxNjBlN2VkNDQxMTdjZiIsInVzZXJfaWQiOjI0fQ.9IWiGJNx7x1Y3Wnex7u3N0sHL0QEHmkmG-C5-n6WlLE', '2024-03-06 09:33:53.049+00', '2024-06-04 09:33:53+00', 24, '24dc04554f674c64a0160e7ed44117cf');
INSERT INTO public.token_blacklist_outstandingtoken (id, token, created_at, expires_at, user_id, jti) VALUES (306, 'eyJhbGciOiJIUzI1NiIsInR5cCI6IkpXVCJ9.eyJ0b2tlbl90eXBlIjoicmVmcmVzaCIsImV4cCI6MTcxNzQ5MzYzMywiaWF0IjoxNzA5NzE3NjMzLCJqdGkiOiIzN2MwMjU3OGZmOTc0NmZiOTRjMzEzZmJiNjA0OGU5ZiIsInVzZXJfaWQiOjI0fQ.AL78ehGLoFmndna_Js1hiJ62OnVpQxDmJxBmfpR_Rgk', '2024-03-06 09:33:53.086+00', '2024-06-04 09:33:53+00', 24, '37c02578ff9746fb94c313fbb6048e9f');
INSERT INTO public.token_blacklist_outstandingtoken (id, token, created_at, expires_at, user_id, jti) VALUES (307, 'eyJhbGciOiJIUzI1NiIsInR5cCI6IkpXVCJ9.eyJ0b2tlbl90eXBlIjoicmVmcmVzaCIsImV4cCI6MTcxNzQ5MzYzMywiaWF0IjoxNzA5NzE3NjMzLCJqdGkiOiI1OGYyODJkZmI1ZGI0MmYwYTkwNzFlNGIxYTMyYWViNyIsInVzZXJfaWQiOjI0fQ.2GuK_qbLyZDU4RwQiAxcizG7gFlAyFTi4YIwa7nwWAg', '2024-03-06 09:33:53.195+00', '2024-06-04 09:33:53+00', 24, '58f282dfb5db42f0a9071e4b1a32aeb7');
INSERT INTO public.token_blacklist_outstandingtoken (id, token, created_at, expires_at, user_id, jti) VALUES (308, 'eyJhbGciOiJIUzI1NiIsInR5cCI6IkpXVCJ9.eyJ0b2tlbl90eXBlIjoicmVmcmVzaCIsImV4cCI6MTcxNzQ5MzYzMywiaWF0IjoxNzA5NzE3NjMzLCJqdGkiOiJkMjBmOGY2OWVjZDA0MDI0YjYxNzRhNGZjNGE0Y2QxMCIsInVzZXJfaWQiOjI0fQ.UVyElda1zIagHB846MWnEdmMifk2EfwXRFzaD6-ivPA', '2024-03-06 09:33:53.228+00', '2024-06-04 09:33:53+00', 24, 'd20f8f69ecd04024b6174a4fc4a4cd10');
INSERT INTO public.token_blacklist_outstandingtoken (id, token, created_at, expires_at, user_id, jti) VALUES (309, 'eyJhbGciOiJIUzI1NiIsInR5cCI6IkpXVCJ9.eyJ0b2tlbl90eXBlIjoicmVmcmVzaCIsImV4cCI6MTcxNzQ5MzYzMywiaWF0IjoxNzA5NzE3NjMzLCJqdGkiOiI0MGNlODJlZGMzOTI0Njg5OGJiYjUwYjc1MGUyMzVhMSIsInVzZXJfaWQiOjI0fQ.d9Om_EecR_fb1R6MexMTXbZKSyxvkLZNcGFmSVmMntY', '2024-03-06 09:33:53.279+00', '2024-06-04 09:33:53+00', 24, '40ce82edc39246898bbb50b750e235a1');
INSERT INTO public.token_blacklist_outstandingtoken (id, token, created_at, expires_at, user_id, jti) VALUES (310, 'eyJhbGciOiJIUzI1NiIsInR5cCI6IkpXVCJ9.eyJ0b2tlbl90eXBlIjoicmVmcmVzaCIsImV4cCI6MTcxNzQ5MzYzMywiaWF0IjoxNzA5NzE3NjMzLCJqdGkiOiJkZGRmZjhiMjg2YmY0NmFiYjgyNmRhYTM5NmFlOWIwOCIsInVzZXJfaWQiOjI0fQ.rO_ESG9KOodTzRgVGtR1c2uObdfhyOabTD3r4Mr5_vU', '2024-03-06 09:33:53.311+00', '2024-06-04 09:33:53+00', 24, 'dddff8b286bf46abb826daa396ae9b08');
INSERT INTO public.token_blacklist_outstandingtoken (id, token, created_at, expires_at, user_id, jti) VALUES (311, 'eyJhbGciOiJIUzI1NiIsInR5cCI6IkpXVCJ9.eyJ0b2tlbl90eXBlIjoicmVmcmVzaCIsImV4cCI6MTcxNzQ5MzYzMywiaWF0IjoxNzA5NzE3NjMzLCJqdGkiOiJlNmQ5MzIxODk4MGY0Mzc1OTUyNjRmMTEwMThkZGMxNSIsInVzZXJfaWQiOjI0fQ.66roGtsBAvRFb1Ygo9c6VMhDazviWbdRYJnBjVJnXJg', '2024-03-06 09:33:53.39+00', '2024-06-04 09:33:53+00', 24, 'e6d93218980f437595264f11018ddc15');
INSERT INTO public.token_blacklist_outstandingtoken (id, token, created_at, expires_at, user_id, jti) VALUES (312, 'eyJhbGciOiJIUzI1NiIsInR5cCI6IkpXVCJ9.eyJ0b2tlbl90eXBlIjoicmVmcmVzaCIsImV4cCI6MTcxNzQ5MzYzMywiaWF0IjoxNzA5NzE3NjMzLCJqdGkiOiIzN2FkNWQ5ZTAyYjk0OTU5YjhlNTI2MDllNDIzZDkzZCIsInVzZXJfaWQiOjI0fQ.MWj5geAqK1r3X-WZH2_KFiQ5JLX2tSEDiY_ko1zJn1w', '2024-03-06 09:33:53.415+00', '2024-06-04 09:33:53+00', 24, '37ad5d9e02b94959b8e52609e423d93d');
INSERT INTO public.token_blacklist_outstandingtoken (id, token, created_at, expires_at, user_id, jti) VALUES (313, 'eyJhbGciOiJIUzI1NiIsInR5cCI6IkpXVCJ9.eyJ0b2tlbl90eXBlIjoicmVmcmVzaCIsImV4cCI6MTcxNzQ5MzYzMywiaWF0IjoxNzA5NzE3NjMzLCJqdGkiOiJhNDFkOWUxMDRmOWQ0YjY4YmIyNWRiOGYyMDdlMWY0MiIsInVzZXJfaWQiOjI0fQ.4Qzd-bcHkCthS-bos2XzRK7iyNgWXNLzXuh9ejHWvSE', '2024-03-06 09:33:53.543+00', '2024-06-04 09:33:53+00', 24, 'a41d9e104f9d4b68bb25db8f207e1f42');
INSERT INTO public.token_blacklist_outstandingtoken (id, token, created_at, expires_at, user_id, jti) VALUES (314, 'eyJhbGciOiJIUzI1NiIsInR5cCI6IkpXVCJ9.eyJ0b2tlbl90eXBlIjoicmVmcmVzaCIsImV4cCI6MTcxNzQ5MzYzMywiaWF0IjoxNzA5NzE3NjMzLCJqdGkiOiI2ODg2ZmFmMGNhMWE0MGU0OWRkYTMwODI2ZGZmZWE3YSIsInVzZXJfaWQiOjYyfQ.-3uIiIPS0sakzoLtrcdV3B9v6RyLr0DbkkCAPH2UFTY', '2024-03-06 09:33:53.57+00', '2024-06-04 09:33:53+00', 62, '6886faf0ca1a40e49dda30826dffea7a');
INSERT INTO public.token_blacklist_outstandingtoken (id, token, created_at, expires_at, user_id, jti) VALUES (315, 'eyJhbGciOiJIUzI1NiIsInR5cCI6IkpXVCJ9.eyJ0b2tlbl90eXBlIjoicmVmcmVzaCIsImV4cCI6MTcxNzQ5MzYzMywiaWF0IjoxNzA5NzE3NjMzLCJqdGkiOiJlMzJhZjczYWFlZTA0N2RhYWE4ODRlNzM0ODFhNjMyNyIsInVzZXJfaWQiOjI0fQ.j0olxUcoMD5jPSmM1pOBj9mQLqZSDyvOxxpXrf8jFg8', '2024-03-06 09:33:53.901+00', '2024-06-04 09:33:53+00', 24, 'e32af73aaee047daaa884e73481a6327');
INSERT INTO public.token_blacklist_outstandingtoken (id, token, created_at, expires_at, user_id, jti) VALUES (316, 'eyJhbGciOiJIUzI1NiIsInR5cCI6IkpXVCJ9.eyJ0b2tlbl90eXBlIjoicmVmcmVzaCIsImV4cCI6MTcxNzQ5MzYzNCwiaWF0IjoxNzA5NzE3NjM0LCJqdGkiOiI5MzBmMzgzMzdlYzQ0YmVjYTcwODMxNzFlZjdhYjM5NiIsInVzZXJfaWQiOjYyfQ.9vBIMGSe50d3pC1K65Sjj8eWr8ma5mc1P_RMjURE6D8', '2024-03-06 09:33:54.722+00', '2024-06-04 09:33:54+00', 62, '930f38337ec44beca7083171ef7ab396');
INSERT INTO public.token_blacklist_outstandingtoken (id, token, created_at, expires_at, user_id, jti) VALUES (317, 'eyJhbGciOiJIUzI1NiIsInR5cCI6IkpXVCJ9.eyJ0b2tlbl90eXBlIjoicmVmcmVzaCIsImV4cCI6MTcxNzQ5MzYzNSwiaWF0IjoxNzA5NzE3NjM1LCJqdGkiOiI1M2YwMzE0NzBmOWE0YWYwOTQ2OTM0OWFhZjBhODhjNiIsInVzZXJfaWQiOjYyfQ.EfFbV85xHbajC1Fc4c3f-wsehS5DpYtbGCm5Mo56nyM', '2024-03-06 09:33:55.022+00', '2024-06-04 09:33:55+00', 62, '53f031470f9a4af09469349aaf0a88c6');
INSERT INTO public.token_blacklist_outstandingtoken (id, token, created_at, expires_at, user_id, jti) VALUES (318, 'eyJhbGciOiJIUzI1NiIsInR5cCI6IkpXVCJ9.eyJ0b2tlbl90eXBlIjoicmVmcmVzaCIsImV4cCI6MTcxNzQ5MzYzNSwiaWF0IjoxNzA5NzE3NjM1LCJqdGkiOiI5ZmYxMzBhMDE4MGY0MTc5OGViM2IwNWVhNDY0YmQ0ZCIsInVzZXJfaWQiOjYyfQ.b26wYSxTKDjiftroVM1RxIDayZ7Ouk-29A294WG6cKs', '2024-03-06 09:33:55.037+00', '2024-06-04 09:33:55+00', 62, '9ff130a0180f41798eb3b05ea464bd4d');
INSERT INTO public.token_blacklist_outstandingtoken (id, token, created_at, expires_at, user_id, jti) VALUES (319, 'eyJhbGciOiJIUzI1NiIsInR5cCI6IkpXVCJ9.eyJ0b2tlbl90eXBlIjoicmVmcmVzaCIsImV4cCI6MTcxNzQ5MzYzNSwiaWF0IjoxNzA5NzE3NjM1LCJqdGkiOiJiNWY4N2ZjNzZkMjg0NjFmYTAwMzkyNTkzMGU5ZWUwNSIsInVzZXJfaWQiOjYyfQ.vQXg3qs0phcKfF10BAGNQ96SieluT62UB48Pj4DUR2U', '2024-03-06 09:33:55.125+00', '2024-06-04 09:33:55+00', 62, 'b5f87fc76d28461fa003925930e9ee05');
INSERT INTO public.token_blacklist_outstandingtoken (id, token, created_at, expires_at, user_id, jti) VALUES (320, 'eyJhbGciOiJIUzI1NiIsInR5cCI6IkpXVCJ9.eyJ0b2tlbl90eXBlIjoicmVmcmVzaCIsImV4cCI6MTcxNzQ5MzYzNSwiaWF0IjoxNzA5NzE3NjM1LCJqdGkiOiI0ZjA0YzA0ZThhOWI0MzFiOWViNjI0NjFhMzY4NTdiNiIsInVzZXJfaWQiOjYyfQ.8rEb0CrUwbSBFL3IBS3z-ZHJFcccpuLyO-2fPr99xVE', '2024-03-06 09:33:55.114+00', '2024-06-04 09:33:55+00', 62, '4f04c04e8a9b431b9eb62461a36857b6');
INSERT INTO public.token_blacklist_outstandingtoken (id, token, created_at, expires_at, user_id, jti) VALUES (321, 'eyJhbGciOiJIUzI1NiIsInR5cCI6IkpXVCJ9.eyJ0b2tlbl90eXBlIjoicmVmcmVzaCIsImV4cCI6MTcxNzQ5MzU3NSwiaWF0IjoxNzA5NzE3NTc1LCJqdGkiOiI0YTA1N2U0NzE4MjQ0MWVkOGRiMDdlY2FlZmYzMDc1NiIsInVzZXJfaWQiOjQ4LCJvYmoiOnsic2x1ZyI6IjI0Mzk1N18xNzA3NzUwODgyIiwicHJvZmlsZSI6eyJuYW1lIjoiTkFJUiBBTktJVEEgUkFKQU4iLCJlbWFpbCI6IjIyZWNkaGEwNjRAZ21haWwuY29tIiwicGhfbm8iOm51bGwsInJvbGUiOiJzdHVkZW50In0sImJyYW5jaCI6eyJicmFuY2hfbmFtZSI6IkVsZWN0cm9uaWNzIEFuZCBDb21tdW5pY2F0aW9uIiwiYnJhbmNoX2NvZGUiOjExLCJzbHVnIjoiMjc3MDY5XzE3MDc3MzMyMTEiLCJjb2xsZWdlIjp7ImNvbGxlZ2VfbmFtZSI6IkwuRC4gY29sbGVnZSBvZiBlbmdpbmVlcmluZyIsInNsdWciOiIzMjU4NjZfMTcwNzczMzE4NCJ9fSwic3Jfbm8iOjQxMTA0NCwiZW5yb2xsbWVudCI6IjIyMDI4MDExMTA2NSJ9fQ.0OMme5y143BKo0LXHjm8DgUl_5CGThahf1KCbhXcJB8', NULL, '2024-06-04 09:32:55+00', NULL, '4a057e47182441ed8db07ecaeff30756');
INSERT INTO public.token_blacklist_outstandingtoken (id, token, created_at, expires_at, user_id, jti) VALUES (322, 'eyJhbGciOiJIUzI1NiIsInR5cCI6IkpXVCJ9.eyJ0b2tlbl90eXBlIjoicmVmcmVzaCIsImV4cCI6MTcxNjI4MTI4OCwiaWF0IjoxNzA4NTA1Mjg4LCJqdGkiOiI1ZmQ5NzcwOWQ2YmM0MTBmODIyZTRkMmRmMmQ5YTFiMCIsInVzZXJfaWQiOjQ4LCJvYmoiOnsic2x1ZyI6IjI0Mzk1N18xNzA3NzUwODgyIiwicHJvZmlsZSI6eyJuYW1lIjoiTkFJUiBBTktJVEEgUkFKQU4iLCJlbWFpbCI6ImFua2l0YXJhamFubmFpckBnbWFpbC5jb20iLCJwaF9ubyI6bnVsbCwicm9sZSI6InN0dWRlbnQifSwiYnJhbmNoIjp7ImJyYW5jaF9uYW1lIjoiRWxlY3Ryb25pY3MgQW5kIENvbW11bmljYXRpb24iLCJicmFuY2hfY29kZSI6MTEsInNsdWciOiIyNzcwNjlfMTcwNzczMzIxMSIsImNvbGxlZ2UiOnsiY29sbGVnZV9uYW1lIjoiTC5ELiBjb2xsZWdlIG9mIGVuZ2luZWVyaW5nIiwic2x1ZyI6IjMyNTg2Nl8xNzA3NzMzMTg0In19LCJzcl9ubyI6NDExMDQ0LCJlbnJvbGxtZW50IjoiMjIwMjgwMTExMDY1In19.CsYBX0_VesK8c7bJDA-LEgYi-NoVcWGomSvmO4L-qzY', NULL, '2024-05-21 08:48:08+00', NULL, '5fd97709d6bc410f822e4d2df2d9a1b0');
INSERT INTO public.token_blacklist_outstandingtoken (id, token, created_at, expires_at, user_id, jti) VALUES (323, 'eyJhbGciOiJIUzI1NiIsInR5cCI6IkpXVCJ9.eyJ0b2tlbl90eXBlIjoicmVmcmVzaCIsImV4cCI6MTcxNzQ5MzY2NiwiaWF0IjoxNzA5NzE3NjY2LCJqdGkiOiI1ZDAzYzMwMmE0MmE0NjEwYWRmNzgzYzc2YWRlMjEyMyIsInVzZXJfaWQiOjcwfQ.urAptO4Fyp9Fmxwo4JxDfLd5IMPZIXs3NL-o2EVTGs8', '2024-03-06 09:34:26.403+00', '2024-06-04 09:34:26+00', 70, '5d03c302a42a4610adf783c76ade2123');
INSERT INTO public.token_blacklist_outstandingtoken (id, token, created_at, expires_at, user_id, jti) VALUES (324, 'eyJhbGciOiJIUzI1NiIsInR5cCI6IkpXVCJ9.eyJ0b2tlbl90eXBlIjoicmVmcmVzaCIsImV4cCI6MTcxNzQ5MzQ0OSwiaWF0IjoxNzA5NzE3NDQ5LCJqdGkiOiIyOTUzNzRmNGViYmQ0YWM5OWFhZDU3NGNiOWNjNmM1NSIsInVzZXJfaWQiOjI1LCJvYmoiOnsic2x1ZyI6IjMzNTQwN18xNzA3NzUwODgxIiwicHJvZmlsZSI6eyJuYW1lIjoiR09IRUwgQVJDSEkgUEFSRVNIQkhBSSIsImVtYWlsIjoiYXJjaGlwZ29oZWwyNUBnbWFpbC5jb20iLCJwaF9ubyI6bnVsbCwicm9sZSI6InN0dWRlbnQifSwiYnJhbmNoIjp7ImJyYW5jaF9uYW1lIjoiRWxlY3Ryb25pY3MgQW5kIENvbW11bmljYXRpb24iLCJicmFuY2hfY29kZSI6MTEsInNsdWciOiIyNzcwNjlfMTcwNzczMzIxMSIsImNvbGxlZ2UiOnsiY29sbGVnZV9uYW1lIjoiTC5ELiBjb2xsZWdlIG9mIGVuZ2luZWVyaW5nIiwic2x1ZyI6IjMyNTg2Nl8xNzA3NzMzMTg0In19LCJzcl9ubyI6NDExMDIxLCJlbnJvbGxtZW50IjoiMjIwMjgwMTExMDMwIn19.jKnqL7zlv6BGx9YPJ_pxfJF_82D-5xaAtV_SseFnYxw', NULL, '2024-06-04 09:30:49+00', NULL, '295374f4ebbd4ac99aad574cb9cc6c55');
INSERT INTO public.token_blacklist_outstandingtoken (id, token, created_at, expires_at, user_id, jti) VALUES (325, 'eyJhbGciOiJIUzI1NiIsInR5cCI6IkpXVCJ9.eyJ0b2tlbl90eXBlIjoicmVmcmVzaCIsImV4cCI6MTcxNzQ5MzY3NCwiaWF0IjoxNzA5NzE3Njc0LCJqdGkiOiI0YjkxNGM3NGMzMGQ0ZmJmOTFmYThmYjFiYzBiYTA4MiIsInVzZXJfaWQiOjQ0fQ.mqRdtf2SZJ7hx0uHuiaVYiexaTRvtOWHIGHgFnrwJbw', '2024-03-06 09:34:34.611+00', '2024-06-04 09:34:34+00', 44, '4b914c74c30d4fbf91fa8fb1bc0ba082');
INSERT INTO public.token_blacklist_outstandingtoken (id, token, created_at, expires_at, user_id, jti) VALUES (326, 'eyJhbGciOiJIUzI1NiIsInR5cCI6IkpXVCJ9.eyJ0b2tlbl90eXBlIjoicmVmcmVzaCIsImV4cCI6MTcxNzQ5MzY3OCwiaWF0IjoxNzA5NzE3Njc4LCJqdGkiOiI2ZmY3NjVjYzdjODU0NGRkYWNiZDZjZjk4YWJjNWNhYyIsInVzZXJfaWQiOjQ1fQ.Su_BylCD_cxIsf_qEEZwvEUULo7ov33egnMPBE_GXqs', '2024-03-06 09:34:38.045+00', '2024-06-04 09:34:38+00', 45, '6ff765cc7c8544ddacbd6cf98abc5cac');
INSERT INTO public.token_blacklist_outstandingtoken (id, token, created_at, expires_at, user_id, jti) VALUES (327, 'eyJhbGciOiJIUzI1NiIsInR5cCI6IkpXVCJ9.eyJ0b2tlbl90eXBlIjoicmVmcmVzaCIsImV4cCI6MTcxNjE5NzYwMSwiaWF0IjoxNzA4NDIxNjAxLCJqdGkiOiIwMTdlMzg2ODg4YTI0ZGE1OTBhMDQ2ODlhNjgxMDIxNyIsInVzZXJfaWQiOjUwLCJvYmoiOnsic2x1ZyI6IjI5OTAzNV8xNzA3NzUwODgzIiwicHJvZmlsZSI6eyJuYW1lIjoiUEFOQ0hBTCBNRUVUS1VNQVIgUFJBVklOQkhBSSIsImVtYWlsIjoibWVldHBhbmNoYWwxOTBAZ21haWwuY29tIiwicGhfbm8iOm51bGwsInJvbGUiOiJzdHVkZW50In0sImJyYW5jaCI6eyJicmFuY2hfbmFtZSI6IkVsZWN0cm9uaWNzIEFuZCBDb21tdW5pY2F0aW9uIiwiYnJhbmNoX2NvZGUiOjExLCJzbHVnIjoiMjc3MDY5XzE3MDc3MzMyMTEiLCJjb2xsZWdlIjp7ImNvbGxlZ2VfbmFtZSI6IkwuRC4gY29sbGVnZSBvZiBlbmdpbmVlcmluZyIsInNsdWciOiIzMjU4NjZfMTcwNzczMzE4NCJ9fSwic3Jfbm8iOjQxMTA0NiwiZW5yb2xsbWVudCI6IjIyMDI4MDExMTA2NyJ9fQ.u0JsbI-3rVC3MAHXTx_ksRHK4nZQC_I8WQSftWTJIuE', NULL, '2024-05-20 09:33:21+00', NULL, '017e386888a24da590a04689a6810217');
INSERT INTO public.token_blacklist_outstandingtoken (id, token, created_at, expires_at, user_id, jti) VALUES (328, 'eyJhbGciOiJIUzI1NiIsInR5cCI6IkpXVCJ9.eyJ0b2tlbl90eXBlIjoicmVmcmVzaCIsImV4cCI6MTcxNzQ5MzY5NSwiaWF0IjoxNzA5NzE3Njk1LCJqdGkiOiI2OWRhZWM2NTBkYzE0Y2Y0OTZmYzJiOWEwZmZjNzQ5NiIsInVzZXJfaWQiOjl9._kwEKxxHicfIgr-ee2K_VyIT83QNA41whaFfgRDW4Nk', '2024-03-06 09:34:55.582+00', '2024-06-04 09:34:55+00', 9, '69daec650dc14cf496fc2b9a0ffc7496');
INSERT INTO public.token_blacklist_outstandingtoken (id, token, created_at, expires_at, user_id, jti) VALUES (329, 'eyJhbGciOiJIUzI1NiIsInR5cCI6IkpXVCJ9.eyJ0b2tlbl90eXBlIjoicmVmcmVzaCIsImV4cCI6MTcxNzQ5MzY5NSwiaWF0IjoxNzA5NzE3Njk1LCJqdGkiOiJmOTYyNDdmMDIyNDI0Y2ZhODM3YTcyYzkxOTM2NzE0OSIsInVzZXJfaWQiOjIwfQ.LFvZrqtUW61Q2uPfNq1lulh9KirrQCtrn-beU7MFm1Q', '2024-03-06 09:34:55.893+00', '2024-06-04 09:34:55+00', 20, 'f96247f022424cfa837a72c919367149');
INSERT INTO public.token_blacklist_outstandingtoken (id, token, created_at, expires_at, user_id, jti) VALUES (330, 'eyJhbGciOiJIUzI1NiIsInR5cCI6IkpXVCJ9.eyJ0b2tlbl90eXBlIjoicmVmcmVzaCIsImV4cCI6MTcxNzQ5MzYzNywiaWF0IjoxNzA5NzE3NjM3LCJqdGkiOiI4Nzc1NjYxZTUzNzA0MGY3OGFiYzc3OWMzOTA0NzhhMSIsInVzZXJfaWQiOjQ4LCJvYmoiOnsic2x1ZyI6IjI0Mzk1N18xNzA3NzUwODgyIiwicHJvZmlsZSI6eyJuYW1lIjoiTkFJUiBBTktJVEEgUkFKQU4iLCJlbWFpbCI6IjIyZWNkaGEwNjRAZ21haWwuY29tIiwicGhfbm8iOm51bGwsInJvbGUiOiJzdHVkZW50In0sImJyYW5jaCI6eyJicmFuY2hfbmFtZSI6IkVsZWN0cm9uaWNzIEFuZCBDb21tdW5pY2F0aW9uIiwiYnJhbmNoX2NvZGUiOjExLCJzbHVnIjoiMjc3MDY5XzE3MDc3MzMyMTEiLCJjb2xsZWdlIjp7ImNvbGxlZ2VfbmFtZSI6IkwuRC4gY29sbGVnZSBvZiBlbmdpbmVlcmluZyIsInNsdWciOiIzMjU4NjZfMTcwNzczMzE4NCJ9fSwic3Jfbm8iOjQxMTA0NCwiZW5yb2xsbWVudCI6IjIyMDI4MDExMTA2NSJ9fQ.eaSEa8r6a0zii9voyL22TuwLKwfXNbYwAsd7uLn-s40', NULL, '2024-06-04 09:33:57+00', NULL, '8775661e537040f78abc779c390478a1');
INSERT INTO public.token_blacklist_outstandingtoken (id, token, created_at, expires_at, user_id, jti) VALUES (331, 'eyJhbGciOiJIUzI1NiIsInR5cCI6IkpXVCJ9.eyJ0b2tlbl90eXBlIjoicmVmcmVzaCIsImV4cCI6MTcxNzQ5MzY2OCwiaWF0IjoxNzA5NzE3NjY4LCJqdGkiOiIxNzM1NGI0YTIxNWE0MWZjYmRkZTgzYzk5Njc0ZDBiOCIsInVzZXJfaWQiOjI1LCJvYmoiOnsic2x1ZyI6IjMzNTQwN18xNzA3NzUwODgxIiwicHJvZmlsZSI6eyJuYW1lIjoiR09IRUwgQVJDSEkgUEFSRVNIQkhBSSIsImVtYWlsIjoiYXJjaGlwZ29oZWwyNUBnbWFpbC5jb20iLCJwaF9ubyI6bnVsbCwicm9sZSI6InN0dWRlbnQifSwiYnJhbmNoIjp7ImJyYW5jaF9uYW1lIjoiRWxlY3Ryb25pY3MgQW5kIENvbW11bmljYXRpb24iLCJicmFuY2hfY29kZSI6MTEsInNsdWciOiIyNzcwNjlfMTcwNzczMzIxMSIsImNvbGxlZ2UiOnsiY29sbGVnZV9uYW1lIjoiTC5ELiBjb2xsZWdlIG9mIGVuZ2luZWVyaW5nIiwic2x1ZyI6IjMyNTg2Nl8xNzA3NzMzMTg0In19LCJzcl9ubyI6NDExMDIxLCJlbnJvbGxtZW50IjoiMjIwMjgwMTExMDMwIn19._1twGBEyc-2Jelouf2WN5nY9gGyPCmRVbqmorgTo6DI', NULL, '2024-06-04 09:34:28+00', NULL, '17354b4a215a41fcbdde83c99674d0b8');
INSERT INTO public.token_blacklist_outstandingtoken (id, token, created_at, expires_at, user_id, jti) VALUES (332, 'eyJhbGciOiJIUzI1NiIsInR5cCI6IkpXVCJ9.eyJ0b2tlbl90eXBlIjoicmVmcmVzaCIsImV4cCI6MTcxNzQ5MzcxMywiaWF0IjoxNzA5NzE3NzEzLCJqdGkiOiI4NWVkYjU2MmQwZGQ0MDdiOTk4ZTRjNTM3M2RjNTNmZSIsInVzZXJfaWQiOjI1LCJvYmoiOnsic2x1ZyI6IjMzNTQwN18xNzA3NzUwODgxIiwicHJvZmlsZSI6eyJuYW1lIjoiR09IRUwgQVJDSEkgUEFSRVNIQkhBSSIsImVtYWlsIjoiYXJjaGlwZ29oZWwyNUBnbWFpbC5jb20iLCJwaF9ubyI6bnVsbCwicm9sZSI6InN0dWRlbnQifSwiYnJhbmNoIjp7ImJyYW5jaF9uYW1lIjoiRWxlY3Ryb25pY3MgQW5kIENvbW11bmljYXRpb24iLCJicmFuY2hfY29kZSI6MTEsInNsdWciOiIyNzcwNjlfMTcwNzczMzIxMSIsImNvbGxlZ2UiOnsiY29sbGVnZV9uYW1lIjoiTC5ELiBjb2xsZWdlIG9mIGVuZ2luZWVyaW5nIiwic2x1ZyI6IjMyNTg2Nl8xNzA3NzMzMTg0In19LCJzcl9ubyI6NDExMDIxLCJlbnJvbGxtZW50IjoiMjIwMjgwMTExMDMwIn19.nMaDEFtDEZcA-f90e5t4Kvr4LfNGUCnNLtErMikJnzg', NULL, '2024-06-04 09:35:13+00', NULL, '85edb562d0dd407b998e4c5373dc53fe');
INSERT INTO public.token_blacklist_outstandingtoken (id, token, created_at, expires_at, user_id, jti) VALUES (333, 'eyJhbGciOiJIUzI1NiIsInR5cCI6IkpXVCJ9.eyJ0b2tlbl90eXBlIjoicmVmcmVzaCIsImV4cCI6MTcxNzQ5Mzc3MSwiaWF0IjoxNzA5NzE3NzcxLCJqdGkiOiIxZTYyNTljMDkxYjc0MGU2ODY1ZmRiYzNmZDNiNTA2NiIsInVzZXJfaWQiOjE2fQ.lk9yjR7wz3a5wGpix0QmX57Nw-H90QQZAj7rCPCmuTM', '2024-03-06 09:36:11.607+00', '2024-06-04 09:36:11+00', 16, '1e6259c091b740e6865fdbc3fd3b5066');
INSERT INTO public.token_blacklist_outstandingtoken (id, token, created_at, expires_at, user_id, jti) VALUES (334, 'eyJhbGciOiJIUzI1NiIsInR5cCI6IkpXVCJ9.eyJ0b2tlbl90eXBlIjoicmVmcmVzaCIsImV4cCI6MTcxNzQ5Mzc1MywiaWF0IjoxNzA5NzE3NzUzLCJqdGkiOiJkYjExOGExMzBhZDM0NDRiOGNiYmE5ZGM2OGNiODA2NCIsInVzZXJfaWQiOjI1LCJvYmoiOnsic2x1ZyI6IjMzNTQwN18xNzA3NzUwODgxIiwicHJvZmlsZSI6eyJuYW1lIjoiR09IRUwgQVJDSEkgUEFSRVNIQkhBSSIsImVtYWlsIjoiYXJjaGlwZ29oZWwyNUBnbWFpbC5jb20iLCJwaF9ubyI6bnVsbCwicm9sZSI6InN0dWRlbnQifSwiYnJhbmNoIjp7ImJyYW5jaF9uYW1lIjoiRWxlY3Ryb25pY3MgQW5kIENvbW11bmljYXRpb24iLCJicmFuY2hfY29kZSI6MTEsInNsdWciOiIyNzcwNjlfMTcwNzczMzIxMSIsImNvbGxlZ2UiOnsiY29sbGVnZV9uYW1lIjoiTC5ELiBjb2xsZWdlIG9mIGVuZ2luZWVyaW5nIiwic2x1ZyI6IjMyNTg2Nl8xNzA3NzMzMTg0In19LCJzcl9ubyI6NDExMDIxLCJlbnJvbGxtZW50IjoiMjIwMjgwMTExMDMwIn19.pqzWpJA2D_VE-a8zo4pNNDQZmLEOj3LQ2f8XcYwWFSU', NULL, '2024-06-04 09:35:53+00', NULL, 'db118a130ad3444b8cbba9dc68cb8064');
INSERT INTO public.token_blacklist_outstandingtoken (id, token, created_at, expires_at, user_id, jti) VALUES (335, 'eyJhbGciOiJIUzI1NiIsInR5cCI6IkpXVCJ9.eyJ0b2tlbl90eXBlIjoicmVmcmVzaCIsImV4cCI6MTcxNzQ5Mzc3NywiaWF0IjoxNzA5NzE3Nzc3LCJqdGkiOiJjZTNkOTVlMWM4NjA0ZDJkYTc4MzE0MTdmOGYzMzkyYiIsInVzZXJfaWQiOjI1LCJvYmoiOnsic2x1ZyI6IjMzNTQwN18xNzA3NzUwODgxIiwicHJvZmlsZSI6eyJuYW1lIjoiR09IRUwgQVJDSEkgUEFSRVNIQkhBSSIsImVtYWlsIjoiYXJjaGlwZ29oZWwyNUBnbWFpbC5jb20iLCJwaF9ubyI6bnVsbCwicm9sZSI6InN0dWRlbnQifSwiYnJhbmNoIjp7ImJyYW5jaF9uYW1lIjoiRWxlY3Ryb25pY3MgQW5kIENvbW11bmljYXRpb24iLCJicmFuY2hfY29kZSI6MTEsInNsdWciOiIyNzcwNjlfMTcwNzczMzIxMSIsImNvbGxlZ2UiOnsiY29sbGVnZV9uYW1lIjoiTC5ELiBjb2xsZWdlIG9mIGVuZ2luZWVyaW5nIiwic2x1ZyI6IjMyNTg2Nl8xNzA3NzMzMTg0In19LCJzcl9ubyI6NDExMDIxLCJlbnJvbGxtZW50IjoiMjIwMjgwMTExMDMwIn19.G5nqZjEm5X15psFkkI7ZRSSkCxAjpxNwHL8y-6XYCrA', NULL, '2024-06-04 09:36:17+00', NULL, 'ce3d95e1c8604d2da7831417f8f3392b');
INSERT INTO public.token_blacklist_outstandingtoken (id, token, created_at, expires_at, user_id, jti) VALUES (336, 'eyJhbGciOiJIUzI1NiIsInR5cCI6IkpXVCJ9.eyJ0b2tlbl90eXBlIjoicmVmcmVzaCIsImV4cCI6MTcxNzQ5MzgyMywiaWF0IjoxNzA5NzE3ODIzLCJqdGkiOiIzYTM5M2JkMDk1ODc0ZjI5YTQ0NzQ3MzY5YTBhMDMzNCIsInVzZXJfaWQiOjc2fQ.uvRDP5V_n9HzVM-0GnpwdcbEiHHgSiZrQMGlEBVD02U', '2024-03-06 09:37:03.071+00', '2024-06-04 09:37:03+00', 76, '3a393bd095874f29a44747369a0a0334');
INSERT INTO public.token_blacklist_outstandingtoken (id, token, created_at, expires_at, user_id, jti) VALUES (337, 'eyJhbGciOiJIUzI1NiIsInR5cCI6IkpXVCJ9.eyJ0b2tlbl90eXBlIjoicmVmcmVzaCIsImV4cCI6MTcxNzQ5MzgzNCwiaWF0IjoxNzA5NzE3ODM0LCJqdGkiOiJhOTNiNDA2MWE0MGE0N2VhYTNjMWI2MWM5YjRmZGVhYSIsInVzZXJfaWQiOjU2fQ.D3r16Iu8KNb8BTYDecxvy_3fEMGd8KhCMhnPGkhKvro', '2024-03-06 09:37:14.017+00', '2024-06-04 09:37:14+00', 56, 'a93b4061a40a47eaa3c1b61c9b4fdeaa');
INSERT INTO public.token_blacklist_outstandingtoken (id, token, created_at, expires_at, user_id, jti) VALUES (338, 'eyJhbGciOiJIUzI1NiIsInR5cCI6IkpXVCJ9.eyJ0b2tlbl90eXBlIjoicmVmcmVzaCIsImV4cCI6MTcxNzQ5Mzg3NywiaWF0IjoxNzA5NzE3ODc3LCJqdGkiOiI3MzhkN2Y2MzcwNjg0MjExYWRiN2ExMmFhODUyMTY5NyIsInVzZXJfaWQiOjQ3fQ.qKpL_XQT9CFxkY3w8IzDgjt8Pc4nYUIpwyYBXIsQdJQ', '2024-03-06 09:37:57.251+00', '2024-06-04 09:37:57+00', 47, '738d7f6370684211adb7a12aa8521697');
INSERT INTO public.token_blacklist_outstandingtoken (id, token, created_at, expires_at, user_id, jti) VALUES (339, 'eyJhbGciOiJIUzI1NiIsInR5cCI6IkpXVCJ9.eyJ0b2tlbl90eXBlIjoicmVmcmVzaCIsImV4cCI6MTcxNzQ5Mzg4MSwiaWF0IjoxNzA5NzE3ODgxLCJqdGkiOiIxNzc0YjQyMzU3YmY0NjI5YTg4MmI1Y2RlMTU0OTZmZiIsInVzZXJfaWQiOjU4fQ.QhYIbFdH27s_ldcp8P5gjlE6EXLBHvdzYXj3q0Y3IPw', '2024-03-06 09:38:01.739+00', '2024-06-04 09:38:01+00', 58, '1774b42357bf4629a882b5cde15496ff');
INSERT INTO public.token_blacklist_outstandingtoken (id, token, created_at, expires_at, user_id, jti) VALUES (340, 'eyJhbGciOiJIUzI1NiIsInR5cCI6IkpXVCJ9.eyJ0b2tlbl90eXBlIjoicmVmcmVzaCIsImV4cCI6MTcxNzQ5MzkxOCwiaWF0IjoxNzA5NzE3OTE4LCJqdGkiOiJlMjBiMjZkNWEwZGU0NzBiYjA3ZDM1NGI5ODMxNTc5YSIsInVzZXJfaWQiOjc2fQ.7qNt4ODdw3dkbPN1-UzcVBrokJo3KuBGACAbKBZcOGs', '2024-03-06 09:38:38.021+00', '2024-06-04 09:38:38+00', 76, 'e20b26d5a0de470bb07d354b9831579a');
INSERT INTO public.token_blacklist_outstandingtoken (id, token, created_at, expires_at, user_id, jti) VALUES (341, 'eyJhbGciOiJIUzI1NiIsInR5cCI6IkpXVCJ9.eyJ0b2tlbl90eXBlIjoicmVmcmVzaCIsImV4cCI6MTcxNjExNTMwNSwiaWF0IjoxNzA4MzM5MzA1LCJqdGkiOiJmMWM1ZjQ1YWJjNzY0ODZkODMxZTZiYzlmNTJmZDNmNiIsInVzZXJfaWQiOjgsIm9iaiI6eyJzbHVnIjoiMjIwNzQ2XzE3MDc3NTA4ODEiLCJwcm9maWxlIjp7Im5hbWUiOiJCSEFNUkUgSEFSU0hLVU1BUiBESEFSTUVORFJBIiwiZW1haWwiOiJoYXJzaGJoYW1yZTAxNUBnbWFpbC5jb20iLCJwaF9ubyI6bnVsbCwicm9sZSI6InN0dWRlbnQifSwiYnJhbmNoIjp7ImJyYW5jaF9uYW1lIjoiRWxlY3Ryb25pY3MgQW5kIENvbW11bmljYXRpb24iLCJicmFuY2hfY29kZSI6MTEsInNsdWciOiIyNzcwNjlfMTcwNzczMzIxMSIsImNvbGxlZ2UiOnsiY29sbGVnZV9uYW1lIjoiTC5ELiBjb2xsZWdlIG9mIGVuZ2luZWVyaW5nIiwic2x1ZyI6IjMyNTg2Nl8xNzA3NzMzMTg0In19LCJzcl9ubyI6NDExMDA0LCJlbnJvbGxtZW50IjoiMjIwMjgwMTExMDA5In19.fIsW_VdyfegRqmcAmdzoINb_jHNej0MqUbRsnc5upzg', NULL, '2024-05-19 10:41:45+00', NULL, 'f1c5f45abc76486d831e6bc9f52fd3f6');
INSERT INTO public.token_blacklist_outstandingtoken (id, token, created_at, expires_at, user_id, jti) VALUES (342, 'eyJhbGciOiJIUzI1NiIsInR5cCI6IkpXVCJ9.eyJ0b2tlbl90eXBlIjoicmVmcmVzaCIsImV4cCI6MTcxNjExNTA4NCwiaWF0IjoxNzA4MzM5MDg0LCJqdGkiOiJhMWZmZjZjMmZjNmE0ZTQ1YmU2MzczMGYxM2NlYjhjNyIsInVzZXJfaWQiOjMxLCJvYmoiOnsic2x1ZyI6IjIwNzkyNl8xNzA3NzUwODgyIiwicHJvZmlsZSI6eyJuYW1lIjoiSkVUSFZBIFlBU0ggQklQSU5CSEFJIiwiZW1haWwiOiJ5YXNoamV0aHZhOTk0QGdtYWlsLmNvbSIsInBoX25vIjpudWxsLCJyb2xlIjoic3R1ZGVudCJ9LCJicmFuY2giOnsiYnJhbmNoX25hbWUiOiJFbGVjdHJvbmljcyBBbmQgQ29tbXVuaWNhdGlvbiIsImJyYW5jaF9jb2RlIjoxMSwic2x1ZyI6IjI3NzA2OV8xNzA3NzMzMjExIiwiY29sbGVnZSI6eyJjb2xsZWdlX25hbWUiOiJMLkQuIGNvbGxlZ2Ugb2YgZW5naW5lZXJpbmciLCJzbHVnIjoiMzI1ODY2XzE3MDc3MzMxODQifX0sInNyX25vIjo0MTEwMjcsImVucm9sbG1lbnQiOiIyMjAyODAxMTEwNDEifX0.5ZOLr3Yl9kxGdPZll7tqA7KBJ4aWpFNYcUH1_-CzbZA', NULL, '2024-05-19 10:38:04+00', NULL, 'a1fff6c2fc6a4e45be63730f13ceb8c7');
INSERT INTO public.token_blacklist_outstandingtoken (id, token, created_at, expires_at, user_id, jti) VALUES (343, 'eyJhbGciOiJIUzI1NiIsInR5cCI6IkpXVCJ9.eyJ0b2tlbl90eXBlIjoicmVmcmVzaCIsImV4cCI6MTcxNjI4MDc1OSwiaWF0IjoxNzA4NTA0NzU5LCJqdGkiOiI4M2U4MGY0YzYyMjg0YjgyYTRjZjM4MzE3ZWEzZDNlYSIsInVzZXJfaWQiOjczLCJvYmoiOnsic2x1ZyI6IjgzMDU1OF8xNzA3NzUwODgzIiwicHJvZmlsZSI6eyJuYW1lIjoiS0hBTkRMQSBIRU1BTlNIVSBCSEFSQVRCSEFJIiwiZW1haWwiOiJraGFuZGxhaGVtYW5zaHUyMDA0QGdtYWlsLmNvbSIsInBoX25vIjpudWxsLCJyb2xlIjoic3R1ZGVudCJ9LCJicmFuY2giOnsiYnJhbmNoX25hbWUiOiJFbGVjdHJvbmljcyBBbmQgQ29tbXVuaWNhdGlvbiIsImJyYW5jaF9jb2RlIjoxMSwic2x1ZyI6IjI3NzA2OV8xNzA3NzMzMjExIiwiY29sbGVnZSI6eyJjb2xsZWdlX25hbWUiOiJMLkQuIGNvbGxlZ2Ugb2YgZW5naW5lZXJpbmciLCJzbHVnIjoiMzI1ODY2XzE3MDc3MzMxODQifX0sInNyX25vIjo0MTEwNjksImVucm9sbG1lbnQiOiIyMzAyODMxMTEwMTIifX0.AELOZFo1WORsRcxgyv760NBaottNnpb68tqcMkEvGg4', NULL, '2024-05-21 08:39:19+00', NULL, '83e80f4c62284b82a4cf38317ea3d3ea');
INSERT INTO public.token_blacklist_outstandingtoken (id, token, created_at, expires_at, user_id, jti) VALUES (344, 'eyJhbGciOiJIUzI1NiIsInR5cCI6IkpXVCJ9.eyJ0b2tlbl90eXBlIjoicmVmcmVzaCIsImV4cCI6MTcxNzQ5NDE5NywiaWF0IjoxNzA5NzE4MTk3LCJqdGkiOiI0ZmIyMjVhN2JhMTA0Y2RjODQyMzQ4N2U3NDRkMmMzOCIsInVzZXJfaWQiOjI3fQ.8Mf6p7GfYK6CQgV9A9B-J7hpJcoTf0pbVGoLOzf6M9M', '2024-03-06 09:43:17.372+00', '2024-06-04 09:43:17+00', 27, '4fb225a7ba104cdc8423487e744d2c38');
INSERT INTO public.token_blacklist_outstandingtoken (id, token, created_at, expires_at, user_id, jti) VALUES (345, 'eyJhbGciOiJIUzI1NiIsInR5cCI6IkpXVCJ9.eyJ0b2tlbl90eXBlIjoicmVmcmVzaCIsImV4cCI6MTcxNzQ5NDQyMSwiaWF0IjoxNzA5NzE4NDIxLCJqdGkiOiI4MzMxNWMwMjMzMjk0YzkwYTMwZGU2OTQzZjcxYzQ2ZiIsInVzZXJfaWQiOjIyfQ.H-pcRyplulit4lGgXCso6A3695lDC0nhYCzgzWbRdWw', '2024-03-06 09:47:01.647+00', '2024-06-04 09:47:01+00', 22, '83315c0233294c90a30de6943f71c46f');
INSERT INTO public.token_blacklist_outstandingtoken (id, token, created_at, expires_at, user_id, jti) VALUES (346, 'eyJhbGciOiJIUzI1NiIsInR5cCI6IkpXVCJ9.eyJ0b2tlbl90eXBlIjoicmVmcmVzaCIsImV4cCI6MTcxNzQ5NDQyMiwiaWF0IjoxNzA5NzE4NDIyLCJqdGkiOiI5YzdkNGIwZTMzMzY0MDAyYWQ1NTZiOWYzZDNkYjliYyIsInVzZXJfaWQiOjIyfQ.TPnUAMkN0OzSUyMIsd_0CzwE275OmauLmkrEv6-wAt4', '2024-03-06 09:47:02.396+00', '2024-06-04 09:47:02+00', 22, '9c7d4b0e33364002ad556b9f3d3db9bc');
INSERT INTO public.token_blacklist_outstandingtoken (id, token, created_at, expires_at, user_id, jti) VALUES (347, 'eyJhbGciOiJIUzI1NiIsInR5cCI6IkpXVCJ9.eyJ0b2tlbl90eXBlIjoicmVmcmVzaCIsImV4cCI6MTcxNzQ5NDQ5OSwiaWF0IjoxNzA5NzE4NDk5LCJqdGkiOiI1ODEyZjcyODdmMmM0NzQ2ODlhZTJlYzc3NmE3NTM3YiIsInVzZXJfaWQiOjIxfQ.80a6E8prhwkvWGWQSak-1HRzGGqqM81NnwIyNEUQT1o', '2024-03-06 09:48:19.853+00', '2024-06-04 09:48:19+00', 21, '5812f7287f2c474689ae2ec776a7537b');
INSERT INTO public.token_blacklist_outstandingtoken (id, token, created_at, expires_at, user_id, jti) VALUES (348, 'eyJhbGciOiJIUzI1NiIsInR5cCI6IkpXVCJ9.eyJ0b2tlbl90eXBlIjoicmVmcmVzaCIsImV4cCI6MTcxNzQ5NTIzMCwiaWF0IjoxNzA5NzE5MjMwLCJqdGkiOiJhMzEzZmQyMjBjN2Q0YjQwODBiNzM2NDRmMTUwNTJiMSIsInVzZXJfaWQiOjc3fQ.SMz3CGW7ggTaVmEMetSS3EpD2NvA2oD6TQ0mq26UQLg', '2024-03-06 10:00:30.553+00', '2024-06-04 10:00:30+00', 77, 'a313fd220c7d4b4080b73644f15052b1');
INSERT INTO public.token_blacklist_outstandingtoken (id, token, created_at, expires_at, user_id, jti) VALUES (349, 'eyJhbGciOiJIUzI1NiIsInR5cCI6IkpXVCJ9.eyJ0b2tlbl90eXBlIjoicmVmcmVzaCIsImV4cCI6MTcxNzQ5NTY4MiwiaWF0IjoxNzA5NzE5NjgyLCJqdGkiOiI3OTlkMjFiY2UyMjU0ZGRkOWQwNmM3Mjc0NGVlZTEzOCIsInVzZXJfaWQiOjE1M30.qYTA1d6msG8IWWr6g1uwkk5MsoFQDLTkeKDOHvgUPuk', '2024-03-06 10:08:02.177+00', '2024-06-04 10:08:02+00', 153, '799d21bce2254ddd9d06c72744eee138');
INSERT INTO public.token_blacklist_outstandingtoken (id, token, created_at, expires_at, user_id, jti) VALUES (350, 'eyJhbGciOiJIUzI1NiIsInR5cCI6IkpXVCJ9.eyJ0b2tlbl90eXBlIjoicmVmcmVzaCIsImV4cCI6MTcxNzQ5NTY4MiwiaWF0IjoxNzA5NzE5NjgyLCJqdGkiOiJjMTkzN2Q1ZWY3NTY0ZDdmOWZlZjQ0ZTNmZjg4MzExNCIsInVzZXJfaWQiOjE1M30.05P0YsOs99d-l1MbjAtP4OeRG1M4xaoghBO8KWVW9sU', '2024-03-06 10:08:02.927+00', '2024-06-04 10:08:02+00', 153, 'c1937d5ef7564d7f9fef44e3ff883114');
INSERT INTO public.token_blacklist_outstandingtoken (id, token, created_at, expires_at, user_id, jti) VALUES (351, 'eyJhbGciOiJIUzI1NiIsInR5cCI6IkpXVCJ9.eyJ0b2tlbl90eXBlIjoicmVmcmVzaCIsImV4cCI6MTcxNzUwMTQ4MiwiaWF0IjoxNzA5NzI1NDgyLCJqdGkiOiJkNTE5NGVjZmM4NTc0NmI0OTdiMDI2Y2E1MzEzMTFlNyIsInVzZXJfaWQiOjE2OX0.tiCM9Gj69FgCjwmxhiCymXNMQ8vw-0XrYCBT30QeQeI', '2024-03-06 11:44:42.021+00', '2024-06-04 11:44:42+00', 169, 'd5194ecfc85746b497b026ca531311e7');
INSERT INTO public.token_blacklist_outstandingtoken (id, token, created_at, expires_at, user_id, jti) VALUES (352, 'eyJhbGciOiJIUzI1NiIsInR5cCI6IkpXVCJ9.eyJ0b2tlbl90eXBlIjoicmVmcmVzaCIsImV4cCI6MTcxNzUwMTUzOCwiaWF0IjoxNzA5NzI1NTM4LCJqdGkiOiJiODE0OGNmZjhkNDg0NDI2OWEyYTNmMjNlNTMxZGM3MSIsInVzZXJfaWQiOjk3fQ.mHcpbGm-fwF-B4FOPQx9iqruOQcgGaYab9GHBwxw888', '2024-03-06 11:45:38.555+00', '2024-06-04 11:45:38+00', 97, 'b8148cff8d4844269a2a3f23e531dc71');
INSERT INTO public.token_blacklist_outstandingtoken (id, token, created_at, expires_at, user_id, jti) VALUES (353, 'eyJhbGciOiJIUzI1NiIsInR5cCI6IkpXVCJ9.eyJ0b2tlbl90eXBlIjoicmVmcmVzaCIsImV4cCI6MTcxNzUwMTc0NywiaWF0IjoxNzA5NzI1NzQ3LCJqdGkiOiJkYzA4NmRhNThlZGE0ODRjYTcwYmQxOTEzM2JhZWM4MiIsInVzZXJfaWQiOjY4fQ.DZdTDimcKqx1djlFUpUye5CvllKXeRjaf8prWGcJy68', '2024-03-06 11:49:07.452+00', '2024-06-04 11:49:07+00', 68, 'dc086da58eda484ca70bd19133baec82');
INSERT INTO public.token_blacklist_outstandingtoken (id, token, created_at, expires_at, user_id, jti) VALUES (354, 'eyJhbGciOiJIUzI1NiIsInR5cCI6IkpXVCJ9.eyJ0b2tlbl90eXBlIjoicmVmcmVzaCIsImV4cCI6MTcxNzUwMjYzNCwiaWF0IjoxNzA5NzI2NjM0LCJqdGkiOiJjNDQ1OTc2YTRlMDg0YjMxYTcwNDA2NmY3MmY5YjBjMyIsInVzZXJfaWQiOjF9.SevL7ggRsUYSHgWijnbnhSMn_kT5NDNK1C975sDqi4U', '2024-03-06 12:03:54.606+00', '2024-06-04 12:03:54+00', 1, 'c445976a4e084b31a704066f72f9b0c3');
INSERT INTO public.token_blacklist_outstandingtoken (id, token, created_at, expires_at, user_id, jti) VALUES (355, 'eyJhbGciOiJIUzI1NiIsInR5cCI6IkpXVCJ9.eyJ0b2tlbl90eXBlIjoicmVmcmVzaCIsImV4cCI6MTcxNzUwMzAxNiwiaWF0IjoxNzA5NzI3MDE2LCJqdGkiOiJiMGJiNjFkZDE1MTE0YTg0YTkwMGJlM2U1MDZkZTgyOCIsInVzZXJfaWQiOjF9.0gV0rkwUS6O6eB9HBWcOkuda_RCEvlTboEDvmCSgtiM', '2024-03-06 12:10:16.095+00', '2024-06-04 12:10:16+00', 1, 'b0bb61dd15114a84a900be3e506de828');
INSERT INTO public.token_blacklist_outstandingtoken (id, token, created_at, expires_at, user_id, jti) VALUES (356, 'eyJhbGciOiJIUzI1NiIsInR5cCI6IkpXVCJ9.eyJ0b2tlbl90eXBlIjoicmVmcmVzaCIsImV4cCI6MTcxNzM1Mzk2NCwiaWF0IjoxNzA5NTc3OTY0LCJqdGkiOiI5ZDcxZDg2MzBkOGE0YWI4OWM0OWVhMzZkYjE4NTgwYyIsInVzZXJfaWQiOjM0NSwib2JqIjp7InNsdWciOiIzMDU3MThfMTcwOTU3MzAyOCIsInByb2ZpbGUiOnsibmFtZSI6Ik1hbmF2IFNoYWgiLCJlbWFpbCI6Im1hbmF2LnRlYWNoZXIudGVzdEBnbWFpbC5jb20iLCJyb2xlIjoidGVhY2hlciJ9LCJicmFuY2giOnsiYnJhbmNoX25hbWUiOiJURVNUX0JSQU5DSF9GT1JfQ09SRV9URUFNIiwiYnJhbmNoX2NvZGUiOiI2OSIsInNsdWciOiIxMTg0MzhfMTcwOTMwMjkwMiIsImNvbGxlZ2UiOnsiY29sbGVnZV9uYW1lIjoiTC5ELiBjb2xsZWdlIG9mIGVuZ2luZWVyaW5nIiwic2x1ZyI6Ijc3MTg4Nl8xNzA4OTI4MzU5In19fX0.uyBv-JpquB8xN1SnjDV7xziycraAitbm-pqyW6ZYqKg', NULL, '2024-06-02 18:46:04+00', NULL, '9d71d8630d8a4ab89c49ea36db18580c');
INSERT INTO public.token_blacklist_outstandingtoken (id, token, created_at, expires_at, user_id, jti) VALUES (357, 'eyJhbGciOiJIUzI1NiIsInR5cCI6IkpXVCJ9.eyJ0b2tlbl90eXBlIjoicmVmcmVzaCIsImV4cCI6MTcxNzUwMzY4NiwiaWF0IjoxNzA5NzI3Njg2LCJqdGkiOiJmODBkMjI5NTA4MWU0ZjQyYjJhYjUyZjY4YTlkZjA3MCIsInVzZXJfaWQiOjIwNH0.QA-Xu3HvoRb1H73DkZf9QOD2gzXMeN4UkGlqAdx1j_8', '2024-03-06 12:21:26.379+00', '2024-06-04 12:21:26+00', 204, 'f80d2295081e4f42b2ab52f68a9df070');
INSERT INTO public.token_blacklist_outstandingtoken (id, token, created_at, expires_at, user_id, jti) VALUES (358, 'eyJhbGciOiJIUzI1NiIsInR5cCI6IkpXVCJ9.eyJ0b2tlbl90eXBlIjoicmVmcmVzaCIsImV4cCI6MTcxNzUwNTI3OCwiaWF0IjoxNzA5NzI5Mjc4LCJqdGkiOiIzYjFiZmU4MDQ5YTQ0NzNmYjBkMjAzZGMxMDkzMDc1ZSIsInVzZXJfaWQiOjIwNH0.GpxEh6J-L5NoKDdlIsXJ8ZSadyRHjbyAFh84QFoeXuc', '2024-03-06 12:47:58.307+00', '2024-06-04 12:47:58+00', 204, '3b1bfe8049a4473fb0d203dc1093075e');
INSERT INTO public.token_blacklist_outstandingtoken (id, token, created_at, expires_at, user_id, jti) VALUES (359, 'eyJhbGciOiJIUzI1NiIsInR5cCI6IkpXVCJ9.eyJ0b2tlbl90eXBlIjoicmVmcmVzaCIsImV4cCI6MTcxNzUwNTQwNCwiaWF0IjoxNzA5NzI5NDA0LCJqdGkiOiJiYzQ2M2YxNmE2NTU0NTdhYjNlMmU3ZTYwMWFlYjljOCIsInVzZXJfaWQiOjIwNH0.qQuXDkJqAdKQIka0RsCV9_VckNPHq3A1ImJzbGDf_wQ', '2024-03-06 12:50:04.328+00', '2024-06-04 12:50:04+00', 204, 'bc463f16a655457ab3e2e7e601aeb9c8');
INSERT INTO public.token_blacklist_outstandingtoken (id, token, created_at, expires_at, user_id, jti) VALUES (360, 'eyJhbGciOiJIUzI1NiIsInR5cCI6IkpXVCJ9.eyJ0b2tlbl90eXBlIjoicmVmcmVzaCIsImV4cCI6MTcxNzUwNTQ2NiwiaWF0IjoxNzA5NzI5NDY2LCJqdGkiOiIyODkwMTNjYTQ0Njk0OTBjYmMyYmZmYmNkMmJkNTE5NyIsInVzZXJfaWQiOjIwNH0.lXBuqgqarQUErpxbMsgFXVFmlTlMXidFbC4Fng54Hro', '2024-03-06 12:51:06.764+00', '2024-06-04 12:51:06+00', 204, '289013ca4469490cbc2bffbcd2bd5197');
INSERT INTO public.token_blacklist_outstandingtoken (id, token, created_at, expires_at, user_id, jti) VALUES (361, 'eyJhbGciOiJIUzI1NiIsInR5cCI6IkpXVCJ9.eyJ0b2tlbl90eXBlIjoicmVmcmVzaCIsImV4cCI6MTcxNjI4MDg2OSwiaWF0IjoxNzA4NTA0ODY5LCJqdGkiOiJiNTY5ZTViN2FiNWY0MzE5OTJhNzNmMGFmM2VjZWNjMiIsInVzZXJfaWQiOjcxLCJvYmoiOnsic2x1ZyI6IjE2MjM3NV8xNzA3NzUwODgzIiwicHJvZmlsZSI6eyJuYW1lIjoiS0FOQU5JIERJUCBQUkFWSU5CSEFJIiwiZW1haWwiOiJrYW5hbmlkZWVwNzM1OUBnbWFpbC5jb20iLCJwaF9ubyI6bnVsbCwicm9sZSI6InN0dWRlbnQifSwiYnJhbmNoIjp7ImJyYW5jaF9uYW1lIjoiRWxlY3Ryb25pY3MgQW5kIENvbW11bmljYXRpb24iLCJicmFuY2hfY29kZSI6MTEsInNsdWciOiIyNzcwNjlfMTcwNzczMzIxMSIsImNvbGxlZ2UiOnsiY29sbGVnZV9uYW1lIjoiTC5ELiBjb2xsZWdlIG9mIGVuZ2luZWVyaW5nIiwic2x1ZyI6IjMyNTg2Nl8xNzA3NzMzMTg0In19LCJzcl9ubyI6NDExMDY3LCJlbnJvbGxtZW50IjoiMjMwMjgzMTExMDEwIn19.ybqaMdbwQWUG2SFOVVR1n2Wfl7FnB9oIjoTpqwKzhdo', NULL, '2024-05-21 08:41:09+00', NULL, 'b569e5b7ab5f431992a73f0af3ececc2');
INSERT INTO public.token_blacklist_outstandingtoken (id, token, created_at, expires_at, user_id, jti) VALUES (362, 'eyJhbGciOiJIUzI1NiIsInR5cCI6IkpXVCJ9.eyJ0b2tlbl90eXBlIjoicmVmcmVzaCIsImV4cCI6MTcxNzUwODIyNCwiaWF0IjoxNzA5NzMyMjI0LCJqdGkiOiI2NGY0NGUyMThjNDY0NTY5OWIwZjkwZjgwYWJhMDk1NiIsInVzZXJfaWQiOjcxLCJvYmoiOnsic2x1ZyI6IjE2MjM3NV8xNzA3NzUwODgzIiwicHJvZmlsZSI6eyJuYW1lIjoiS0FOQU5JIERJUCBQUkFWSU5CSEFJIiwiZW1haWwiOiJrYW5hbmlkZWVwNzM1OUBnbWFpbC5jb20iLCJwaF9ubyI6bnVsbCwicm9sZSI6InN0dWRlbnQifSwiYnJhbmNoIjp7ImJyYW5jaF9uYW1lIjoiRWxlY3Ryb25pY3MgQW5kIENvbW11bmljYXRpb24iLCJicmFuY2hfY29kZSI6MTEsInNsdWciOiIyNzcwNjlfMTcwNzczMzIxMSIsImNvbGxlZ2UiOnsiY29sbGVnZV9uYW1lIjoiTC5ELiBjb2xsZWdlIG9mIGVuZ2luZWVyaW5nIiwic2x1ZyI6IjMyNTg2Nl8xNzA3NzMzMTg0In19LCJzcl9ubyI6NDExMDY3LCJlbnJvbGxtZW50IjoiMjMwMjgzMTExMDEwIn19.V9n6IuTXLNDUlQYHFbfdneEN9s595zc6E3axLLNW6gQ', NULL, '2024-06-04 13:37:04+00', NULL, '64f44e218c4645699b0f90f80aba0956');
INSERT INTO public.token_blacklist_outstandingtoken (id, token, created_at, expires_at, user_id, jti) VALUES (363, 'eyJhbGciOiJIUzI1NiIsInR5cCI6IkpXVCJ9.eyJ0b2tlbl90eXBlIjoicmVmcmVzaCIsImV4cCI6MTcxNzUxODU4NiwiaWF0IjoxNzA5NzQyNTg2LCJqdGkiOiI3NjE3M2U5YmRjNWU0ZGZmOTk5NmEzNjgwOGJiNjFmZiIsInVzZXJfaWQiOjF9.eGDt-q1cx1MsPSdU8mc_DzSsyo35GthyCC-UqFgpX9s', '2024-03-06 16:29:46.382+00', '2024-06-04 16:29:46+00', 1, '76173e9bdc5e4dff9996a36808bb61ff');
INSERT INTO public.token_blacklist_outstandingtoken (id, token, created_at, expires_at, user_id, jti) VALUES (364, 'eyJhbGciOiJIUzI1NiIsInR5cCI6IkpXVCJ9.eyJ0b2tlbl90eXBlIjoicmVmcmVzaCIsImV4cCI6MTcxNzUxODc3NywiaWF0IjoxNzA5NzQyNzc3LCJqdGkiOiJhZjNjYWE0NWZiNDQ0MDU3OWYxNjBlMDUxOThhMGRiMSIsInVzZXJfaWQiOjIwNH0.MTcdWlpcjMKRUrB7XndmM52hRVlw63w9IiDJXrla4x0', '2024-03-06 16:32:57.123+00', '2024-06-04 16:32:57+00', 204, 'af3caa45fb4440579f160e05198a0db1');
INSERT INTO public.token_blacklist_outstandingtoken (id, token, created_at, expires_at, user_id, jti) VALUES (365, 'eyJhbGciOiJIUzI1NiIsInR5cCI6IkpXVCJ9.eyJ0b2tlbl90eXBlIjoicmVmcmVzaCIsImV4cCI6MTcxNzUxODkxNywiaWF0IjoxNzA5NzQyOTE3LCJqdGkiOiJhOGFkNTAyZGFhMWI0OTEwODc2N2EwYjcyMmE2NWYyZSIsInVzZXJfaWQiOjM0NX0.4EYVKaiU1gm61i0Stk-Y0bSntkLDeMgZ13e8S9tvGME', '2024-03-06 16:35:17.971+00', '2024-06-04 16:35:17+00', 345, 'a8ad502daa1b49108767a0b722a65f2e');
INSERT INTO public.token_blacklist_outstandingtoken (id, token, created_at, expires_at, user_id, jti) VALUES (366, 'eyJhbGciOiJIUzI1NiIsInR5cCI6IkpXVCJ9.eyJ0b2tlbl90eXBlIjoicmVmcmVzaCIsImV4cCI6MTcxNzUxODkzNSwiaWF0IjoxNzA5NzQyOTM1LCJqdGkiOiI1Y2IzMjk0N2QyOWU0MmIyYTFjOGNiMGVmNmUwOGEyMSIsInVzZXJfaWQiOjIwNH0.Nkr-eLzvnaWRLWEE_MnaG6dD2qBEvK6ARaCvWTWxPq4', '2024-03-06 16:35:35.442+00', '2024-06-04 16:35:35+00', 204, '5cb32947d29e42b2a1c8cb0ef6e08a21');
INSERT INTO public.token_blacklist_outstandingtoken (id, token, created_at, expires_at, user_id, jti) VALUES (367, 'eyJhbGciOiJIUzI1NiIsInR5cCI6IkpXVCJ9.eyJ0b2tlbl90eXBlIjoicmVmcmVzaCIsImV4cCI6MTcxNzUxODk5MCwiaWF0IjoxNzA5NzQyOTkwLCJqdGkiOiJhYjBiNzBlNGI1NTc0ZTEwYjliMWUwMmU0MzUyNTU4MiIsInVzZXJfaWQiOjIwNH0.N92SvPYrsDiWvkyl5dg6SgtwxXBUo8cKtDF5vGGF8tw', '2024-03-06 16:36:30.061+00', '2024-06-04 16:36:30+00', 204, 'ab0b70e4b5574e10b9b1e02e43525582');
INSERT INTO public.token_blacklist_outstandingtoken (id, token, created_at, expires_at, user_id, jti) VALUES (368, 'eyJhbGciOiJIUzI1NiIsInR5cCI6IkpXVCJ9.eyJ0b2tlbl90eXBlIjoicmVmcmVzaCIsImV4cCI6MTcxNzQ5MzY5MCwiaWF0IjoxNzA5NzE3NjkwLCJqdGkiOiJmOTQ3NzllNWFjODQ0NDQ2OTRlZDBlMWFiNzQyZDY3NSIsInVzZXJfaWQiOjUwLCJvYmoiOnsic2x1ZyI6IjI5OTAzNV8xNzA3NzUwODgzIiwicHJvZmlsZSI6eyJuYW1lIjoiUEFOQ0hBTCBNRUVUS1VNQVIgUFJBVklOQkhBSSIsImVtYWlsIjoibWVldHBhbmNoYWwxOTBAZ21haWwuY29tIiwicGhfbm8iOm51bGwsInJvbGUiOiJzdHVkZW50In0sImJyYW5jaCI6eyJicmFuY2hfbmFtZSI6IkVsZWN0cm9uaWNzIEFuZCBDb21tdW5pY2F0aW9uIiwiYnJhbmNoX2NvZGUiOjExLCJzbHVnIjoiMjc3MDY5XzE3MDc3MzMyMTEiLCJjb2xsZWdlIjp7ImNvbGxlZ2VfbmFtZSI6IkwuRC4gY29sbGVnZSBvZiBlbmdpbmVlcmluZyIsInNsdWciOiIzMjU4NjZfMTcwNzczMzE4NCJ9fSwic3Jfbm8iOjQxMTA0NiwiZW5yb2xsbWVudCI6IjIyMDI4MDExMTA2NyJ9fQ.wo9kHh7NW9u0M09RwmcSFmeakeHDybDKn0cewBBQ_lw', NULL, '2024-06-04 09:34:50+00', NULL, 'f94779e5ac84444694ed0e1ab742d675');
INSERT INTO public.token_blacklist_outstandingtoken (id, token, created_at, expires_at, user_id, jti) VALUES (369, 'eyJhbGciOiJIUzI1NiIsInR5cCI6IkpXVCJ9.eyJ0b2tlbl90eXBlIjoicmVmcmVzaCIsImV4cCI6MTcxNzUyMTY4OCwiaWF0IjoxNzA5NzQ1Njg4LCJqdGkiOiI1OTg0MmFiZjI0Y2I0N2NkYjRiMWE5YTA4ZWFjZjU1ZCIsInVzZXJfaWQiOjUwLCJvYmoiOnsic2x1ZyI6IjI5OTAzNV8xNzA3NzUwODgzIiwicHJvZmlsZSI6eyJuYW1lIjoiUEFOQ0hBTCBNRUVUS1VNQVIgUFJBVklOQkhBSSIsImVtYWlsIjoibWVldHBhbmNoYWwxOTBAZ21haWwuY29tIiwicGhfbm8iOm51bGwsInJvbGUiOiJzdHVkZW50In0sImJyYW5jaCI6eyJicmFuY2hfbmFtZSI6IkVsZWN0cm9uaWNzIEFuZCBDb21tdW5pY2F0aW9uIiwiYnJhbmNoX2NvZGUiOjExLCJzbHVnIjoiMjc3MDY5XzE3MDc3MzMyMTEiLCJjb2xsZWdlIjp7ImNvbGxlZ2VfbmFtZSI6IkwuRC4gY29sbGVnZSBvZiBlbmdpbmVlcmluZyIsInNsdWciOiIzMjU4NjZfMTcwNzczMzE4NCJ9fSwic3Jfbm8iOjQxMTA0NiwiZW5yb2xsbWVudCI6IjIyMDI4MDExMTA2NyJ9fQ.tuMuE1ctFJvLUf4B3Mc2vTb16kr_0dSLXQXWYB9BP1Q', NULL, '2024-06-04 17:21:28+00', NULL, '59842abf24cb47cdb4b1a9a08eacf55d');


--
-- Name: Manage_batch_id_seq; Type: SEQUENCE SET; Schema: public; Owner: manav1011
--

SELECT pg_catalog.setval('public."Manage_batch_id_seq"', 18, true);


--
-- Name: Manage_batch_students_id_seq; Type: SEQUENCE SET; Schema: public; Owner: manav1011
--

SELECT pg_catalog.setval('public."Manage_batch_students_id_seq"', 316, true);


--
-- Name: Manage_branch_admins_id_seq; Type: SEQUENCE SET; Schema: public; Owner: manav1011
--

SELECT pg_catalog.setval('public."Manage_branch_admins_id_seq"', 5, true);


--
-- Name: Manage_branch_id_seq; Type: SEQUENCE SET; Schema: public; Owner: manav1011
--

SELECT pg_catalog.setval('public."Manage_branch_id_seq"', 5, true);


--
-- Name: Manage_branch_students_id_seq; Type: SEQUENCE SET; Schema: public; Owner: manav1011
--

SELECT pg_catalog.setval('public."Manage_branch_students_id_seq"', 316, true);


--
-- Name: Manage_branch_teachers_id_seq; Type: SEQUENCE SET; Schema: public; Owner: manav1011
--

SELECT pg_catalog.setval('public."Manage_branch_teachers_id_seq"', 5, true);


--
-- Name: Manage_classroom_id_seq; Type: SEQUENCE SET; Schema: public; Owner: manav1011
--

SELECT pg_catalog.setval('public."Manage_classroom_id_seq"', 10, true);


--
-- Name: Manage_college_id_seq; Type: SEQUENCE SET; Schema: public; Owner: manav1011
--

SELECT pg_catalog.setval('public."Manage_college_id_seq"', 1, true);


--
-- Name: Manage_division_id_seq; Type: SEQUENCE SET; Schema: public; Owner: manav1011
--

SELECT pg_catalog.setval('public."Manage_division_id_seq"', 8, true);


--
-- Name: Manage_gpscoordinates_id_seq; Type: SEQUENCE SET; Schema: public; Owner: manav1011
--

SELECT pg_catalog.setval('public."Manage_gpscoordinates_id_seq"', 107, true);


--
-- Name: Manage_lecture_batches_id_seq; Type: SEQUENCE SET; Schema: public; Owner: manav1011
--

SELECT pg_catalog.setval('public."Manage_lecture_batches_id_seq"', 27, true);


--
-- Name: Manage_lecture_id_seq; Type: SEQUENCE SET; Schema: public; Owner: manav1011
--

SELECT pg_catalog.setval('public."Manage_lecture_id_seq"', 23, true);


--
-- Name: Manage_link_id_seq; Type: SEQUENCE SET; Schema: public; Owner: manav1011
--

SELECT pg_catalog.setval('public."Manage_link_id_seq"', 1, false);


--
-- Name: Manage_schedule_id_seq; Type: SEQUENCE SET; Schema: public; Owner: manav1011
--

SELECT pg_catalog.setval('public."Manage_schedule_id_seq"', 48, true);


--
-- Name: Manage_semester_id_seq; Type: SEQUENCE SET; Schema: public; Owner: manav1011
--

SELECT pg_catalog.setval('public."Manage_semester_id_seq"', 5, true);


--
-- Name: Manage_subject_id_seq; Type: SEQUENCE SET; Schema: public; Owner: manav1011
--

SELECT pg_catalog.setval('public."Manage_subject_id_seq"', 7, true);


--
-- Name: Manage_term_id_seq; Type: SEQUENCE SET; Schema: public; Owner: manav1011
--

SELECT pg_catalog.setval('public."Manage_term_id_seq"', 5, true);


--
-- Name: Manage_timetable_id_seq; Type: SEQUENCE SET; Schema: public; Owner: manav1011
--

SELECT pg_catalog.setval('public."Manage_timetable_id_seq"', 8, true);


--
-- Name: Profile_profile_groups_id_seq; Type: SEQUENCE SET; Schema: public; Owner: manav1011
--

SELECT pg_catalog.setval('public."Profile_profile_groups_id_seq"', 1, false);


--
-- Name: Profile_profile_id_seq; Type: SEQUENCE SET; Schema: public; Owner: manav1011
--

SELECT pg_catalog.setval('public."Profile_profile_id_seq"', 347, true);


--
-- Name: Profile_profile_user_permissions_id_seq; Type: SEQUENCE SET; Schema: public; Owner: manav1011
--

SELECT pg_catalog.setval('public."Profile_profile_user_permissions_id_seq"', 1, false);


--
-- Name: Session_attendance_id_seq; Type: SEQUENCE SET; Schema: public; Owner: manav1011
--

SELECT pg_catalog.setval('public."Session_attendance_id_seq"', 966, true);


--
-- Name: Session_session_attendances_id_seq; Type: SEQUENCE SET; Schema: public; Owner: manav1011
--

SELECT pg_catalog.setval('public."Session_session_attendances_id_seq"', 503, true);


--
-- Name: Session_session_id_seq; Type: SEQUENCE SET; Schema: public; Owner: manav1011
--

SELECT pg_catalog.setval('public."Session_session_id_seq"', 23, true);


--
-- Name: StakeHolders_admin_id_seq; Type: SEQUENCE SET; Schema: public; Owner: manav1011
--

SELECT pg_catalog.setval('public."StakeHolders_admin_id_seq"', 5, true);


--
-- Name: StakeHolders_notificationsubscriptions_id_seq; Type: SEQUENCE SET; Schema: public; Owner: manav1011
--

SELECT pg_catalog.setval('public."StakeHolders_notificationsubscriptions_id_seq"', 1, false);


--
-- Name: StakeHolders_student_id_seq; Type: SEQUENCE SET; Schema: public; Owner: manav1011
--

SELECT pg_catalog.setval('public."StakeHolders_student_id_seq"', 299, true);


--
-- Name: StakeHolders_teacher_id_seq; Type: SEQUENCE SET; Schema: public; Owner: manav1011
--

SELECT pg_catalog.setval('public."StakeHolders_teacher_id_seq"', 11, true);


--
-- Name: StakeHolders_teacher_web_push_subscription_id_seq; Type: SEQUENCE SET; Schema: public; Owner: manav1011
--

SELECT pg_catalog.setval('public."StakeHolders_teacher_web_push_subscription_id_seq"', 1, false);


--
-- Name: auth_group_id_seq; Type: SEQUENCE SET; Schema: public; Owner: manav1011
--

SELECT pg_catalog.setval('public.auth_group_id_seq', 1, false);


--
-- Name: auth_group_permissions_id_seq; Type: SEQUENCE SET; Schema: public; Owner: manav1011
--

SELECT pg_catalog.setval('public.auth_group_permissions_id_seq', 1, false);


--
-- Name: auth_permission_id_seq; Type: SEQUENCE SET; Schema: public; Owner: manav1011
--

SELECT pg_catalog.setval('public.auth_permission_id_seq', 108, true);


--
-- Name: django_admin_log_id_seq; Type: SEQUENCE SET; Schema: public; Owner: manav1011
--

SELECT pg_catalog.setval('public.django_admin_log_id_seq', 1, false);


--
-- Name: django_content_type_id_seq; Type: SEQUENCE SET; Schema: public; Owner: manav1011
--

SELECT pg_catalog.setval('public.django_content_type_id_seq', 27, true);


--
-- Name: django_migrations_id_seq; Type: SEQUENCE SET; Schema: public; Owner: manav1011
--

SELECT pg_catalog.setval('public.django_migrations_id_seq', 81, true);


--
-- Name: token_blacklist_blacklistedtoken_id_seq; Type: SEQUENCE SET; Schema: public; Owner: manav1011
--

SELECT pg_catalog.setval('public.token_blacklist_blacklistedtoken_id_seq', 78, true);


--
-- Name: token_blacklist_outstandingtoken_id_seq; Type: SEQUENCE SET; Schema: public; Owner: manav1011
--

SELECT pg_catalog.setval('public.token_blacklist_outstandingtoken_id_seq', 369, true);


--
-- Name: Manage_batch Manage_batch_pkey; Type: CONSTRAINT; Schema: public; Owner: manav1011
--

ALTER TABLE ONLY public."Manage_batch"
    ADD CONSTRAINT "Manage_batch_pkey" PRIMARY KEY (id);


--
-- Name: Manage_batch Manage_batch_slug_key; Type: CONSTRAINT; Schema: public; Owner: manav1011
--

ALTER TABLE ONLY public."Manage_batch"
    ADD CONSTRAINT "Manage_batch_slug_key" UNIQUE (slug);


--
-- Name: Manage_batch_students Manage_batch_students_batch_id_student_id_19de11fd_uniq; Type: CONSTRAINT; Schema: public; Owner: manav1011
--

ALTER TABLE ONLY public."Manage_batch_students"
    ADD CONSTRAINT "Manage_batch_students_batch_id_student_id_19de11fd_uniq" UNIQUE (batch_id, student_id);


--
-- Name: Manage_batch_students Manage_batch_students_pkey; Type: CONSTRAINT; Schema: public; Owner: manav1011
--

ALTER TABLE ONLY public."Manage_batch_students"
    ADD CONSTRAINT "Manage_batch_students_pkey" PRIMARY KEY (id);


--
-- Name: Manage_branch_admins Manage_branch_admins_branch_id_admin_id_ce00d381_uniq; Type: CONSTRAINT; Schema: public; Owner: manav1011
--

ALTER TABLE ONLY public."Manage_branch_admins"
    ADD CONSTRAINT "Manage_branch_admins_branch_id_admin_id_ce00d381_uniq" UNIQUE (branch_id, admin_id);


--
-- Name: Manage_branch_admins Manage_branch_admins_pkey; Type: CONSTRAINT; Schema: public; Owner: manav1011
--

ALTER TABLE ONLY public."Manage_branch_admins"
    ADD CONSTRAINT "Manage_branch_admins_pkey" PRIMARY KEY (id);


--
-- Name: Manage_branch Manage_branch_branch_code_key; Type: CONSTRAINT; Schema: public; Owner: manav1011
--

ALTER TABLE ONLY public."Manage_branch"
    ADD CONSTRAINT "Manage_branch_branch_code_key" UNIQUE (branch_code);


--
-- Name: Manage_branch Manage_branch_pkey; Type: CONSTRAINT; Schema: public; Owner: manav1011
--

ALTER TABLE ONLY public."Manage_branch"
    ADD CONSTRAINT "Manage_branch_pkey" PRIMARY KEY (id);


--
-- Name: Manage_branch Manage_branch_slug_key; Type: CONSTRAINT; Schema: public; Owner: manav1011
--

ALTER TABLE ONLY public."Manage_branch"
    ADD CONSTRAINT "Manage_branch_slug_key" UNIQUE (slug);


--
-- Name: Manage_branch_students Manage_branch_students_branch_id_student_id_f6351ce8_uniq; Type: CONSTRAINT; Schema: public; Owner: manav1011
--

ALTER TABLE ONLY public."Manage_branch_students"
    ADD CONSTRAINT "Manage_branch_students_branch_id_student_id_f6351ce8_uniq" UNIQUE (branch_id, student_id);


--
-- Name: Manage_branch_students Manage_branch_students_pkey; Type: CONSTRAINT; Schema: public; Owner: manav1011
--

ALTER TABLE ONLY public."Manage_branch_students"
    ADD CONSTRAINT "Manage_branch_students_pkey" PRIMARY KEY (id);


--
-- Name: Manage_branch_teachers Manage_branch_teachers_branch_id_teacher_id_1be17d37_uniq; Type: CONSTRAINT; Schema: public; Owner: manav1011
--

ALTER TABLE ONLY public."Manage_branch_teachers"
    ADD CONSTRAINT "Manage_branch_teachers_branch_id_teacher_id_1be17d37_uniq" UNIQUE (branch_id, teacher_id);


--
-- Name: Manage_branch_teachers Manage_branch_teachers_pkey; Type: CONSTRAINT; Schema: public; Owner: manav1011
--

ALTER TABLE ONLY public."Manage_branch_teachers"
    ADD CONSTRAINT "Manage_branch_teachers_pkey" PRIMARY KEY (id);


--
-- Name: Manage_classroom Manage_classroom_pkey; Type: CONSTRAINT; Schema: public; Owner: manav1011
--

ALTER TABLE ONLY public."Manage_classroom"
    ADD CONSTRAINT "Manage_classroom_pkey" PRIMARY KEY (id);


--
-- Name: Manage_classroom Manage_classroom_slug_key; Type: CONSTRAINT; Schema: public; Owner: manav1011
--

ALTER TABLE ONLY public."Manage_classroom"
    ADD CONSTRAINT "Manage_classroom_slug_key" UNIQUE (slug);


--
-- Name: Manage_college Manage_college_pkey; Type: CONSTRAINT; Schema: public; Owner: manav1011
--

ALTER TABLE ONLY public."Manage_college"
    ADD CONSTRAINT "Manage_college_pkey" PRIMARY KEY (id);


--
-- Name: Manage_college Manage_college_slug_key; Type: CONSTRAINT; Schema: public; Owner: manav1011
--

ALTER TABLE ONLY public."Manage_college"
    ADD CONSTRAINT "Manage_college_slug_key" UNIQUE (slug);


--
-- Name: Manage_division Manage_division_pkey; Type: CONSTRAINT; Schema: public; Owner: manav1011
--

ALTER TABLE ONLY public."Manage_division"
    ADD CONSTRAINT "Manage_division_pkey" PRIMARY KEY (id);


--
-- Name: Manage_division Manage_division_slug_key; Type: CONSTRAINT; Schema: public; Owner: manav1011
--

ALTER TABLE ONLY public."Manage_division"
    ADD CONSTRAINT "Manage_division_slug_key" UNIQUE (slug);


--
-- Name: Manage_gpscoordinates Manage_gpscoordinates_pkey; Type: CONSTRAINT; Schema: public; Owner: manav1011
--

ALTER TABLE ONLY public."Manage_gpscoordinates"
    ADD CONSTRAINT "Manage_gpscoordinates_pkey" PRIMARY KEY (id);


--
-- Name: Manage_lecture_batches Manage_lecture_batches_lecture_id_batch_id_ff2b38ea_uniq; Type: CONSTRAINT; Schema: public; Owner: manav1011
--

ALTER TABLE ONLY public."Manage_lecture_batches"
    ADD CONSTRAINT "Manage_lecture_batches_lecture_id_batch_id_ff2b38ea_uniq" UNIQUE (lecture_id, batch_id);


--
-- Name: Manage_lecture_batches Manage_lecture_batches_pkey; Type: CONSTRAINT; Schema: public; Owner: manav1011
--

ALTER TABLE ONLY public."Manage_lecture_batches"
    ADD CONSTRAINT "Manage_lecture_batches_pkey" PRIMARY KEY (id);


--
-- Name: Manage_lecture Manage_lecture_pkey; Type: CONSTRAINT; Schema: public; Owner: manav1011
--

ALTER TABLE ONLY public."Manage_lecture"
    ADD CONSTRAINT "Manage_lecture_pkey" PRIMARY KEY (id);


--
-- Name: Manage_lecture Manage_lecture_slug_key; Type: CONSTRAINT; Schema: public; Owner: manav1011
--

ALTER TABLE ONLY public."Manage_lecture"
    ADD CONSTRAINT "Manage_lecture_slug_key" UNIQUE (slug);


--
-- Name: Manage_link Manage_link_pkey; Type: CONSTRAINT; Schema: public; Owner: manav1011
--

ALTER TABLE ONLY public."Manage_link"
    ADD CONSTRAINT "Manage_link_pkey" PRIMARY KEY (id);


--
-- Name: Manage_link Manage_link_slug_key; Type: CONSTRAINT; Schema: public; Owner: manav1011
--

ALTER TABLE ONLY public."Manage_link"
    ADD CONSTRAINT "Manage_link_slug_key" UNIQUE (slug);


--
-- Name: Manage_schedule Manage_schedule_pkey; Type: CONSTRAINT; Schema: public; Owner: manav1011
--

ALTER TABLE ONLY public."Manage_schedule"
    ADD CONSTRAINT "Manage_schedule_pkey" PRIMARY KEY (id);


--
-- Name: Manage_schedule Manage_schedule_slug_key; Type: CONSTRAINT; Schema: public; Owner: manav1011
--

ALTER TABLE ONLY public."Manage_schedule"
    ADD CONSTRAINT "Manage_schedule_slug_key" UNIQUE (slug);


--
-- Name: Manage_semester Manage_semester_pkey; Type: CONSTRAINT; Schema: public; Owner: manav1011
--

ALTER TABLE ONLY public."Manage_semester"
    ADD CONSTRAINT "Manage_semester_pkey" PRIMARY KEY (id);


--
-- Name: Manage_semester Manage_semester_slug_key; Type: CONSTRAINT; Schema: public; Owner: manav1011
--

ALTER TABLE ONLY public."Manage_semester"
    ADD CONSTRAINT "Manage_semester_slug_key" UNIQUE (slug);


--
-- Name: Manage_subject Manage_subject_code_key; Type: CONSTRAINT; Schema: public; Owner: manav1011
--

ALTER TABLE ONLY public."Manage_subject"
    ADD CONSTRAINT "Manage_subject_code_key" UNIQUE (code);


--
-- Name: Manage_subject Manage_subject_pkey; Type: CONSTRAINT; Schema: public; Owner: manav1011
--

ALTER TABLE ONLY public."Manage_subject"
    ADD CONSTRAINT "Manage_subject_pkey" PRIMARY KEY (id);


--
-- Name: Manage_subject Manage_subject_slug_key; Type: CONSTRAINT; Schema: public; Owner: manav1011
--

ALTER TABLE ONLY public."Manage_subject"
    ADD CONSTRAINT "Manage_subject_slug_key" UNIQUE (slug);


--
-- Name: Manage_term Manage_term_pkey; Type: CONSTRAINT; Schema: public; Owner: manav1011
--

ALTER TABLE ONLY public."Manage_term"
    ADD CONSTRAINT "Manage_term_pkey" PRIMARY KEY (id);


--
-- Name: Manage_term Manage_term_slug_key; Type: CONSTRAINT; Schema: public; Owner: manav1011
--

ALTER TABLE ONLY public."Manage_term"
    ADD CONSTRAINT "Manage_term_slug_key" UNIQUE (slug);


--
-- Name: Manage_timetable Manage_timetable_pkey; Type: CONSTRAINT; Schema: public; Owner: manav1011
--

ALTER TABLE ONLY public."Manage_timetable"
    ADD CONSTRAINT "Manage_timetable_pkey" PRIMARY KEY (id);


--
-- Name: Manage_timetable Manage_timetable_slug_key; Type: CONSTRAINT; Schema: public; Owner: manav1011
--

ALTER TABLE ONLY public."Manage_timetable"
    ADD CONSTRAINT "Manage_timetable_slug_key" UNIQUE (slug);


--
-- Name: Profile_profile Profile_profile_email_key; Type: CONSTRAINT; Schema: public; Owner: manav1011
--

ALTER TABLE ONLY public."Profile_profile"
    ADD CONSTRAINT "Profile_profile_email_key" UNIQUE (email);


--
-- Name: Profile_profile_groups Profile_profile_groups_pkey; Type: CONSTRAINT; Schema: public; Owner: manav1011
--

ALTER TABLE ONLY public."Profile_profile_groups"
    ADD CONSTRAINT "Profile_profile_groups_pkey" PRIMARY KEY (id);


--
-- Name: Profile_profile_groups Profile_profile_groups_profile_id_group_id_b8d72e64_uniq; Type: CONSTRAINT; Schema: public; Owner: manav1011
--

ALTER TABLE ONLY public."Profile_profile_groups"
    ADD CONSTRAINT "Profile_profile_groups_profile_id_group_id_b8d72e64_uniq" UNIQUE (profile_id, group_id);


--
-- Name: Profile_profile Profile_profile_pkey; Type: CONSTRAINT; Schema: public; Owner: manav1011
--

ALTER TABLE ONLY public."Profile_profile"
    ADD CONSTRAINT "Profile_profile_pkey" PRIMARY KEY (id);


--
-- Name: Profile_profile_user_permissions Profile_profile_user_per_profile_id_permission_id_a2774e75_uniq; Type: CONSTRAINT; Schema: public; Owner: manav1011
--

ALTER TABLE ONLY public."Profile_profile_user_permissions"
    ADD CONSTRAINT "Profile_profile_user_per_profile_id_permission_id_a2774e75_uniq" UNIQUE (profile_id, permission_id);


--
-- Name: Profile_profile_user_permissions Profile_profile_user_permissions_pkey; Type: CONSTRAINT; Schema: public; Owner: manav1011
--

ALTER TABLE ONLY public."Profile_profile_user_permissions"
    ADD CONSTRAINT "Profile_profile_user_permissions_pkey" PRIMARY KEY (id);


--
-- Name: Session_attendance Session_attendance_pkey; Type: CONSTRAINT; Schema: public; Owner: manav1011
--

ALTER TABLE ONLY public."Session_attendance"
    ADD CONSTRAINT "Session_attendance_pkey" PRIMARY KEY (id);


--
-- Name: Session_attendance Session_attendance_slug_key; Type: CONSTRAINT; Schema: public; Owner: manav1011
--

ALTER TABLE ONLY public."Session_attendance"
    ADD CONSTRAINT "Session_attendance_slug_key" UNIQUE (slug);


--
-- Name: Session_session_attendances Session_session_attendan_session_id_attendance_id_88a468a6_uniq; Type: CONSTRAINT; Schema: public; Owner: manav1011
--

ALTER TABLE ONLY public."Session_session_attendances"
    ADD CONSTRAINT "Session_session_attendan_session_id_attendance_id_88a468a6_uniq" UNIQUE (session_id, attendance_id);


--
-- Name: Session_session_attendances Session_session_attendances_pkey; Type: CONSTRAINT; Schema: public; Owner: manav1011
--

ALTER TABLE ONLY public."Session_session_attendances"
    ADD CONSTRAINT "Session_session_attendances_pkey" PRIMARY KEY (id);


--
-- Name: Session_session Session_session_pkey; Type: CONSTRAINT; Schema: public; Owner: manav1011
--

ALTER TABLE ONLY public."Session_session"
    ADD CONSTRAINT "Session_session_pkey" PRIMARY KEY (id);


--
-- Name: Session_session Session_session_session_id_key; Type: CONSTRAINT; Schema: public; Owner: manav1011
--

ALTER TABLE ONLY public."Session_session"
    ADD CONSTRAINT "Session_session_session_id_key" UNIQUE (session_id);


--
-- Name: StakeHolders_admin StakeHolders_admin_pkey; Type: CONSTRAINT; Schema: public; Owner: manav1011
--

ALTER TABLE ONLY public."StakeHolders_admin"
    ADD CONSTRAINT "StakeHolders_admin_pkey" PRIMARY KEY (id);


--
-- Name: StakeHolders_admin StakeHolders_admin_slug_key; Type: CONSTRAINT; Schema: public; Owner: manav1011
--

ALTER TABLE ONLY public."StakeHolders_admin"
    ADD CONSTRAINT "StakeHolders_admin_slug_key" UNIQUE (slug);


--
-- Name: StakeHolders_notificationsubscriptions StakeHolders_notificationsubscriptions_pkey; Type: CONSTRAINT; Schema: public; Owner: manav1011
--

ALTER TABLE ONLY public."StakeHolders_notificationsubscriptions"
    ADD CONSTRAINT "StakeHolders_notificationsubscriptions_pkey" PRIMARY KEY (id);


--
-- Name: StakeHolders_student StakeHolders_student_enrollment_key; Type: CONSTRAINT; Schema: public; Owner: manav1011
--

ALTER TABLE ONLY public."StakeHolders_student"
    ADD CONSTRAINT "StakeHolders_student_enrollment_key" UNIQUE (enrollment);


--
-- Name: StakeHolders_student StakeHolders_student_pkey; Type: CONSTRAINT; Schema: public; Owner: manav1011
--

ALTER TABLE ONLY public."StakeHolders_student"
    ADD CONSTRAINT "StakeHolders_student_pkey" PRIMARY KEY (id);


--
-- Name: StakeHolders_student StakeHolders_student_slug_key; Type: CONSTRAINT; Schema: public; Owner: manav1011
--

ALTER TABLE ONLY public."StakeHolders_student"
    ADD CONSTRAINT "StakeHolders_student_slug_key" UNIQUE (slug);


--
-- Name: StakeHolders_teacher StakeHolders_teacher_pkey; Type: CONSTRAINT; Schema: public; Owner: manav1011
--

ALTER TABLE ONLY public."StakeHolders_teacher"
    ADD CONSTRAINT "StakeHolders_teacher_pkey" PRIMARY KEY (id);


--
-- Name: StakeHolders_teacher StakeHolders_teacher_slug_key; Type: CONSTRAINT; Schema: public; Owner: manav1011
--

ALTER TABLE ONLY public."StakeHolders_teacher"
    ADD CONSTRAINT "StakeHolders_teacher_slug_key" UNIQUE (slug);


--
-- Name: StakeHolders_teacher_web_push_subscription StakeHolders_teacher_web_push_subscription_pkey; Type: CONSTRAINT; Schema: public; Owner: manav1011
--

ALTER TABLE ONLY public."StakeHolders_teacher_web_push_subscription"
    ADD CONSTRAINT "StakeHolders_teacher_web_push_subscription_pkey" PRIMARY KEY (id);


--
-- Name: StakeHolders_teacher_web_push_subscription StakeHolders_teacher_web_teacher_id_notifications_9f39253a_uniq; Type: CONSTRAINT; Schema: public; Owner: manav1011
--

ALTER TABLE ONLY public."StakeHolders_teacher_web_push_subscription"
    ADD CONSTRAINT "StakeHolders_teacher_web_teacher_id_notifications_9f39253a_uniq" UNIQUE (teacher_id, notificationsubscriptions_id);


--
-- Name: auth_group auth_group_name_key; Type: CONSTRAINT; Schema: public; Owner: manav1011
--

ALTER TABLE ONLY public.auth_group
    ADD CONSTRAINT auth_group_name_key UNIQUE (name);


--
-- Name: auth_group_permissions auth_group_permissions_group_id_permission_id_0cd325b0_uniq; Type: CONSTRAINT; Schema: public; Owner: manav1011
--

ALTER TABLE ONLY public.auth_group_permissions
    ADD CONSTRAINT auth_group_permissions_group_id_permission_id_0cd325b0_uniq UNIQUE (group_id, permission_id);


--
-- Name: auth_group_permissions auth_group_permissions_pkey; Type: CONSTRAINT; Schema: public; Owner: manav1011
--

ALTER TABLE ONLY public.auth_group_permissions
    ADD CONSTRAINT auth_group_permissions_pkey PRIMARY KEY (id);


--
-- Name: auth_group auth_group_pkey; Type: CONSTRAINT; Schema: public; Owner: manav1011
--

ALTER TABLE ONLY public.auth_group
    ADD CONSTRAINT auth_group_pkey PRIMARY KEY (id);


--
-- Name: auth_permission auth_permission_content_type_id_codename_01ab375a_uniq; Type: CONSTRAINT; Schema: public; Owner: manav1011
--

ALTER TABLE ONLY public.auth_permission
    ADD CONSTRAINT auth_permission_content_type_id_codename_01ab375a_uniq UNIQUE (content_type_id, codename);


--
-- Name: auth_permission auth_permission_pkey; Type: CONSTRAINT; Schema: public; Owner: manav1011
--

ALTER TABLE ONLY public.auth_permission
    ADD CONSTRAINT auth_permission_pkey PRIMARY KEY (id);


--
-- Name: django_admin_log django_admin_log_pkey; Type: CONSTRAINT; Schema: public; Owner: manav1011
--

ALTER TABLE ONLY public.django_admin_log
    ADD CONSTRAINT django_admin_log_pkey PRIMARY KEY (id);


--
-- Name: django_content_type django_content_type_app_label_model_76bd3d3b_uniq; Type: CONSTRAINT; Schema: public; Owner: manav1011
--

ALTER TABLE ONLY public.django_content_type
    ADD CONSTRAINT django_content_type_app_label_model_76bd3d3b_uniq UNIQUE (app_label, model);


--
-- Name: django_content_type django_content_type_pkey; Type: CONSTRAINT; Schema: public; Owner: manav1011
--

ALTER TABLE ONLY public.django_content_type
    ADD CONSTRAINT django_content_type_pkey PRIMARY KEY (id);


--
-- Name: django_migrations django_migrations_pkey; Type: CONSTRAINT; Schema: public; Owner: manav1011
--

ALTER TABLE ONLY public.django_migrations
    ADD CONSTRAINT django_migrations_pkey PRIMARY KEY (id);


--
-- Name: django_session django_session_pkey; Type: CONSTRAINT; Schema: public; Owner: manav1011
--

ALTER TABLE ONLY public.django_session
    ADD CONSTRAINT django_session_pkey PRIMARY KEY (session_key);


--
-- Name: token_blacklist_blacklistedtoken token_blacklist_blacklistedtoken_pkey; Type: CONSTRAINT; Schema: public; Owner: manav1011
--

ALTER TABLE ONLY public.token_blacklist_blacklistedtoken
    ADD CONSTRAINT token_blacklist_blacklistedtoken_pkey PRIMARY KEY (id);


--
-- Name: token_blacklist_blacklistedtoken token_blacklist_blacklistedtoken_token_id_key; Type: CONSTRAINT; Schema: public; Owner: manav1011
--

ALTER TABLE ONLY public.token_blacklist_blacklistedtoken
    ADD CONSTRAINT token_blacklist_blacklistedtoken_token_id_key UNIQUE (token_id);


--
-- Name: token_blacklist_outstandingtoken token_blacklist_outstandingtoken_jti_hex_d9bdf6f7_uniq; Type: CONSTRAINT; Schema: public; Owner: manav1011
--

ALTER TABLE ONLY public.token_blacklist_outstandingtoken
    ADD CONSTRAINT token_blacklist_outstandingtoken_jti_hex_d9bdf6f7_uniq UNIQUE (jti);


--
-- Name: token_blacklist_outstandingtoken token_blacklist_outstandingtoken_pkey; Type: CONSTRAINT; Schema: public; Owner: manav1011
--

ALTER TABLE ONLY public.token_blacklist_outstandingtoken
    ADD CONSTRAINT token_blacklist_outstandingtoken_pkey PRIMARY KEY (id);


--
-- Name: Manage_batch_division_id_f0d3a02c; Type: INDEX; Schema: public; Owner: manav1011
--

CREATE INDEX "Manage_batch_division_id_f0d3a02c" ON public."Manage_batch" USING btree (division_id);


--
-- Name: Manage_batch_slug_09bbbf20_like; Type: INDEX; Schema: public; Owner: manav1011
--

CREATE INDEX "Manage_batch_slug_09bbbf20_like" ON public."Manage_batch" USING btree (slug varchar_pattern_ops);


--
-- Name: Manage_batch_students_batch_id_1a30d69a; Type: INDEX; Schema: public; Owner: manav1011
--

CREATE INDEX "Manage_batch_students_batch_id_1a30d69a" ON public."Manage_batch_students" USING btree (batch_id);


--
-- Name: Manage_batch_students_student_id_ae18e63d; Type: INDEX; Schema: public; Owner: manav1011
--

CREATE INDEX "Manage_batch_students_student_id_ae18e63d" ON public."Manage_batch_students" USING btree (student_id);


--
-- Name: Manage_branch_admins_admin_id_97f0d0a5; Type: INDEX; Schema: public; Owner: manav1011
--

CREATE INDEX "Manage_branch_admins_admin_id_97f0d0a5" ON public."Manage_branch_admins" USING btree (admin_id);


--
-- Name: Manage_branch_admins_branch_id_d6ffb812; Type: INDEX; Schema: public; Owner: manav1011
--

CREATE INDEX "Manage_branch_admins_branch_id_d6ffb812" ON public."Manage_branch_admins" USING btree (branch_id);


--
-- Name: Manage_branch_college_id_f00d4366; Type: INDEX; Schema: public; Owner: manav1011
--

CREATE INDEX "Manage_branch_college_id_f00d4366" ON public."Manage_branch" USING btree (college_id);


--
-- Name: Manage_branch_slug_17ed3b06_like; Type: INDEX; Schema: public; Owner: manav1011
--

CREATE INDEX "Manage_branch_slug_17ed3b06_like" ON public."Manage_branch" USING btree (slug varchar_pattern_ops);


--
-- Name: Manage_branch_students_branch_id_2f94b808; Type: INDEX; Schema: public; Owner: manav1011
--

CREATE INDEX "Manage_branch_students_branch_id_2f94b808" ON public."Manage_branch_students" USING btree (branch_id);


--
-- Name: Manage_branch_students_student_id_a1291a7b; Type: INDEX; Schema: public; Owner: manav1011
--

CREATE INDEX "Manage_branch_students_student_id_a1291a7b" ON public."Manage_branch_students" USING btree (student_id);


--
-- Name: Manage_branch_teachers_branch_id_fb7c4711; Type: INDEX; Schema: public; Owner: manav1011
--

CREATE INDEX "Manage_branch_teachers_branch_id_fb7c4711" ON public."Manage_branch_teachers" USING btree (branch_id);


--
-- Name: Manage_branch_teachers_teacher_id_007cf0e8; Type: INDEX; Schema: public; Owner: manav1011
--

CREATE INDEX "Manage_branch_teachers_teacher_id_007cf0e8" ON public."Manage_branch_teachers" USING btree (teacher_id);


--
-- Name: Manage_classroom_branch_id_2e1344b8; Type: INDEX; Schema: public; Owner: manav1011
--

CREATE INDEX "Manage_classroom_branch_id_2e1344b8" ON public."Manage_classroom" USING btree (branch_id);


--
-- Name: Manage_classroom_gps_coordinates_id_04c5bb01; Type: INDEX; Schema: public; Owner: manav1011
--

CREATE INDEX "Manage_classroom_gps_coordinates_id_04c5bb01" ON public."Manage_classroom" USING btree (gps_coordinates_id);


--
-- Name: Manage_classroom_slug_31cb2662_like; Type: INDEX; Schema: public; Owner: manav1011
--

CREATE INDEX "Manage_classroom_slug_31cb2662_like" ON public."Manage_classroom" USING btree (slug varchar_pattern_ops);


--
-- Name: Manage_college_slug_ff59d584_like; Type: INDEX; Schema: public; Owner: manav1011
--

CREATE INDEX "Manage_college_slug_ff59d584_like" ON public."Manage_college" USING btree (slug varchar_pattern_ops);


--
-- Name: Manage_division_semester_id_566a8ff3; Type: INDEX; Schema: public; Owner: manav1011
--

CREATE INDEX "Manage_division_semester_id_566a8ff3" ON public."Manage_division" USING btree (semester_id);


--
-- Name: Manage_division_slug_f9edc390_like; Type: INDEX; Schema: public; Owner: manav1011
--

CREATE INDEX "Manage_division_slug_f9edc390_like" ON public."Manage_division" USING btree (slug varchar_pattern_ops);


--
-- Name: Manage_lecture_batches_batch_id_4fbaeeab; Type: INDEX; Schema: public; Owner: manav1011
--

CREATE INDEX "Manage_lecture_batches_batch_id_4fbaeeab" ON public."Manage_lecture_batches" USING btree (batch_id);


--
-- Name: Manage_lecture_batches_lecture_id_35903993; Type: INDEX; Schema: public; Owner: manav1011
--

CREATE INDEX "Manage_lecture_batches_lecture_id_35903993" ON public."Manage_lecture_batches" USING btree (lecture_id);


--
-- Name: Manage_lecture_classroom_id_83369294; Type: INDEX; Schema: public; Owner: manav1011
--

CREATE INDEX "Manage_lecture_classroom_id_83369294" ON public."Manage_lecture" USING btree (classroom_id);


--
-- Name: Manage_lecture_schedule_id_37b247fc; Type: INDEX; Schema: public; Owner: manav1011
--

CREATE INDEX "Manage_lecture_schedule_id_37b247fc" ON public."Manage_lecture" USING btree (schedule_id);


--
-- Name: Manage_lecture_slug_386cb93f_like; Type: INDEX; Schema: public; Owner: manav1011
--

CREATE INDEX "Manage_lecture_slug_386cb93f_like" ON public."Manage_lecture" USING btree (slug varchar_pattern_ops);


--
-- Name: Manage_lecture_subject_id_8b4ab613; Type: INDEX; Schema: public; Owner: manav1011
--

CREATE INDEX "Manage_lecture_subject_id_8b4ab613" ON public."Manage_lecture" USING btree (subject_id);


--
-- Name: Manage_lecture_teacher_id_beb38e0b; Type: INDEX; Schema: public; Owner: manav1011
--

CREATE INDEX "Manage_lecture_teacher_id_beb38e0b" ON public."Manage_lecture" USING btree (teacher_id);


--
-- Name: Manage_link_from_lecture_id_be06915a; Type: INDEX; Schema: public; Owner: manav1011
--

CREATE INDEX "Manage_link_from_lecture_id_be06915a" ON public."Manage_link" USING btree (from_lecture_id);


--
-- Name: Manage_link_slug_e0ffb307_like; Type: INDEX; Schema: public; Owner: manav1011
--

CREATE INDEX "Manage_link_slug_e0ffb307_like" ON public."Manage_link" USING btree (slug varchar_pattern_ops);


--
-- Name: Manage_link_to_lecture_id_d71fe34b; Type: INDEX; Schema: public; Owner: manav1011
--

CREATE INDEX "Manage_link_to_lecture_id_d71fe34b" ON public."Manage_link" USING btree (to_lecture_id);


--
-- Name: Manage_schedule_slug_59272dc7_like; Type: INDEX; Schema: public; Owner: manav1011
--

CREATE INDEX "Manage_schedule_slug_59272dc7_like" ON public."Manage_schedule" USING btree (slug varchar_pattern_ops);


--
-- Name: Manage_schedule_timetable_id_5de55255; Type: INDEX; Schema: public; Owner: manav1011
--

CREATE INDEX "Manage_schedule_timetable_id_5de55255" ON public."Manage_schedule" USING btree (timetable_id);


--
-- Name: Manage_semester_slug_4c22167d_like; Type: INDEX; Schema: public; Owner: manav1011
--

CREATE INDEX "Manage_semester_slug_4c22167d_like" ON public."Manage_semester" USING btree (slug varchar_pattern_ops);


--
-- Name: Manage_semester_term_id_76cc2612; Type: INDEX; Schema: public; Owner: manav1011
--

CREATE INDEX "Manage_semester_term_id_76cc2612" ON public."Manage_semester" USING btree (term_id);


--
-- Name: Manage_subject_semester_id_991d3822; Type: INDEX; Schema: public; Owner: manav1011
--

CREATE INDEX "Manage_subject_semester_id_991d3822" ON public."Manage_subject" USING btree (semester_id);


--
-- Name: Manage_subject_slug_7db9d758_like; Type: INDEX; Schema: public; Owner: manav1011
--

CREATE INDEX "Manage_subject_slug_7db9d758_like" ON public."Manage_subject" USING btree (slug varchar_pattern_ops);


--
-- Name: Manage_term_branch_id_4314a8ae; Type: INDEX; Schema: public; Owner: manav1011
--

CREATE INDEX "Manage_term_branch_id_4314a8ae" ON public."Manage_term" USING btree (branch_id);


--
-- Name: Manage_term_slug_d2620f90_like; Type: INDEX; Schema: public; Owner: manav1011
--

CREATE INDEX "Manage_term_slug_d2620f90_like" ON public."Manage_term" USING btree (slug varchar_pattern_ops);


--
-- Name: Manage_timetable_division_id_fc640261; Type: INDEX; Schema: public; Owner: manav1011
--

CREATE INDEX "Manage_timetable_division_id_fc640261" ON public."Manage_timetable" USING btree (division_id);


--
-- Name: Manage_timetable_slug_3a902720_like; Type: INDEX; Schema: public; Owner: manav1011
--

CREATE INDEX "Manage_timetable_slug_3a902720_like" ON public."Manage_timetable" USING btree (slug varchar_pattern_ops);


--
-- Name: Profile_profile_email_f849665b_like; Type: INDEX; Schema: public; Owner: manav1011
--

CREATE INDEX "Profile_profile_email_f849665b_like" ON public."Profile_profile" USING btree (email varchar_pattern_ops);


--
-- Name: Profile_profile_groups_group_id_ab809d31; Type: INDEX; Schema: public; Owner: manav1011
--

CREATE INDEX "Profile_profile_groups_group_id_ab809d31" ON public."Profile_profile_groups" USING btree (group_id);


--
-- Name: Profile_profile_groups_profile_id_c4bbe6dc; Type: INDEX; Schema: public; Owner: manav1011
--

CREATE INDEX "Profile_profile_groups_profile_id_c4bbe6dc" ON public."Profile_profile_groups" USING btree (profile_id);


--
-- Name: Profile_profile_user_permissions_permission_id_1e26a939; Type: INDEX; Schema: public; Owner: manav1011
--

CREATE INDEX "Profile_profile_user_permissions_permission_id_1e26a939" ON public."Profile_profile_user_permissions" USING btree (permission_id);


--
-- Name: Profile_profile_user_permissions_profile_id_d7c83008; Type: INDEX; Schema: public; Owner: manav1011
--

CREATE INDEX "Profile_profile_user_permissions_profile_id_d7c83008" ON public."Profile_profile_user_permissions" USING btree (profile_id);


--
-- Name: Session_attendance_coordinates_id_1a2075b1; Type: INDEX; Schema: public; Owner: manav1011
--

CREATE INDEX "Session_attendance_coordinates_id_1a2075b1" ON public."Session_attendance" USING btree (coordinates_id);


--
-- Name: Session_attendance_slug_c72a2fcf_like; Type: INDEX; Schema: public; Owner: manav1011
--

CREATE INDEX "Session_attendance_slug_c72a2fcf_like" ON public."Session_attendance" USING btree (slug varchar_pattern_ops);


--
-- Name: Session_attendance_student_id_7f7d633d; Type: INDEX; Schema: public; Owner: manav1011
--

CREATE INDEX "Session_attendance_student_id_7f7d633d" ON public."Session_attendance" USING btree (student_id);


--
-- Name: Session_session_attendances_attendance_id_0a249a4e; Type: INDEX; Schema: public; Owner: manav1011
--

CREATE INDEX "Session_session_attendances_attendance_id_0a249a4e" ON public."Session_session_attendances" USING btree (attendance_id);


--
-- Name: Session_session_attendances_session_id_57d5e734; Type: INDEX; Schema: public; Owner: manav1011
--

CREATE INDEX "Session_session_attendances_session_id_57d5e734" ON public."Session_session_attendances" USING btree (session_id);


--
-- Name: Session_session_lecture_id_72137d89; Type: INDEX; Schema: public; Owner: manav1011
--

CREATE INDEX "Session_session_lecture_id_72137d89" ON public."Session_session" USING btree (lecture_id);


--
-- Name: Session_session_session_id_42e0ce3e_like; Type: INDEX; Schema: public; Owner: manav1011
--

CREATE INDEX "Session_session_session_id_42e0ce3e_like" ON public."Session_session" USING btree (session_id text_pattern_ops);


--
-- Name: StakeHolders_admin_profile_id_3beb2d28; Type: INDEX; Schema: public; Owner: manav1011
--

CREATE INDEX "StakeHolders_admin_profile_id_3beb2d28" ON public."StakeHolders_admin" USING btree (profile_id);


--
-- Name: StakeHolders_admin_slug_06c416b1_like; Type: INDEX; Schema: public; Owner: manav1011
--

CREATE INDEX "StakeHolders_admin_slug_06c416b1_like" ON public."StakeHolders_admin" USING btree (slug varchar_pattern_ops);


--
-- Name: StakeHolders_student_enrollment_8134885e_like; Type: INDEX; Schema: public; Owner: manav1011
--

CREATE INDEX "StakeHolders_student_enrollment_8134885e_like" ON public."StakeHolders_student" USING btree (enrollment varchar_pattern_ops);


--
-- Name: StakeHolders_student_profile_id_f29f63f8; Type: INDEX; Schema: public; Owner: manav1011
--

CREATE INDEX "StakeHolders_student_profile_id_f29f63f8" ON public."StakeHolders_student" USING btree (profile_id);


--
-- Name: StakeHolders_student_slug_567e50de_like; Type: INDEX; Schema: public; Owner: manav1011
--

CREATE INDEX "StakeHolders_student_slug_567e50de_like" ON public."StakeHolders_student" USING btree (slug varchar_pattern_ops);


--
-- Name: StakeHolders_teacher_profile_id_59ce405d; Type: INDEX; Schema: public; Owner: manav1011
--

CREATE INDEX "StakeHolders_teacher_profile_id_59ce405d" ON public."StakeHolders_teacher" USING btree (profile_id);


--
-- Name: StakeHolders_teacher_slug_98231a16_like; Type: INDEX; Schema: public; Owner: manav1011
--

CREATE INDEX "StakeHolders_teacher_slug_98231a16_like" ON public."StakeHolders_teacher" USING btree (slug varchar_pattern_ops);


--
-- Name: StakeHolders_teacher_web_p_notificationsubscriptions__3bf17886; Type: INDEX; Schema: public; Owner: manav1011
--

CREATE INDEX "StakeHolders_teacher_web_p_notificationsubscriptions__3bf17886" ON public."StakeHolders_teacher_web_push_subscription" USING btree (notificationsubscriptions_id);


--
-- Name: StakeHolders_teacher_web_push_subscription_teacher_id_8764929f; Type: INDEX; Schema: public; Owner: manav1011
--

CREATE INDEX "StakeHolders_teacher_web_push_subscription_teacher_id_8764929f" ON public."StakeHolders_teacher_web_push_subscription" USING btree (teacher_id);


--
-- Name: auth_group_name_a6ea08ec_like; Type: INDEX; Schema: public; Owner: manav1011
--

CREATE INDEX auth_group_name_a6ea08ec_like ON public.auth_group USING btree (name varchar_pattern_ops);


--
-- Name: auth_group_permissions_group_id_b120cbf9; Type: INDEX; Schema: public; Owner: manav1011
--

CREATE INDEX auth_group_permissions_group_id_b120cbf9 ON public.auth_group_permissions USING btree (group_id);


--
-- Name: auth_group_permissions_permission_id_84c5c92e; Type: INDEX; Schema: public; Owner: manav1011
--

CREATE INDEX auth_group_permissions_permission_id_84c5c92e ON public.auth_group_permissions USING btree (permission_id);


--
-- Name: auth_permission_content_type_id_2f476e4b; Type: INDEX; Schema: public; Owner: manav1011
--

CREATE INDEX auth_permission_content_type_id_2f476e4b ON public.auth_permission USING btree (content_type_id);


--
-- Name: django_admin_log_content_type_id_c4bce8eb; Type: INDEX; Schema: public; Owner: manav1011
--

CREATE INDEX django_admin_log_content_type_id_c4bce8eb ON public.django_admin_log USING btree (content_type_id);


--
-- Name: django_admin_log_user_id_c564eba6; Type: INDEX; Schema: public; Owner: manav1011
--

CREATE INDEX django_admin_log_user_id_c564eba6 ON public.django_admin_log USING btree (user_id);


--
-- Name: django_session_expire_date_a5c62663; Type: INDEX; Schema: public; Owner: manav1011
--

CREATE INDEX django_session_expire_date_a5c62663 ON public.django_session USING btree (expire_date);


--
-- Name: django_session_session_key_c0390e0f_like; Type: INDEX; Schema: public; Owner: manav1011
--

CREATE INDEX django_session_session_key_c0390e0f_like ON public.django_session USING btree (session_key varchar_pattern_ops);


--
-- Name: token_blacklist_outstandingtoken_jti_hex_d9bdf6f7_like; Type: INDEX; Schema: public; Owner: manav1011
--

CREATE INDEX token_blacklist_outstandingtoken_jti_hex_d9bdf6f7_like ON public.token_blacklist_outstandingtoken USING btree (jti varchar_pattern_ops);


--
-- Name: token_blacklist_outstandingtoken_user_id_83bc629a; Type: INDEX; Schema: public; Owner: manav1011
--

CREATE INDEX token_blacklist_outstandingtoken_user_id_83bc629a ON public.token_blacklist_outstandingtoken USING btree (user_id);


--
-- Name: Manage_batch Manage_batch_division_id_f0d3a02c_fk_Manage_division_id; Type: FK CONSTRAINT; Schema: public; Owner: manav1011
--

ALTER TABLE ONLY public."Manage_batch"
    ADD CONSTRAINT "Manage_batch_division_id_f0d3a02c_fk_Manage_division_id" FOREIGN KEY (division_id) REFERENCES public."Manage_division"(id) DEFERRABLE INITIALLY DEFERRED;


--
-- Name: Manage_batch_students Manage_batch_student_student_id_ae18e63d_fk_StakeHold; Type: FK CONSTRAINT; Schema: public; Owner: manav1011
--

ALTER TABLE ONLY public."Manage_batch_students"
    ADD CONSTRAINT "Manage_batch_student_student_id_ae18e63d_fk_StakeHold" FOREIGN KEY (student_id) REFERENCES public."StakeHolders_student"(id) DEFERRABLE INITIALLY DEFERRED;


--
-- Name: Manage_batch_students Manage_batch_students_batch_id_1a30d69a_fk_Manage_batch_id; Type: FK CONSTRAINT; Schema: public; Owner: manav1011
--

ALTER TABLE ONLY public."Manage_batch_students"
    ADD CONSTRAINT "Manage_batch_students_batch_id_1a30d69a_fk_Manage_batch_id" FOREIGN KEY (batch_id) REFERENCES public."Manage_batch"(id) DEFERRABLE INITIALLY DEFERRED;


--
-- Name: Manage_branch_admins Manage_branch_admins_admin_id_97f0d0a5_fk_StakeHolders_admin_id; Type: FK CONSTRAINT; Schema: public; Owner: manav1011
--

ALTER TABLE ONLY public."Manage_branch_admins"
    ADD CONSTRAINT "Manage_branch_admins_admin_id_97f0d0a5_fk_StakeHolders_admin_id" FOREIGN KEY (admin_id) REFERENCES public."StakeHolders_admin"(id) DEFERRABLE INITIALLY DEFERRED;


--
-- Name: Manage_branch_admins Manage_branch_admins_branch_id_d6ffb812_fk_Manage_branch_id; Type: FK CONSTRAINT; Schema: public; Owner: manav1011
--

ALTER TABLE ONLY public."Manage_branch_admins"
    ADD CONSTRAINT "Manage_branch_admins_branch_id_d6ffb812_fk_Manage_branch_id" FOREIGN KEY (branch_id) REFERENCES public."Manage_branch"(id) DEFERRABLE INITIALLY DEFERRED;


--
-- Name: Manage_branch Manage_branch_college_id_f00d4366_fk_Manage_college_id; Type: FK CONSTRAINT; Schema: public; Owner: manav1011
--

ALTER TABLE ONLY public."Manage_branch"
    ADD CONSTRAINT "Manage_branch_college_id_f00d4366_fk_Manage_college_id" FOREIGN KEY (college_id) REFERENCES public."Manage_college"(id) DEFERRABLE INITIALLY DEFERRED;


--
-- Name: Manage_branch_students Manage_branch_studen_student_id_a1291a7b_fk_StakeHold; Type: FK CONSTRAINT; Schema: public; Owner: manav1011
--

ALTER TABLE ONLY public."Manage_branch_students"
    ADD CONSTRAINT "Manage_branch_studen_student_id_a1291a7b_fk_StakeHold" FOREIGN KEY (student_id) REFERENCES public."StakeHolders_student"(id) DEFERRABLE INITIALLY DEFERRED;


--
-- Name: Manage_branch_students Manage_branch_students_branch_id_2f94b808_fk_Manage_branch_id; Type: FK CONSTRAINT; Schema: public; Owner: manav1011
--

ALTER TABLE ONLY public."Manage_branch_students"
    ADD CONSTRAINT "Manage_branch_students_branch_id_2f94b808_fk_Manage_branch_id" FOREIGN KEY (branch_id) REFERENCES public."Manage_branch"(id) DEFERRABLE INITIALLY DEFERRED;


--
-- Name: Manage_branch_teachers Manage_branch_teache_teacher_id_007cf0e8_fk_StakeHold; Type: FK CONSTRAINT; Schema: public; Owner: manav1011
--

ALTER TABLE ONLY public."Manage_branch_teachers"
    ADD CONSTRAINT "Manage_branch_teache_teacher_id_007cf0e8_fk_StakeHold" FOREIGN KEY (teacher_id) REFERENCES public."StakeHolders_teacher"(id) DEFERRABLE INITIALLY DEFERRED;


--
-- Name: Manage_branch_teachers Manage_branch_teachers_branch_id_fb7c4711_fk_Manage_branch_id; Type: FK CONSTRAINT; Schema: public; Owner: manav1011
--

ALTER TABLE ONLY public."Manage_branch_teachers"
    ADD CONSTRAINT "Manage_branch_teachers_branch_id_fb7c4711_fk_Manage_branch_id" FOREIGN KEY (branch_id) REFERENCES public."Manage_branch"(id) DEFERRABLE INITIALLY DEFERRED;


--
-- Name: Manage_classroom Manage_classroom_branch_id_2e1344b8_fk_Manage_branch_id; Type: FK CONSTRAINT; Schema: public; Owner: manav1011
--

ALTER TABLE ONLY public."Manage_classroom"
    ADD CONSTRAINT "Manage_classroom_branch_id_2e1344b8_fk_Manage_branch_id" FOREIGN KEY (branch_id) REFERENCES public."Manage_branch"(id) DEFERRABLE INITIALLY DEFERRED;


--
-- Name: Manage_classroom Manage_classroom_gps_coordinates_id_04c5bb01_fk_Manage_gp; Type: FK CONSTRAINT; Schema: public; Owner: manav1011
--

ALTER TABLE ONLY public."Manage_classroom"
    ADD CONSTRAINT "Manage_classroom_gps_coordinates_id_04c5bb01_fk_Manage_gp" FOREIGN KEY (gps_coordinates_id) REFERENCES public."Manage_gpscoordinates"(id) DEFERRABLE INITIALLY DEFERRED;


--
-- Name: Manage_division Manage_division_semester_id_566a8ff3_fk_Manage_semester_id; Type: FK CONSTRAINT; Schema: public; Owner: manav1011
--

ALTER TABLE ONLY public."Manage_division"
    ADD CONSTRAINT "Manage_division_semester_id_566a8ff3_fk_Manage_semester_id" FOREIGN KEY (semester_id) REFERENCES public."Manage_semester"(id) DEFERRABLE INITIALLY DEFERRED;


--
-- Name: Manage_lecture_batches Manage_lecture_batches_batch_id_4fbaeeab_fk_Manage_batch_id; Type: FK CONSTRAINT; Schema: public; Owner: manav1011
--

ALTER TABLE ONLY public."Manage_lecture_batches"
    ADD CONSTRAINT "Manage_lecture_batches_batch_id_4fbaeeab_fk_Manage_batch_id" FOREIGN KEY (batch_id) REFERENCES public."Manage_batch"(id) DEFERRABLE INITIALLY DEFERRED;


--
-- Name: Manage_lecture_batches Manage_lecture_batches_lecture_id_35903993_fk_Manage_lecture_id; Type: FK CONSTRAINT; Schema: public; Owner: manav1011
--

ALTER TABLE ONLY public."Manage_lecture_batches"
    ADD CONSTRAINT "Manage_lecture_batches_lecture_id_35903993_fk_Manage_lecture_id" FOREIGN KEY (lecture_id) REFERENCES public."Manage_lecture"(id) DEFERRABLE INITIALLY DEFERRED;


--
-- Name: Manage_lecture Manage_lecture_classroom_id_83369294_fk_Manage_classroom_id; Type: FK CONSTRAINT; Schema: public; Owner: manav1011
--

ALTER TABLE ONLY public."Manage_lecture"
    ADD CONSTRAINT "Manage_lecture_classroom_id_83369294_fk_Manage_classroom_id" FOREIGN KEY (classroom_id) REFERENCES public."Manage_classroom"(id) DEFERRABLE INITIALLY DEFERRED;


--
-- Name: Manage_lecture Manage_lecture_schedule_id_37b247fc_fk_Manage_schedule_id; Type: FK CONSTRAINT; Schema: public; Owner: manav1011
--

ALTER TABLE ONLY public."Manage_lecture"
    ADD CONSTRAINT "Manage_lecture_schedule_id_37b247fc_fk_Manage_schedule_id" FOREIGN KEY (schedule_id) REFERENCES public."Manage_schedule"(id) DEFERRABLE INITIALLY DEFERRED;


--
-- Name: Manage_lecture Manage_lecture_subject_id_8b4ab613_fk_Manage_subject_id; Type: FK CONSTRAINT; Schema: public; Owner: manav1011
--

ALTER TABLE ONLY public."Manage_lecture"
    ADD CONSTRAINT "Manage_lecture_subject_id_8b4ab613_fk_Manage_subject_id" FOREIGN KEY (subject_id) REFERENCES public."Manage_subject"(id) DEFERRABLE INITIALLY DEFERRED;


--
-- Name: Manage_lecture Manage_lecture_teacher_id_beb38e0b_fk_StakeHolders_teacher_id; Type: FK CONSTRAINT; Schema: public; Owner: manav1011
--

ALTER TABLE ONLY public."Manage_lecture"
    ADD CONSTRAINT "Manage_lecture_teacher_id_beb38e0b_fk_StakeHolders_teacher_id" FOREIGN KEY (teacher_id) REFERENCES public."StakeHolders_teacher"(id) DEFERRABLE INITIALLY DEFERRED;


--
-- Name: Manage_link Manage_link_from_lecture_id_be06915a_fk_Manage_lecture_id; Type: FK CONSTRAINT; Schema: public; Owner: manav1011
--

ALTER TABLE ONLY public."Manage_link"
    ADD CONSTRAINT "Manage_link_from_lecture_id_be06915a_fk_Manage_lecture_id" FOREIGN KEY (from_lecture_id) REFERENCES public."Manage_lecture"(id) DEFERRABLE INITIALLY DEFERRED;


--
-- Name: Manage_link Manage_link_to_lecture_id_d71fe34b_fk_Manage_lecture_id; Type: FK CONSTRAINT; Schema: public; Owner: manav1011
--

ALTER TABLE ONLY public."Manage_link"
    ADD CONSTRAINT "Manage_link_to_lecture_id_d71fe34b_fk_Manage_lecture_id" FOREIGN KEY (to_lecture_id) REFERENCES public."Manage_lecture"(id) DEFERRABLE INITIALLY DEFERRED;


--
-- Name: Manage_schedule Manage_schedule_timetable_id_5de55255_fk_Manage_timetable_id; Type: FK CONSTRAINT; Schema: public; Owner: manav1011
--

ALTER TABLE ONLY public."Manage_schedule"
    ADD CONSTRAINT "Manage_schedule_timetable_id_5de55255_fk_Manage_timetable_id" FOREIGN KEY (timetable_id) REFERENCES public."Manage_timetable"(id) DEFERRABLE INITIALLY DEFERRED;


--
-- Name: Manage_semester Manage_semester_term_id_76cc2612_fk_Manage_term_id; Type: FK CONSTRAINT; Schema: public; Owner: manav1011
--

ALTER TABLE ONLY public."Manage_semester"
    ADD CONSTRAINT "Manage_semester_term_id_76cc2612_fk_Manage_term_id" FOREIGN KEY (term_id) REFERENCES public."Manage_term"(id) DEFERRABLE INITIALLY DEFERRED;


--
-- Name: Manage_subject Manage_subject_semester_id_991d3822_fk_Manage_semester_id; Type: FK CONSTRAINT; Schema: public; Owner: manav1011
--

ALTER TABLE ONLY public."Manage_subject"
    ADD CONSTRAINT "Manage_subject_semester_id_991d3822_fk_Manage_semester_id" FOREIGN KEY (semester_id) REFERENCES public."Manage_semester"(id) DEFERRABLE INITIALLY DEFERRED;


--
-- Name: Manage_term Manage_term_branch_id_4314a8ae_fk_Manage_branch_id; Type: FK CONSTRAINT; Schema: public; Owner: manav1011
--

ALTER TABLE ONLY public."Manage_term"
    ADD CONSTRAINT "Manage_term_branch_id_4314a8ae_fk_Manage_branch_id" FOREIGN KEY (branch_id) REFERENCES public."Manage_branch"(id) DEFERRABLE INITIALLY DEFERRED;


--
-- Name: Manage_timetable Manage_timetable_division_id_fc640261_fk_Manage_division_id; Type: FK CONSTRAINT; Schema: public; Owner: manav1011
--

ALTER TABLE ONLY public."Manage_timetable"
    ADD CONSTRAINT "Manage_timetable_division_id_fc640261_fk_Manage_division_id" FOREIGN KEY (division_id) REFERENCES public."Manage_division"(id) DEFERRABLE INITIALLY DEFERRED;


--
-- Name: Profile_profile_groups Profile_profile_grou_profile_id_c4bbe6dc_fk_Profile_p; Type: FK CONSTRAINT; Schema: public; Owner: manav1011
--

ALTER TABLE ONLY public."Profile_profile_groups"
    ADD CONSTRAINT "Profile_profile_grou_profile_id_c4bbe6dc_fk_Profile_p" FOREIGN KEY (profile_id) REFERENCES public."Profile_profile"(id) DEFERRABLE INITIALLY DEFERRED;


--
-- Name: Profile_profile_groups Profile_profile_groups_group_id_ab809d31_fk_auth_group_id; Type: FK CONSTRAINT; Schema: public; Owner: manav1011
--

ALTER TABLE ONLY public."Profile_profile_groups"
    ADD CONSTRAINT "Profile_profile_groups_group_id_ab809d31_fk_auth_group_id" FOREIGN KEY (group_id) REFERENCES public.auth_group(id) DEFERRABLE INITIALLY DEFERRED;


--
-- Name: Profile_profile_user_permissions Profile_profile_user_permission_id_1e26a939_fk_auth_perm; Type: FK CONSTRAINT; Schema: public; Owner: manav1011
--

ALTER TABLE ONLY public."Profile_profile_user_permissions"
    ADD CONSTRAINT "Profile_profile_user_permission_id_1e26a939_fk_auth_perm" FOREIGN KEY (permission_id) REFERENCES public.auth_permission(id) DEFERRABLE INITIALLY DEFERRED;


--
-- Name: Profile_profile_user_permissions Profile_profile_user_profile_id_d7c83008_fk_Profile_p; Type: FK CONSTRAINT; Schema: public; Owner: manav1011
--

ALTER TABLE ONLY public."Profile_profile_user_permissions"
    ADD CONSTRAINT "Profile_profile_user_profile_id_d7c83008_fk_Profile_p" FOREIGN KEY (profile_id) REFERENCES public."Profile_profile"(id) DEFERRABLE INITIALLY DEFERRED;


--
-- Name: Session_attendance Session_attendance_coordinates_id_1a2075b1_fk_Manage_gp; Type: FK CONSTRAINT; Schema: public; Owner: manav1011
--

ALTER TABLE ONLY public."Session_attendance"
    ADD CONSTRAINT "Session_attendance_coordinates_id_1a2075b1_fk_Manage_gp" FOREIGN KEY (coordinates_id) REFERENCES public."Manage_gpscoordinates"(id) DEFERRABLE INITIALLY DEFERRED;


--
-- Name: Session_attendance Session_attendance_student_id_7f7d633d_fk_StakeHold; Type: FK CONSTRAINT; Schema: public; Owner: manav1011
--

ALTER TABLE ONLY public."Session_attendance"
    ADD CONSTRAINT "Session_attendance_student_id_7f7d633d_fk_StakeHold" FOREIGN KEY (student_id) REFERENCES public."StakeHolders_student"(id) DEFERRABLE INITIALLY DEFERRED;


--
-- Name: Session_session_attendances Session_session_atte_attendance_id_0a249a4e_fk_Session_a; Type: FK CONSTRAINT; Schema: public; Owner: manav1011
--

ALTER TABLE ONLY public."Session_session_attendances"
    ADD CONSTRAINT "Session_session_atte_attendance_id_0a249a4e_fk_Session_a" FOREIGN KEY (attendance_id) REFERENCES public."Session_attendance"(id) DEFERRABLE INITIALLY DEFERRED;


--
-- Name: Session_session_attendances Session_session_atte_session_id_57d5e734_fk_Session_s; Type: FK CONSTRAINT; Schema: public; Owner: manav1011
--

ALTER TABLE ONLY public."Session_session_attendances"
    ADD CONSTRAINT "Session_session_atte_session_id_57d5e734_fk_Session_s" FOREIGN KEY (session_id) REFERENCES public."Session_session"(id) DEFERRABLE INITIALLY DEFERRED;


--
-- Name: Session_session Session_session_lecture_id_72137d89_fk_Manage_lecture_id; Type: FK CONSTRAINT; Schema: public; Owner: manav1011
--

ALTER TABLE ONLY public."Session_session"
    ADD CONSTRAINT "Session_session_lecture_id_72137d89_fk_Manage_lecture_id" FOREIGN KEY (lecture_id) REFERENCES public."Manage_lecture"(id) DEFERRABLE INITIALLY DEFERRED;


--
-- Name: StakeHolders_admin StakeHolders_admin_profile_id_3beb2d28_fk_Profile_profile_id; Type: FK CONSTRAINT; Schema: public; Owner: manav1011
--

ALTER TABLE ONLY public."StakeHolders_admin"
    ADD CONSTRAINT "StakeHolders_admin_profile_id_3beb2d28_fk_Profile_profile_id" FOREIGN KEY (profile_id) REFERENCES public."Profile_profile"(id) DEFERRABLE INITIALLY DEFERRED;


--
-- Name: StakeHolders_student StakeHolders_student_profile_id_f29f63f8_fk_Profile_profile_id; Type: FK CONSTRAINT; Schema: public; Owner: manav1011
--

ALTER TABLE ONLY public."StakeHolders_student"
    ADD CONSTRAINT "StakeHolders_student_profile_id_f29f63f8_fk_Profile_profile_id" FOREIGN KEY (profile_id) REFERENCES public."Profile_profile"(id) DEFERRABLE INITIALLY DEFERRED;


--
-- Name: StakeHolders_teacher_web_push_subscription StakeHolders_teacher_notificationsubscrip_3bf17886_fk_StakeHold; Type: FK CONSTRAINT; Schema: public; Owner: manav1011
--

ALTER TABLE ONLY public."StakeHolders_teacher_web_push_subscription"
    ADD CONSTRAINT "StakeHolders_teacher_notificationsubscrip_3bf17886_fk_StakeHold" FOREIGN KEY (notificationsubscriptions_id) REFERENCES public."StakeHolders_notificationsubscriptions"(id) DEFERRABLE INITIALLY DEFERRED;


--
-- Name: StakeHolders_teacher StakeHolders_teacher_profile_id_59ce405d_fk_Profile_profile_id; Type: FK CONSTRAINT; Schema: public; Owner: manav1011
--

ALTER TABLE ONLY public."StakeHolders_teacher"
    ADD CONSTRAINT "StakeHolders_teacher_profile_id_59ce405d_fk_Profile_profile_id" FOREIGN KEY (profile_id) REFERENCES public."Profile_profile"(id) DEFERRABLE INITIALLY DEFERRED;


--
-- Name: StakeHolders_teacher_web_push_subscription StakeHolders_teacher_teacher_id_8764929f_fk_StakeHold; Type: FK CONSTRAINT; Schema: public; Owner: manav1011
--

ALTER TABLE ONLY public."StakeHolders_teacher_web_push_subscription"
    ADD CONSTRAINT "StakeHolders_teacher_teacher_id_8764929f_fk_StakeHold" FOREIGN KEY (teacher_id) REFERENCES public."StakeHolders_teacher"(id) DEFERRABLE INITIALLY DEFERRED;


--
-- Name: auth_group_permissions auth_group_permissio_permission_id_84c5c92e_fk_auth_perm; Type: FK CONSTRAINT; Schema: public; Owner: manav1011
--

ALTER TABLE ONLY public.auth_group_permissions
    ADD CONSTRAINT auth_group_permissio_permission_id_84c5c92e_fk_auth_perm FOREIGN KEY (permission_id) REFERENCES public.auth_permission(id) DEFERRABLE INITIALLY DEFERRED;


--
-- Name: auth_group_permissions auth_group_permissions_group_id_b120cbf9_fk_auth_group_id; Type: FK CONSTRAINT; Schema: public; Owner: manav1011
--

ALTER TABLE ONLY public.auth_group_permissions
    ADD CONSTRAINT auth_group_permissions_group_id_b120cbf9_fk_auth_group_id FOREIGN KEY (group_id) REFERENCES public.auth_group(id) DEFERRABLE INITIALLY DEFERRED;


--
-- Name: auth_permission auth_permission_content_type_id_2f476e4b_fk_django_co; Type: FK CONSTRAINT; Schema: public; Owner: manav1011
--

ALTER TABLE ONLY public.auth_permission
    ADD CONSTRAINT auth_permission_content_type_id_2f476e4b_fk_django_co FOREIGN KEY (content_type_id) REFERENCES public.django_content_type(id) DEFERRABLE INITIALLY DEFERRED;


--
-- Name: django_admin_log django_admin_log_content_type_id_c4bce8eb_fk_django_co; Type: FK CONSTRAINT; Schema: public; Owner: manav1011
--

ALTER TABLE ONLY public.django_admin_log
    ADD CONSTRAINT django_admin_log_content_type_id_c4bce8eb_fk_django_co FOREIGN KEY (content_type_id) REFERENCES public.django_content_type(id) DEFERRABLE INITIALLY DEFERRED;


--
-- Name: django_admin_log django_admin_log_user_id_c564eba6_fk_Profile_profile_id; Type: FK CONSTRAINT; Schema: public; Owner: manav1011
--

ALTER TABLE ONLY public.django_admin_log
    ADD CONSTRAINT "django_admin_log_user_id_c564eba6_fk_Profile_profile_id" FOREIGN KEY (user_id) REFERENCES public."Profile_profile"(id) DEFERRABLE INITIALLY DEFERRED;


--
-- Name: token_blacklist_blacklistedtoken token_blacklist_blacklistedtoken_token_id_3cc7fe56_fk; Type: FK CONSTRAINT; Schema: public; Owner: manav1011
--

ALTER TABLE ONLY public.token_blacklist_blacklistedtoken
    ADD CONSTRAINT token_blacklist_blacklistedtoken_token_id_3cc7fe56_fk FOREIGN KEY (token_id) REFERENCES public.token_blacklist_outstandingtoken(id) DEFERRABLE INITIALLY DEFERRED;


--
-- Name: token_blacklist_outstandingtoken token_blacklist_outs_user_id_83bc629a_fk_Profile_p; Type: FK CONSTRAINT; Schema: public; Owner: manav1011
--

ALTER TABLE ONLY public.token_blacklist_outstandingtoken
    ADD CONSTRAINT "token_blacklist_outs_user_id_83bc629a_fk_Profile_p" FOREIGN KEY (user_id) REFERENCES public."Profile_profile"(id) DEFERRABLE INITIALLY DEFERRED;


--
-- PostgreSQL database dump complete
--

